"sample.date","lake","site","sample.type","sample.depth.ft","sample.depth.m","exetainer.code","water.volume.ml","headspace.volume.ml","headspace.gas","headspace.equil.temp.c","bp.mm.hg","sample","n2o.ppm","co2.ppm","ch4.ppm","flag.n2o","flag.co2","flag.ch4","sampleNum"
2017-05-26,"acton","u14","dg",NA,0.1,"ACT170070",110,30,"he",NA,737.3,"ACT170070",0.808979049174559,1494.96895290782,83.3605440242364,NA,NA,NA,"170070"
2017-05-26,"acton","u14","dg",NA,0.1,"ACT170071",110,30,"he",NA,737.3,"ACT170071",0.843021987187371,1653.27541022722,176.800499576778,NA,NA,NA,"170071"
2017-05-26,"acton","u12","dg",NA,0.1,"ACT170081",107,33,"he",NA,737.1,"ACT170081",0.671711139337967,604.59292433771,159.469094781545,NA,NA,NA,"170081"
2017-05-26,"acton","u12","dg",NA,0.1,"ACT170082",107,33,"he",NA,737.1,"ACT170082",0.569210045296963,526.114625264564,34.2793541519373,NA,NA,NA,"170082"
2017-05-26,"acton","u14","air",NA,NA,"ACT170072",NA,NA,NA,NA,737.3,"ACT170072",0.311601737080938,550.444475041084,37.6530571045582,NA,NA,NA,"170072"
2017-05-26,"acton","u14","air",NA,NA,"ACT170073",NA,NA,NA,NA,737.3,"ACT170073",0.310213355076956,482.765932765335,16.7422529463816,NA,NA,NA,"170073"
2017-05-26,"acton","u14","air",NA,NA,"ACT170074",NA,NA,NA,NA,737.3,"ACT170074",0.310711748616847,484.319927928711,10.9519879226711,NA,NA,NA,"170074"
2017-05-26,"acton","u12","air",NA,NA,"ACT170078",NA,NA,NA,NA,737.1,"ACT170078",0.262266888555568,453.844439870502,162.585702224965,NA,NA,NA,"170078"
2017-05-26,"acton","u12","air",NA,NA,"ACT170079",NA,NA,NA,NA,737.1,"ACT170079",0.307970584147446,487.391191634171,117.704038730397,NA,NA,NA,"170079"
2017-05-26,"acton","u12","air",NA,NA,"ACT170080",NA,NA,NA,NA,737.1,"ACT170080",0.318597046408694,510.978864158317,179.357872426001,NA,NA,NA,"170080"
2017-06-09,"acton","u14","dg",NA,0.1,"ACT170100",115,25,"he",24,737.1,"ACT170100",1.22647038983471,252.591597303262,146.747550972259,NA,NA,NA,"170100"
2017-06-09,"acton","u14","dg",NA,0.1,"ACT170101",115,25,"he",24,737.1,"ACT170101",1.26897235679482,278.256628620662,150.082121617421,NA,NA,NA,"170101"
2017-06-09,"acton","u14","dg",NA,0.1,"ACT170102",115,25,"he",24,737.1,"ACT170102",1.26657321900047,267.960467618719,154.190229026665,NA,NA,NA,"170102"
2017-06-09,"acton","u12","dg",NA,0.1,"ACT170092",115,25,"he",24.5,737.9,"ACT170092",0.751027462107793,111.592661346305,54.0492972256144,NA,NA,NA,"170092"
2017-06-09,"acton","u12","dg",NA,0.1,"ACT170093",115,25,"he",24.5,737.9,"ACT170093",0.758100782156627,121.607893376811,55.037342184809,NA,NA,NA,"170093"
2017-06-09,"acton","u12","dg",NA,0.1,"ACT170094",115,25,"he",24.5,737.9,"ACT170094",0.761906311071789,121.797463333146,55.3290076304293,NA,NA,NA,"170094"
2017-06-09,"acton","u14","air",NA,NA,"ACT170097",NA,NA,NA,NA,737.1,"ACT170097",0.308860572611537,503.564677485196,60.1011198592256,NA,NA,NA,"170097"
2017-06-09,"acton","u14","air",NA,NA,"ACT170098",NA,NA,NA,NA,737.1,"ACT170098",0.303574041134836,566.853827624917,207.316905067941,NA,NA,NA,"170098"
2017-06-09,"acton","u14","air",NA,NA,"ACT170099",NA,NA,NA,NA,737.1,"ACT170099",0.303235845518481,534.429847265578,188.367978941327,NA,NA,NA,"170099"
2017-06-09,"acton","u12","air",NA,NA,"ACT170089",NA,NA,NA,NA,737.9,"ACT170089",0.305478616447991,468.63077439596,1.66058017767829,NA,NA,NA,"170089"
2017-06-09,"acton","u12","air",NA,NA,"ACT170090",NA,NA,NA,NA,737.9,"ACT170090",0.313257115624147,471.504632511981,1.70869793551354,NA,NA,NA,"170090"
2017-06-09,"acton","u12","air",NA,NA,"ACT170091",NA,NA,NA,NA,737.9,"ACT170091",0.308059582993855,459.325166726352,1.74077644073704,NA,NA,NA,"170091"
2017-06-26,"acton","u14","dg",NA,0.1,"ACT170112",110,30,"he",22.5,765,"ACT170112",1.58592741453864,1175.61375679573,61.3884137875033,NA,NA,NA,"170112"
2017-06-26,"acton","u14","dg",NA,0.1,"ACT170113",110,30,"he",22.5,765,"ACT170113",1.57326989445125,1187.40779662803,62.4940293139246,NA,NA,NA,"170113"
2017-06-26,"acton","u14","dg",NA,0.1,"ACT170114",110,30,"he",23,765,"ACT170114",1.60660963690365,1163.42246111068,67.5699124566974,NA,NA,NA,"170114"
2017-06-26,"acton","u12","dg",NA,0.1,"ACT170120",110,30,"he",24,765,"ACT170120",1.95543599931196,929.092178379751,32.8165049789422,NA,NA,NA,"170120"
2017-06-26,"acton","u12","dg",NA,0.1,"ACT170121",110,30,"he",24,765,"ACT170121",1.96267477713972,1091.86168359582,34.3697930498041,NA,NA,NA,"170121"
2017-06-26,"acton","u12","dg",NA,0.1,"ACT170122",110,30,"he",24,765,"ACT170122",1.75847919572995,1085.71029832498,27.1634858740663,NA,NA,NA,"170122"
2017-06-26,"acton","u14","air",NA,NA,"ACT170115",NA,NA,NA,NA,765,"ACT170115",0.308842772842255,457.250112623411,48.4115965878289,NA,NA,NA,"170115"
2017-06-26,"acton","u14","air",NA,NA,"ACT170116",NA,NA,NA,NA,765,"ACT170116",0.309519164074965,478.847661356351,76.0777099403343,NA,NA,NA,"170116"
2017-06-26,"acton","u14","air",NA,NA,"ACT170117",NA,NA,NA,NA,765,"ACT170117",0.352060612658521,517.727380820539,49.683184200879,NA,NA,NA,"170117"
2017-06-26,"acton","u12","air",NA,NA,"ACT170123",NA,NA,NA,NA,765,"ACT170123",0.30839777861021,496.641709371842,65.466765447864,NA,NA,NA,"170123"
2017-06-26,"acton","u12","air",NA,NA,"ACT170124",NA,NA,NA,NA,765,"ACT170124",0.318098652868803,424.586373812725,79.3270704301107,NA,NA,NA,"170124"
2017-06-26,"acton","u12","air",NA,NA,"ACT170125",NA,NA,NA,NA,765,"ACT170125",0.319718431873449,466.636059777093,12.3870653716849,NA,NA,NA,"170125"
2017-07-10,"acton","u14","dg",NA,0.1,"ACT170129",NA,NA,"he",21,739.1,"ACT170129",1.64640726120541,307.372087212346,60.5507790110877,NA,NA,NA,"170129"
2017-07-10,"acton","u14","dg",NA,0.1,"ACT170130",NA,NA,"he",21,739.1,"ACT170130",1.60861930531862,457.535938519574,54.8188400313469,NA,NA,NA,"170130"
2017-07-10,"acton","u12","dg",NA,0.1,"ACT170134",NA,NA,"he",24,738.8,"ACT170134",2.19986742226803,219.300417112451,36.4520538814483,NA,NA,NA,"170134"
2017-07-10,"acton","u12","dg",NA,0.1,"ACT170135",NA,NA,"he",24,738.8,"ACT170135",2.22887535257733,221.05366253451,32.6173531838907,NA,NA,NA,"170135"
2017-07-10,"acton","u14","air",NA,NA,"ACT170127",NA,NA,NA,NA,739.1,"ACT170127",0.309821760152756,439.736105095264,1.93859388961529,NA,NA,NA,"170127"
2017-07-10,"acton","u14","air",NA,NA,"ACT170128",NA,NA,NA,NA,739.1,"ACT170128",0.307667988069655,441.664252713042,1.91186180192904,NA,NA,NA,"170128"
2017-07-10,"acton","u14","air",NA,NA,"ACT170126",NA,NA,NA,NA,739.1,"ACT170126",0.311210142156738,448.488518031676,1.99740448252504,NA,NA,NA,"170126"
2017-07-10,"acton","u12","air",NA,NA,"ACT170131",NA,NA,NA,NA,738.8,"ACT170131",0.309412365459274,436.25166690028,1.82899233010167,NA,NA,NA,"170131"
2017-07-10,"acton","u12","air",NA,NA,"ACT170132",NA,NA,NA,NA,738.8,"ACT170132",0.306208406988546,435.900468584185,1.82631912133304,NA,NA,NA,"170132"
2017-07-10,"acton","u12","air",NA,NA,"ACT170133",NA,NA,NA,NA,738.8,"ACT170133",0.308735974226564,445.614659915655,1.93324747207804,NA,NA,NA,"170133"
2017-07-14,"acton","u14","dg",NA,0.1,"ACT170189",115,25,"he",27,742.1,"ACT170189",1.16768452501422,381.715943327045,144.906340124872,NA,NA,1,"170189"
2017-07-14,"acton","u14","dg",NA,0.1,"ACT170190",115,25,"he",28,742.1,"ACT170190",1.1653746079446,378.520097823904,141.769209566581,NA,NA,1,"170190"
2017-07-14,"acton","u14","dg",NA,0.1,"ACT170191",115,25,"he",28,742.1,"ACT170191",1.14916603732051,383.850369511522,467.187472962623,NA,NA,1,"170191"
2017-07-14,"acton","u12","dg",NA,0.1,"ACT170180",115,25,"he",28,742.1,"ACT170180",1.29686370079731,188.127428161033,128.582707970359,NA,NA,NA,"170180"
2017-07-14,"acton","u12","dg",NA,0.1,"ACT170181",115,25,"he",28,742.1,"ACT170181",1.29510189964251,184.769356997833,92.8862987803857,NA,NA,NA,"170181"
2017-07-14,"acton","u12","dg",NA,0.1,"ACT170182",115,25,"he",28,742.1,"ACT170182",1.29917361786692,178.210805312633,147.604947056735,NA,NA,NA,"170182"
2017-07-14,"acton","u14","air",NA,NA,"ACT170186",NA,NA,NA,NA,742.1,"ACT170186",0.307431183459548,473.468927052776,31.3528969155221,NA,NA,NA,"170186"
2017-07-14,"acton","u14","air",NA,NA,"ACT170187",NA,NA,NA,NA,742.1,"ACT170187",0.30649092432629,456.07618826748,24.948549304961,NA,NA,NA,"170187"
2017-07-14,"acton","u14","air",NA,NA,"ACT170188",NA,NA,NA,NA,742.1,"ACT170188",0.30357796465855,466.026286870432,39.4831377574371,NA,NA,NA,"170188"
2017-07-14,"acton","u12","air",NA,NA,"ACT170177",NA,NA,NA,NA,742.1,"ACT170177",0.307431183459548,521.887004923532,202.593788501276,NA,NA,NA,"170177"
2017-07-14,"acton","u12","air",NA,NA,"ACT170178",NA,NA,NA,NA,742.1,"ACT170178",0.310049159869796,507.945955763259,115.809594262813,NA,NA,NA,"170178"
2017-07-14,"acton","u12","air",NA,NA,"ACT170179",NA,NA,NA,NA,742.1,"ACT170179",0.306454051419104,521.998214376496,194.187510422965,NA,NA,NA,"170179"
2017-07-26,"acton","u14","dg",NA,0.1,"ACT170206",115,25,"he",29,743.5,"ACT170206",1.70636501587632,326.841955057729,40.2481309157553,NA,NA,1,"170206"
2017-07-26,"acton","u14","dg",NA,0.1,"ACT170207",115,25,"he",29,743.5,"ACT170207",1.75140839873385,314.832621194581,42.6595491212721,NA,NA,1,"170207"
2017-07-26,"acton","u14","dg",NA,0.1,"ACT170208",115,25,"he",29,743.5,"ACT170208",1.68500807076655,333.537239799263,40.9604267549234,NA,NA,1,"170208"
2017-07-26,"acton","u12","dg",NA,0.1,"ACT170194",115,25,"he",28,743.5,"ACT170194",2.637238358175,452.182135037361,37.3173303275118,NA,NA,1,"170194"
2017-07-26,"acton","u12","dg",NA,0.1,"ACT170195",115,25,"he",28,743.5,"ACT170195",2.608430694576,489.463909228108,38.3560950929652,NA,NA,1,"170195"
2017-07-26,"acton","u12","dg",NA,0.1,"ACT170196",115,25,"he",28,743.5,"ACT170196",2.542400040531,533.033086500815,37.9455356856669,NA,NA,NA,"170196"
2017-07-26,"acton","u14","air",NA,NA,"ACT170203",NA,NA,NA,NA,743.5,"ACT170203",0.312482771744111,518.311516096153,198.345884555064,NA,NA,NA,"170203"
2017-07-26,"acton","u14","air",NA,NA,"ACT170204",NA,NA,NA,NA,743.5,"ACT170204",0.339252502361575,514.119129548557,151.771332319693,NA,NA,NA,"170204"
2017-07-26,"acton","u14","air",NA,NA,"ACT170205",NA,NA,NA,NA,743.5,"ACT170205",0.308518934221553,514.822057222954,255.547816214613,NA,NA,NA,"170205"
2017-07-26,"acton","u12","air",NA,NA,"ACT170197",NA,NA,NA,NA,743.5,"ACT170197",0.351291506557996,518.049229650482,29.1440796040845,NA,NA,NA,"170197"
2017-07-26,"acton","u12","air",NA,NA,"ACT170198",NA,NA,NA,NA,743.5,"ACT170198",0.312538081104891,534.086472084553,87.4637846508136,NA,NA,NA,"170198"
2017-07-26,"acton","u12","air",NA,NA,"ACT170199",NA,NA,NA,NA,743.5,"ACT170199",0.311155347085394,512.268436387907,10.8204487607804,NA,NA,NA,"170199"
2017-08-09,"acton","u14","dg",NA,0.1,"ACT170225",115,25,"he",26,746.9,"ACT170225",3.314372269656,185.772838580763,40.8887025211183,NA,NA,1,"170225"
2017-08-09,"acton","u14","dg",NA,0.1,"ACT170226",115,25,"he",27,746.9,"ACT170226",3.303939642451,203.052188886364,39.8919829961713,NA,NA,1,"170226"
2017-08-09,"acton","u14","dg",NA,0.1,"ACT170227",115,25,"he",26,746.9,"ACT170227",3.296948429096,228.938769212754,39.1871069053279,NA,NA,1,"170227"
2017-08-09,"acton","u12","dg",NA,0.1,"ACT170212",115,25,"he",25,746.4,"ACT170212",2.667891779871,300.315742128824,22.3631028891144,NA,NA,1,"170212"
2017-08-09,"acton","u12","dg",NA,0.1,"ACT170213",115,25,"he",24,746.4,"ACT170213",2.606663363219,291.541651429118,22.0890692757016,NA,NA,1,"170213"
2017-08-09,"acton","u12","dg",NA,0.1,"ACT170214",115,25,"he",25,746.4,"ACT170214",2.6664793692,295.845266439513,22.4455357646939,NA,NA,1,"170214"
2017-08-09,"acton","u14","air",NA,NA,"ACT170222",NA,NA,NA,NA,746.9,"ACT170222",0.312962119537537,485.267620524813,57.9707756418217,NA,NA,NA,"170222"
2017-08-09,"acton","u14","air",NA,NA,"ACT170223",NA,NA,NA,NA,746.9,"ACT170223",0.314400162917814,486.690262206129,61.585574452237,NA,NA,NA,"170223"
2017-08-09,"acton","u14","air",NA,NA,"ACT170224",NA,NA,NA,NA,746.9,"ACT170224",0.314510781639373,508.96362717246,166.128485702024,NA,NA,NA,"170224"
2017-08-09,"acton","u12","air",NA,NA,"ACT170230",NA,NA,NA,NA,746.4,"ACT170230",0.308555807128739,523.513180886688,68.9496572599265,NA,NA,NA,"170230"
2017-08-09,"acton","u12","air",NA,NA,"ACT170231",NA,NA,NA,NA,746.4,"ACT170231",0.311819059414752,506.061689937562,37.0236889613991,NA,NA,NA,"170231"
2017-08-09,"acton","u12","air",NA,NA,"ACT170232",NA,NA,NA,NA,746.4,"ACT170232",0.310270397312916,475.829505063809,12.3089357178242,NA,NA,NA,"170232"
2017-08-09,"acton","u14","dg",NA,0.75,"ACT170228",110,30,"he",26,746.9,"ACT170228",3.114899118824,226.273633368945,34.5002992135798,NA,NA,1,"170228"
2017-08-09,"acton","u14","dg",NA,1.3,"ACT170229",110,30,"he",24,746.9,"ACT170229",2.813054096819,552.267330448373,107.938494881694,NA,NA,1,"170229"
2017-08-09,"acton","u12","dg",NA,2,"ACT170215",110,30,"he",24,746.4,"ACT170215",3.229803644319,564.520397894764,59.8362664928766,NA,NA,1,"170215"
2017-08-09,"acton","u12","dg",NA,4,"ACT170216",110,30,"he",24,746.4,"ACT170216",8.789653935475,4009.86036316163,134.127733218327,NA,NA,1,"170216"
2017-08-09,"acton","u12","dg",NA,6,"ACT170217",110,30,"he",24,746.4,"ACT170217",0.0817690199050909,7941.77160996589,18315.6487248548,NA,NA,1,"170217"
2017-08-09,"acton","u12","dg",NA,7,"ACT170218",110,30,"he",24,746.4,"ACT170218",0.0881506551991182,9451.33776043263,28779.2097188471,NA,NA,1,"170218"
2017-08-24,"acton","u14","dg",NA,0.1,"ACT170259",115,25,"he",25,743.2,"ACT170259",5.19015369394677,641.072383033585,74.0750534972399,NA,NA,NA,"170259"
2017-08-24,"acton","u14","dg",NA,0.1,"ACT170260",115,25,"he",25,743.2,"ACT170260",5.09912007385044,697.59354728838,72.1644746949011,NA,NA,NA,"170260"
2017-08-24,"acton","u14","dg",NA,0.1,"ACT170261",115,25,"he",25,743.2,"ACT170261",5.13765401666661,613.550770191497,408.59445476335,NA,NA,NA,"170261"
2017-08-24,"acton","u12","dg",NA,0.1,"ACT170249",115,25,"he",25.5,743.2,"ACT170249",4.14631245427488,536.893691519146,18.233321743492,NA,NA,NA,"170249"
2017-08-24,"acton","u12","dg",NA,0.1,"ACT170250",115,25,"he",25.5,743.2,"ACT170250",4.40023862774477,380.368618662996,18.2433027951272,NA,NA,NA,"170250"
2017-08-24,"acton","u12","dg",NA,0.1,"ACT170251",115,25,"he",25.5,743.2,"ACT170251",4.29181448954938,370.798620107887,19.6885590718993,NA,NA,NA,"170251"
2017-08-24,"acton","u14","air",NA,NA,"ACT170256",NA,NA,NA,NA,743.2,"ACT170256",NA,NA,NA,NA,NA,NA,NA
2017-08-24,"acton","u14","air",NA,NA,"ACT170257",NA,NA,NA,NA,743.2,"ACT170257",NA,NA,NA,NA,NA,NA,NA
2017-08-24,"acton","u14","air",NA,NA,"ACT170258",NA,NA,NA,NA,743.2,"ACT170258",NA,NA,NA,NA,NA,NA,NA
2017-08-24,"acton","u12","air",NA,NA,"ACT170246",NA,NA,NA,NA,743.2,"ACT170246",NA,NA,NA,NA,NA,NA,NA
2017-08-24,"acton","u12","air",NA,NA,"ACT170247",NA,NA,NA,NA,743.2,"ACT170247",NA,NA,NA,NA,NA,NA,NA
2017-08-24,"acton","u12","air",NA,NA,"ACT170248",NA,NA,NA,NA,743.2,"ACT170248",NA,NA,NA,NA,NA,NA,NA
2017-08-24,"acton","u12","dg",NA,7,"ACT170252",115,25,"he",24,743.2,"ACT170252",0.14639075306064,12917.9944971773,53850.2440713243,NA,NA,NA,"170252"
2017-08-24,"acton","u14","dg",NA,1,"ACT170262",115,25,"he",24.5,743.2,"ACT170262",5.21388108715503,740.865191978995,60.4985564448587,NA,NA,NA,"170262"
2017-08-31,"acton","u14","dg",NA,0.1,"ACT170266",115,25,"he",25.5,743.6,"ACT170266",3.29071126841336,537.676599518717,75.1210215832885,NA,NA,NA,"170266"
2017-08-31,"acton","u14","dg",NA,0.1,"ACT170267",115,25,"he",25.5,743.6,"ACT170267",3.29889383530195,637.229742749973,71.4917653814948,NA,NA,NA,"170267"
2017-08-31,"acton","u14","dg",NA,0.1,"ACT170268",115,25,"he",25,743.6,"ACT170268",3.35947354103851,425.943639491693,70.2560046991873,NA,NA,NA,"170268"
2017-08-31,"acton","u12","dg",NA,0.1,"ACT170274",115,25,"he",27,743.1,"ACT170274",3.97388382670786,170.201703737255,21.9921857892957,NA,NA,NA,"170274"
2017-08-31,"acton","u12","dg",NA,0.1,"ACT170275",115,25,"he",26.5,743.1,"ACT170275",3.78244457381322,171.726710824843,26.4856552354477,NA,NA,NA,"170275"
2017-08-31,"acton","u12","dg",NA,0.1,"ACT170276",115,25,"he",26.5,743.1,"ACT170276",3.98547066954508,136.377885178111,21.0639479872252,NA,NA,NA,"170276"
2017-08-31,"acton","u14","air",NA,NA,"ACT170263",NA,NA,NA,NA,743.6,"ACT170263",NA,NA,NA,NA,NA,NA,NA
2017-08-31,"acton","u14","air",NA,NA,"ACT170264",NA,NA,NA,NA,743.6,"ACT170264",NA,NA,NA,NA,NA,NA,NA
2017-08-31,"acton","u14","air",NA,NA,"ACT170265",NA,NA,NA,NA,743.6,"ACT170265",NA,NA,NA,NA,NA,NA,NA
2017-08-31,"acton","u12","air",NA,NA,"ACT170271",NA,NA,NA,NA,743.1,"ACT170271",NA,NA,NA,NA,NA,NA,NA
2017-08-31,"acton","u12","air",NA,NA,"ACT170272",NA,NA,NA,NA,743.1,"ACT170272",NA,NA,NA,NA,NA,NA,NA
2017-08-31,"acton","u12","air",NA,NA,"ACT170273",NA,NA,NA,NA,743.1,"ACT170273",NA,NA,NA,NA,NA,NA,NA
2017-09-15,"acton","u14","dg",NA,0.1,"ACT170334",115,25,"he",23.5,743.3,"ACT170334",2.91136588818,258.100525046426,21.2226784022334,NA,NA,NA,"170334"
2017-09-15,"acton","u14","dg",NA,0.1,"ACT170335",115,25,"he",23.5,743.3,"ACT170335",2.84463764322,246.313847903732,22.559814180962,NA,NA,NA,"170335"
2017-09-15,"acton","u14","dg",NA,0.1,"ACT170336",115,25,"he",23.5,743.3,"ACT170336",2.8444039205,242.4528799589,22.7555941859471,NA,NA,NA,"170336"
2017-09-15,"acton","u12","dg",NA,0.1,"ACT170354",115,25,"he",23,744.6,"ACT170354",5.66418902432,933.558983129578,17.0800568073875,NA,NA,NA,"170354"
2017-09-15,"acton","u12","dg",NA,0.1,"ACT170355",115,25,"he",23,744.6,"ACT170355",5.66214567938,837.024397659694,17.3091610685403,NA,NA,NA,"170355"
2017-09-15,"acton","u12","dg",NA,0.1,"ACT170356",115,25,"he",23,744.6,"ACT170356",5.51851409282,935.894543345915,53.8151614877165,NA,NA,NA,"170356"
2017-09-15,"acton","u14","air",NA,NA,"ACT170339",NA,NA,NA,NA,743.3,"ACT170339",NA,NA,NA,NA,NA,NA,NA
2017-09-15,"acton","u14","air",NA,NA,"ACT170340",NA,NA,NA,NA,743.3,"ACT170340",NA,NA,NA,NA,NA,NA,NA
2017-09-15,"acton","u14","air",NA,NA,"ACT170341",NA,NA,NA,NA,743.3,"ACT170341",NA,NA,NA,NA,NA,NA,NA
2017-09-15,"acton","u12","air",NA,NA,"ACT170331",NA,NA,NA,NA,744.6,"ACT170331",NA,NA,NA,NA,NA,NA,NA
2017-09-15,"acton","u12","air",NA,NA,"ACT170332",NA,NA,NA,NA,744.6,"ACT170332",NA,NA,NA,NA,NA,NA,NA
2017-09-15,"acton","u12","air",NA,NA,"ACT170333",NA,NA,NA,NA,744.6,"ACT170333",NA,NA,NA,NA,NA,NA,NA
2017-09-15,"acton","u14","dg",NA,1,"ACT170337",115,25,"he",24,743.3,"ACT170337",2.76549170402,227.330755508309,65.1573586699886,NA,NA,NA,"170337"
2017-09-15,"acton","u14","dg",NA,1.3,"ACT170338",115,25,"he",24,743.3,"ACT170338",2.41398925458,399.873122998454,99.1111504916298,NA,NA,NA,"170338"
2017-09-15,"acton","u12","dg",NA,7,"ACT170357",115,25,"he",22.5,744.6,"ACT170357",3.68116474178,3968.88457404962,109.810630100214,NA,NA,NA,"170357"
2017-09-15,"acton","u12","dg",NA,6,"ACT170358",115,25,"he",22.5,744.6,"ACT170358",4.09418932128,2710.27272235566,99.3191497064156,NA,NA,NA,"170358"
2017-09-15,"acton","u12","dg",NA,4,"ACT170359",115,25,"he",23,744.6,"ACT170359",6.11268694178,2380.15667053833,217.688426824476,NA,NA,NA,"170359"
2017-09-15,"acton","u12","dg",NA,2,"ACT170360",115,25,"he",23,744.6,"ACT170360",5.7840178245,1982.26174078712,9.3362679569073,NA,NA,NA,"170360"
2017-09-21,"acton","u14","dg",NA,0.1,"ACT170367",115,25,"he",28,743.3,"ACT170367",1.98832115151643,178.167763677453,19.9167841136621,NA,NA,NA,"170367"
2017-09-21,"acton","u14","dg",NA,0.1,"ACT170368",115,25,"he",28,743.3,"ACT170368",1.88584553858,184.519055946701,19.0253602611764,NA,NA,NA,"170368"
2017-09-21,"acton","u14","dg",NA,0.1,"ACT170369",115,25,"he",28,743.3,"ACT170369",1.91899906208,130.238136606751,18.0381291722085,NA,NA,NA,"170369"
2017-09-21,"acton","u12","dg",NA,0.1,"ACT170349",115,25,"he",27,743.3,"ACT170349",2.31029617922,224.846866130468,34.2195554627422,NA,NA,NA,"170349"
2017-09-21,"acton","u12","dg",NA,0.1,"ACT170350",115,25,"he",27,743.3,"ACT170350",2.33011463522,216.867532377816,31.4094860709854,NA,NA,NA,"170350"
2017-09-21,"acton","u12","dg",NA,0.1,"ACT170351",115,25,"he",27,743.3,"ACT170351",2.21695889672,228.697109164342,33.8118770017619,NA,NA,NA,"170351"
2017-09-21,"acton","u14","air",NA,NA,"ACT170370",NA,NA,NA,NA,743.3,"ACT170370",NA,NA,NA,NA,NA,NA,NA
2017-09-21,"acton","u14","air",NA,NA,"ACT170371",NA,NA,NA,NA,743.3,"ACT170371",NA,NA,NA,NA,NA,NA,NA
2017-09-21,"acton","u14","air",NA,NA,"ACT170372",NA,NA,NA,NA,743.3,"ACT170372",NA,NA,NA,NA,NA,NA,NA
2017-09-21,"acton","u12","air",NA,NA,"ACT170346",NA,NA,NA,NA,743.3,"ACT170346",NA,NA,NA,NA,NA,NA,NA
2017-09-21,"acton","u12","air",NA,NA,"ACT170347",NA,NA,NA,NA,743.3,"ACT170347",NA,NA,NA,NA,NA,NA,NA
2017-09-21,"acton","u12","air",NA,NA,"ACT170348",NA,NA,NA,NA,743.3,"ACT170348",NA,NA,NA,NA,NA,NA,NA
2017-09-21,"acton","u14","dg",NA,0.75,"ACT170373",115,25,"he",27.5,743.3,"ACT170373",1.98517299468656,508.799608650922,16.8842768024023,NA,NA,NA,"170373"
2017-09-21,"acton","u14","dg",NA,1.3,"ACT170374",115,25,"he",27.5,743.3,"ACT170374",2.23459646082,851.34421795921,146.764044431458,NA,NA,NA,"170374"
2017-09-21,"acton","u12","dg",NA,7,"ACT170352",115,25,"he",27,743.3,"ACT170352",8.10689508872,5653.38213352463,10602.0138312377,NA,NA,NA,"170352"
2017-09-21,"acton","u12","dg",NA,6,"ACT170353",115,25,"he",27,743.3,"ACT170353",0.304888836130013,4729.3541115845,3269.55204177264,NA,NA,NA,"170353"
2017-09-21,"acton","u12","dg",NA,4,"ACT170362",115,25,"he",27,743.3,"ACT170362",0.413490346896447,3662.64576039809,473.238818075283,NA,NA,NA,"170362"
2017-09-21,"acton","u12","dg",NA,2,"ACT170363",115,25,"he",26,743.3,"ACT170363",2.91564806402,400.443688261412,33.722437339404,NA,NA,NA,"170363"
2017-10-04,"acton","u14","dg",NA,0.1,"ACT170375",115,25,"he",23.5,750,"ACT170375",0.804990378324832,311.251038771418,68.0381477947725,NA,NA,NA,"170375"
2017-10-04,"acton","u14","dg",NA,0.1,"ACT170376",115,25,"he",23,750,"ACT170376",0.792437350462313,338.037576379783,69.9954204059073,NA,NA,NA,"170376"
2017-10-04,"acton","u14","dg",NA,0.1,"ACT170377",115,25,"he",23,750,"ACT170377",0.782676084316852,355.414077113717,67.4640699619636,NA,NA,NA,"170377"
2017-10-04,"acton","u12","dg",NA,0.1,"ACT170381",115,25,"he",23,749.9,"ACT170381",0.979861580346554,279.541767033392,31.1037272252502,NA,NA,NA,"170381"
2017-10-04,"acton","u12","dg",NA,0.1,"ACT170382",115,25,"he",23,749.9,"ACT170382",0.944340867435892,263.201292697987,31.3990861102461,NA,NA,NA,"170382"
2017-10-04,"acton","u12","dg",NA,0.1,"ACT170383",115,25,"he",23,749.9,"ACT170383",0.944618063634749,281.2706226798,31.3762061966197,NA,NA,NA,"170383"
2017-10-04,"acton","u14","air",NA,NA,"ACT170378",NA,NA,NA,NA,750,"ACT170378",NA,NA,NA,NA,NA,NA,NA
2017-10-04,"acton","u14","air",NA,NA,"ACT170379",NA,NA,NA,NA,750,"ACT170379",NA,NA,NA,NA,NA,NA,NA
2017-10-04,"acton","u14","air",NA,NA,"ACT170380",NA,NA,NA,NA,750,"ACT170380",NA,NA,NA,NA,NA,NA,NA
2017-10-04,"acton","u12","air",NA,NA,"ACT170384",NA,NA,NA,NA,749.9,"ACT170384",NA,NA,NA,NA,NA,NA,NA
2017-10-04,"acton","u12","air",NA,NA,"ACT170385",NA,NA,NA,NA,749.9,"ACT170385",NA,NA,NA,NA,NA,NA,NA
2017-10-04,"acton","u12","air",NA,NA,"ACT170386",NA,NA,NA,NA,749.9,"ACT170386",NA,NA,NA,NA,NA,NA,NA
2017-10-15,"acton","u14","dg",NA,1.3,"ACT170430",115,25,"he",20.5,762,"ACT170430",0.802871807376426,906.04239104533,104.165531410926,NA,NA,NA,"170430"
2017-10-15,"acton","u14","dg",NA,0.75,"ACT170431",115,25,"he",21.5,762,"ACT170431",0.845777819013776,769.527278449163,26.7003530097974,NA,NA,NA,"170431"
2017-10-15,"acton","u14","dg",NA,0.1,"ACT170432",115,25,"he",20.5,762,"ACT170432",0.777072761154245,635.686544095828,8.15956998449899,NA,NA,NA,"170432"
2017-10-15,"acton","u12","dg",NA,7,"ACT170422",115,25,"he",23,762,"ACT170422",0.0788749354191936,4418.63756948881,9236.78414945371,NA,NA,NA,"170422"
2017-10-15,"acton","u12","dg",NA,6,"ACT170423",115,25,"he",22,762,"ACT170423",1.51532543762412,3394.66067837041,955.571863900039,NA,NA,NA,"170423"
2017-10-15,"acton","u12","dg",NA,4,"ACT170424",115,25,"he",21,762,"ACT170424",1.46261856038433,2763.028323834,20.5520277468586,NA,NA,NA,"170424"
2017-10-15,"acton","u12","dg",NA,2,"ACT170425",115,25,"he",21,762,"ACT170425",0.858113049862907,348.556569047258,30.3154102012119,NA,NA,NA,"170425"
2017-10-15,"acton","u12","dg",NA,0.1,"ACT170426",115,25,"he",21,762,"ACT170426",0.811702486282867,338.672491108489,36.719706024468,NA,NA,NA,"170426"
2017-10-20,"acton","u14","dg",NA,0.1,"ACT170462",115,25,"he",22,748.3,"ACT170462",0.416009639583326,136.156748556941,34.7486724862562,NA,NA,NA,"170462"
2017-10-20,"acton","u14","dg",NA,0.1,"ACT170463",115,25,"he",20.5,748.3,"ACT170463",0.419467723294619,173.957924823617,34.9519263941944,NA,NA,NA,"170463"
2017-10-20,"acton","u14","dg",NA,0.1,"ACT170464",115,25,"he",21.5,748.3,"ACT170464",0.441886322809307,368.625770587517,38.4449600491724,NA,NA,NA,"170464"
2017-10-20,"acton","u12","dg",NA,0.1,"ACT170440",115,25,"he",21,748.3,"ACT170440",0.464316249929707,1153.5927392565,10.7109583473377,NA,NA,NA,"170440"
2017-10-20,"acton","u12","dg",NA,0.1,"ACT170441",115,25,"he",20.5,748.3,"ACT170441",0.472335139968068,1087.58223172401,10.8567519680714,NA,NA,NA,"170441"
2017-10-20,"acton","u12","dg",NA,0.1,"ACT170442",115,25,"he",21,748.3,"ACT170442",0.469662176621948,1269.5065737586,11.5503130495614,NA,NA,NA,"170442"
2017-10-20,"acton","u14","air",NA,NA,"ACT170467",NA,NA,NA,NA,748.3,"ACT170467",NA,NA,NA,NA,NA,NA,NA
2017-10-20,"acton","u14","air",NA,NA,"ACT170468",NA,NA,NA,NA,748.3,"ACT170468",NA,NA,NA,NA,NA,NA,NA
2017-10-20,"acton","u14","air",NA,NA,"ACT170469",NA,NA,NA,NA,748.3,"ACT170469",NA,NA,NA,NA,NA,NA,NA
2017-10-20,"acton","u12","air",NA,NA,"ACT170443",NA,NA,NA,NA,748.3,"ACT170443",NA,NA,NA,NA,NA,NA,NA
2017-10-20,"acton","u12","air",NA,NA,"ACT170444",NA,NA,NA,NA,748.3,"ACT170444",NA,NA,NA,NA,NA,NA,NA
2017-10-20,"acton","u12","air",NA,NA,"ACT170446",NA,NA,NA,NA,748.3,"ACT170446",NA,NA,NA,NA,NA,NA,NA
2017-10-20,"acton","u14","dg",NA,1.3,"ACT170466",115,25,"he",22,748.3,"ACT170466",0.523339240557736,547.137023913259,227.611994723375,NA,NA,NA,"170466"
2017-10-20,"acton","u14","dg",NA,0.75,"ACT170465",115,25,"he",21,748.3,"ACT170465",0.425290985076354,246.807193807794,39.0201773399994,NA,NA,NA,"170465"
2017-10-20,"acton","u12","dg",NA,7,"ACT170436",115,25,"he",23,748.3,"ACT170436",0.521497865808187,1864.52534412712,41.1604892601458,NA,NA,NA,"170436"
2017-10-20,"acton","u12","dg",NA,6,"ACT170437",115,25,"he",22,748.3,"ACT170437",0.51765671848117,2041.03938949748,34.5689941435824,NA,NA,NA,"170437"
2017-10-20,"acton","u12","dg",NA,4,"ACT170438",115,25,"he",21,748.3,"ACT170438",0.508430045004933,1656.02941699404,11.8064932688505,NA,NA,NA,"170438"
2017-10-20,"acton","u12","dg",NA,2,"ACT170439",115,25,"he",20.5,748.3,"ACT170439",0.494174240492293,1606.15083516119,7.01915660174514,NA,NA,NA,"170439"
2017-10-31,"acton","u14","dg",NA,0.1,"ACT170502",115,25,"he",10,742.4,"ACT170502",0.87888200362103,862.782298826136,24.1401997858529,NA,NA,NA,"170502"
2017-10-31,"acton","u14","dg",NA,0.1,"ACT170501",115,25,"he",9.75,742.4,"ACT170501",0.90069150884566,738.748799401039,24.0334010938636,NA,NA,NA,"170501"
2017-10-31,"acton","u14","dg",NA,0.1,"ACT170500",115,25,"he",9.5,742.4,"ACT170500",0.877840648867061,778.976150521272,23.046969538762,NA,NA,NA,"170500"
2017-10-31,"acton","u12","dg",NA,0.1,"ACT170488",115,25,"he",9.25,742.4,"ACT170488",0.371970316253381,1069.27083051687,1.48015707654798,NA,NA,NA,"170488"
2017-10-31,"acton","u12","dg",NA,0.1,"ACT170487",115,25,"he",9,742.4,"ACT170487",0.374168086115747,874.981533987308,1.44337753122795,NA,NA,NA,"170487"
2017-10-31,"acton","u12","dg",NA,0.1,"ACT170489",115,25,"he",9.5,742.4,"ACT170489",0.37652425380603,990.781160165872,1.66650677283616,NA,NA,NA,"170489"
2017-10-31,"acton","u14","air",NA,NA,"ACT170495",NA,NA,NA,NA,742.4,"ACT170495",NA,NA,NA,NA,NA,NA,NA
2017-10-31,"acton","u14","air",NA,NA,"ACT170496",NA,NA,NA,NA,742.4,"ACT170496",NA,NA,NA,NA,NA,NA,NA
2017-10-31,"acton","u14","air",NA,NA,"ACT170497",NA,NA,NA,NA,742.4,"ACT170497",NA,NA,NA,NA,NA,NA,NA
2017-10-31,"acton","u12","air",NA,NA,"ACT170490",NA,NA,NA,NA,742.4,"ACT170490",NA,NA,NA,NA,NA,NA,NA
2017-10-31,"acton","u12","air",NA,NA,"ACT170491",NA,NA,NA,NA,742.4,"ACT170491",NA,NA,NA,NA,NA,NA,NA
2017-10-31,"acton","u12","air",NA,NA,"ACT170492",NA,NA,NA,NA,742.4,"ACT170492",NA,NA,NA,NA,NA,NA,NA
2017-10-31,"acton","u14","dg",NA,0.75,"ACT170499",115,25,"he",9.5,742.4,"ACT170499",0.85196396564108,717.242354041488,22.4314207140235,NA,NA,NA,"170499"
2017-10-31,"acton","u14","dg",NA,1.3,"ACT170498",115,25,"he",10,742.4,"ACT170498",0.85722968401964,792.76787099034,22.9964828843671,NA,NA,NA,"170498"
2017-10-31,"acton","u12","dg",NA,2,"ACT170486",115,25,"he",9.5,742.4,"ACT170486",0.372564308108075,880.452112684744,1.3918861677799,NA,NA,NA,"170486"
2017-10-31,"acton","u12","dg",NA,4,"ACT170485",115,25,"he",9.75,742.4,"ACT170485",0.395472593970748,852.750883810777,1.51693662186802,NA,NA,NA,"170485"
2017-10-31,"acton","u12","dg",NA,6,"ACT170484",115,25,"he",9.75,742.4,"ACT170484",0.612398419304759,1234.29424414,1.10990965365964,NA,NA,NA,"170484"
2017-10-31,"acton","u12","dg",NA,7,"ACT170483",115,25,"he",9.5,742.4,"ACT170483",0.963328807057589,1196.53316543445,6.20510266532838,NA,NA,NA,"170483"
2017-11-14,"acton","u14","dg",NA,0.1,"ACT170525",115,25,"he",10.5,745.7,"ACT170525",0.603726138226236,1331.86051146583,59.2189810878527,NA,NA,NA,"170525"
2017-11-14,"acton","u14","dg",NA,0.1,"ACT170526",115,25,"he",10.5,745.7,"ACT170526",0.60695349397007,1349.06218846261,63.4808849988147,NA,NA,NA,"170526"
2017-11-14,"acton","u14","dg",NA,0.1,"ACT170527",115,25,"he",10,745.7,"ACT170527",0.587213164665761,1253.31183348101,53.0996441888532,NA,NA,NA,"170527"
2017-11-14,"acton","u12","dg",NA,0.1,"ACT170513",115,25,"he",10,745.9,"ACT170513",0.648275527328237,1633.05070229834,22.2661441734842,NA,NA,NA,"170513"
2017-11-14,"acton","u12","dg",NA,0.1,"ACT170514",115,25,"he",10,745.9,"ACT170514",0.656155819267169,1666.521354983,22.8222426982825,NA,NA,NA,"170514"
2017-11-14,"acton","u12","dg",NA,0.1,"ACT170515",115,25,"he",10,745.9,"ACT170515",0.63287133856319,1502.20412949374,19.4773204854506,NA,NA,NA,"170515"
2017-11-14,"acton","u14","air",NA,NA,"ACT170520",NA,NA,NA,NA,745.7,"ACT170520",NA,NA,NA,NA,NA,NA,NA
2017-11-14,"acton","u14","air",NA,NA,"ACT170521",NA,NA,NA,NA,745.7,"ACT170521",NA,NA,NA,NA,NA,NA,NA
2017-11-14,"acton","u14","air",NA,NA,"ACT170522",NA,NA,NA,NA,745.7,"ACT170522",NA,NA,NA,NA,NA,NA,NA
2017-11-14,"acton","u12","air",NA,NA,"ACT170516",NA,NA,NA,NA,745.9,"ACT170516",NA,NA,NA,NA,NA,NA,NA
2017-11-14,"acton","u12","air",NA,NA,"ACT170517",NA,NA,NA,NA,745.9,"ACT170517",NA,NA,NA,NA,NA,NA,NA
2017-11-14,"acton","u12","air",NA,NA,"ACT170518",NA,NA,NA,NA,745.9,"ACT170518",NA,NA,NA,NA,NA,NA,NA
2017-11-14,"acton","u14","dg",NA,1.3,"ACT170525",115,25,"he",11,745.7,"ACT170525",0.603726138226236,1331.86051146583,59.2189810878527,NA,NA,NA,"170525"
2017-11-14,"acton","u14","dg",NA,0.75,"ACT170526",115,25,"he",10.5,745.7,"ACT170526",0.60695349397007,1349.06218846261,63.4808849988147,NA,NA,NA,"170526"
2017-11-14,"acton","u12","dg",NA,7,"ACT170509",115,25,"he",11,745.9,"ACT170509",0.674747764319071,1623.77508295505,22.4140205602283,NA,NA,NA,"170509"
2017-11-14,"acton","u12","dg",NA,6,"ACT170510",115,25,"he",10,745.9,"ACT170510",0.666550676724303,1679.34694971623,23.9427708119211,NA,NA,NA,"170510"
2017-11-14,"acton","u12","dg",NA,4,"ACT170511",115,25,"he",10,745.9,"ACT170511",0.670847217806585,1583.23303157138,27.3376794090045,NA,NA,NA,"170511"
2017-11-14,"acton","u12","dg",NA,2,"ACT170512",115,25,"he",10,745.9,"ACT170512",0.652057275469785,1651.67617639521,24.9008431767422,NA,NA,NA,"170512"
2017-11-28,"acton","u14","dg",NA,0.1,"ACT170546",115,25,"he",9.5,740.6,"ACT170546",0.513003782286072,1219.41099611103,85.193923030309,NA,NA,NA,"170546"
2017-11-28,"acton","u14","dg",NA,0.1,"ACT170547",115,25,"he",9,740.6,"ACT170547",0.514548161108275,1226.22161913797,85.5329617504099,NA,NA,NA,"170547"
2017-11-28,"acton","u14","dg",NA,0.1,"ACT170548",115,25,"he",9,740.6,"ACT170548",0.504628497134896,1191.06258673702,80.9528190408256,NA,NA,NA,"170548"
2017-11-28,"acton","u12","dg",NA,0.1,"ACT170535",115,25,"he",9,746.7,"ACT170535",0.644117584345384,1698.10376338517,31.4968457411955,NA,NA,NA,"170535"
2017-11-28,"acton","u12","dg",NA,0.1,"ACT170536",115,25,"he",9.5,746.7,"ACT170536",0.637940069056573,1676.68589577782,32.0875635111873,NA,NA,NA,"170536"
2017-11-28,"acton","u12","dg",NA,0.1,"ACT170537",115,25,"he",9.5,746.7,"ACT170537",0.646968745247912,1680.33104477071,33.1837193731086,NA,NA,NA,"170537"
2017-11-28,"acton","u14","air",NA,NA,"ACT170541",NA,NA,NA,NA,740.6,"ACT170541",NA,NA,NA,NA,NA,NA,NA
2017-11-28,"acton","u14","air",NA,NA,"ACT170542",NA,NA,NA,NA,740.6,"ACT170542",NA,NA,NA,NA,NA,NA,NA
2017-11-28,"acton","u14","air",NA,NA,"ACT170543",NA,NA,NA,NA,740.6,"ACT170543",NA,NA,NA,NA,NA,NA,NA
2017-11-28,"acton","u12","air",NA,NA,"ACT170549",NA,NA,NA,NA,746.7,"ACT170549",NA,NA,NA,NA,NA,NA,NA
2017-11-28,"acton","u12","air",NA,NA,"ACT170550",NA,NA,NA,NA,746.7,"ACT170550",NA,NA,NA,NA,NA,NA,NA
2017-11-28,"acton","u12","air",NA,NA,"ACT170551",NA,NA,NA,NA,746.7,"ACT170551",NA,NA,NA,NA,NA,NA,NA
2017-11-28,"acton","u14","dg",NA,1.3,"ACT170544",115,25,"he",11,740.6,"ACT170544",0.543277567146943,1280.6038158623,85.8158406825186,NA,NA,NA,"170544"
2017-11-28,"acton","u14","dg",NA,0.75,"ACT170545",115,25,"he",11,740.6,"ACT170545",0.486650343666177,1112.87176149928,71.6365342105676,NA,NA,NA,"170545"
2017-11-28,"acton","u12","dg",NA,7,"ACT170530",115,25,"he",9.5,746.7,"ACT170530",0.642890001179018,1598.13150737682,40.9524900453599,NA,NA,NA,"170530"
2017-11-28,"acton","u12","dg",NA,6,"ACT170531",115,25,"he",9.5,746.7,"ACT170531",0.61588317151896,1587.97267699818,30.342450099134,NA,NA,NA,"170531"
2017-11-28,"acton","u12","dg",NA,4,"ACT170532",115,25,"he",9.5,746.7,"ACT170532",0.422637821458724,791.518091146266,11.8898039092698,NA,NA,NA,"170532"
2017-11-28,"acton","u12","dg",NA,2,"ACT170533",115,25,"he",10,746.7,"ACT170533",NA,NA,NA,NA,NA,NA,NA
2017-12-11,"acton","u14","dg",NA,0.1,"ACT170571",115,25,"he",4,732,"ACT170571",0.423311012227377,720.375822942837,48.1596628376894,NA,NA,NA,"170571"
2017-12-11,"acton","u14","dg",NA,0.1,"ACT170572",115,25,"he",3.5,732,"ACT170572",0.420242054311461,721.038231219353,45.9091113337066,NA,NA,NA,"170572"
2017-12-11,"acton","u14","dg",NA,0.1,"ACT170573",115,25,"he",3,732,"ACT170573",0.413787342823793,697.947211672175,46.1857502893718,NA,NA,NA,"170573"
2017-12-11,"acton","u12","dg",NA,0.1,"ACT170561",115,25,"he",4,734.4,"ACT170561",0.459485116178201,890.0722604707,22.2515648114108,NA,NA,NA,"170561"
2017-12-11,"acton","u12","dg",NA,0.1,"ACT170562",115,25,"he",4,734.4,"ACT170562",0.4658804284804,884.896719942403,20.3270890177267,NA,NA,NA,"170562"
2017-12-11,"acton","u12","dg",NA,0.1,"ACT170563",115,25,"he",4,734.4,"ACT170563",0.45786153844204,862.662262821754,20.4270617862298,NA,NA,NA,"170563"
2017-12-11,"acton","u14","air",NA,NA,"ACT170566",NA,NA,NA,NA,732,"ACT170566",NA,NA,NA,NA,NA,NA,NA
2017-12-11,"acton","u14","air",NA,NA,"ACT170567",NA,NA,NA,NA,732,"ACT170567",NA,NA,NA,NA,NA,NA,NA
2017-12-11,"acton","u14","air",NA,NA,"ACT170568",NA,NA,NA,NA,732,"ACT170568",NA,NA,NA,NA,NA,NA,NA
2017-12-11,"acton","u12","air",NA,NA,"ACT170554",NA,NA,NA,NA,734.4,"ACT170554",NA,NA,NA,NA,NA,NA,NA
2017-12-11,"acton","u12","air",NA,NA,"ACT170555",NA,NA,NA,NA,734.4,"ACT170555",NA,NA,NA,NA,NA,NA,NA
2017-12-11,"acton","u12","air",NA,NA,"ACT170556",NA,NA,NA,NA,734.4,"ACT170556",NA,NA,NA,NA,NA,NA,NA
2017-12-11,"acton","u14","dg",NA,1.3,"ACT170569",115,25,"he",3.5,732,"ACT170569",0.404639868261516,734.84601753501,48.6027011651833,NA,NA,NA,"170569"
2017-12-11,"acton","u14","dg",NA,0.75,"ACT170570",115,25,"he",4,732,"ACT170570",0.452674009577718,765.09028507974,48.5611013222261,NA,NA,NA,"170570"
2017-12-11,"acton","u12","dg",NA,7,"ACT170557",115,25,"he",4,734.4,"ACT170557",0.467523805945051,894.82523020191,24.5592695510233,NA,NA,NA,"170557"
2017-12-11,"acton","u12","dg",NA,6,"ACT170558",115,25,"he",4,734.4,"ACT170558",0.499440968270574,988.573132577484,25.88807426571,NA,NA,NA,"170558"
2017-12-11,"acton","u12","dg",NA,4,"ACT170559",115,25,"he",4,734.4,"ACT170559",0.481621212629774,937.775173740162,22.9576224889637,NA,NA,NA,"170559"
2017-12-11,"acton","u12","dg",NA,2,"ACT170560",115,25,"he",4,734.4,"ACT170560",0.463484661333137,867.200140210302,21.0414777593216,NA,NA,NA,"170560"
2017-08-15,"acton","dock","air",NA,NA,"ACT170233",NA,NA,NA,0,NA,"ACT170233",0.290961923031782,430.487441177664,2.08580050556908,NA,NA,NA,"170233"
2017-08-15,"acton","dock","air",NA,NA,"ACT170234",NA,NA,NA,0,NA,"ACT170234",0.290541890886174,431.584262528844,2.02948480596586,NA,NA,NA,"170234"
2017-08-15,"acton","dock","air",NA,NA,"ACT170235",NA,NA,NA,0,NA,"ACT170235",0.290273070312986,428.033706647543,1.98051463239785,NA,NA,NA,"170235"
2017-09-06,"acton","dock","air",NA,NA,"ACT170320",NA,NA,NA,0,NA,"ACT170320",0.290138660026391,429.735392714447,1.87767726790502,NA,NA,NA,"170320"
2017-09-06,"acton","dock","air",NA,NA,"ACT170321",NA,NA,NA,0,NA,"ACT170321",0.288172909584949,425.801755846521,2.00255121050345,NA,NA,NA,"170321"
2017-10-04,"acton","dock","air",NA,NA,"ACT170460",NA,NA,NA,0,NA,"ACT170460",0.286391973287573,444.663453898518,2.02458778860906,NA,NA,NA,"170460"
2017-10-04,"acton","dock","air",NA,NA,"ACT170461",NA,NA,NA,0,NA,"ACT170461",0.288861762303745,440.346736043967,1.94133849354344,NA,NA,NA,"170461"
2017-10-25,"acton","dock","air",NA,NA,"ACT170477",NA,NA,NA,0,NA,"ACT170477",0.287719274867692,471.212982487369,1.91195638940263,NA,NA,NA,"170477"
2017-10-25,"acton","dock","air",NA,NA,"ACT170478",NA,NA,NA,0,NA,"ACT170478",0.290239467741337,441.032249388454,1.96582358032745,NA,NA,NA,"170478"
2017-10-25,"acton","dock","air",NA,NA,"ACT170479",NA,NA,NA,0,NA,"ACT170479",0.292390032326847,440.943535896815,1.89726533733223,NA,NA,NA,"170479"
2017-11-08,"acton","dock","air",NA,NA,"ACT170506",NA,NA,NA,0,NA,"ACT170506",0.294624603341479,450.635484858434,2.03927884067946,NA,NA,NA,"170506"
2017-11-08,"acton","dock","air",NA,NA,"ACT170507",NA,NA,NA,0,NA,"ACT170507",0.295464667632694,450.748392938703,2.12007962706669,NA,NA,NA,"170507"
2017-11-08,"acton","dock","air",NA,NA,"ACT170508",NA,NA,NA,0,NA,"ACT170508",0.291062730746728,450.748392938703,2.10294006631788,NA,NA,NA,"170508"
2017-04-19,"acton","dock","air",NA,NA,"ACT170046",NA,NA,NA,0,NA,"ACT170046",0.300726078049744,483.424716534742,1.67127301275279,NA,NA,NA,"170046"
2017-04-19,"acton","dock","air",NA,NA,"ACT170047",NA,NA,NA,0,NA,"ACT170047",0.296970326731279,468.584866119347,1.70869793551354,NA,NA,NA,"170047"
2017-04-19,"acton","dock","air",NA,NA,"ACT170048",NA,NA,NA,0,NA,"ACT170048",0.303680839750527,523.70463843565,2.1524505911053,NA,NA,NA,"170048"
2017-05-03,"acton","dock","air",NA,NA,"ACT170052",NA,NA,NA,0,NA,"ACT170052",0.301295670666762,470.088362178447,1.70335151797629,NA,NA,NA,"170052"
2017-05-03,"acton","dock","air",NA,NA,"ACT170053",NA,NA,NA,0,NA,"ACT170053",0.302381456592954,499.081734273863,1.54295899185879,NA,NA,NA,"170053"
2017-05-03,"acton","dock","air",NA,NA,"ACT170054",NA,NA,NA,0,NA,"ACT170054",0.304303831675391,470.237564077442,1.82364591256442,NA,NA,NA,"170054"
2017-05-31,"acton","dock","air",NA,NA,"ACT170086",NA,NA,NA,0,NA,"ACT170086",0.304642027291745,460.81948113013,1.72473718812529,NA,NA,NA,"170086"
2017-05-31,"acton","dock","air",NA,NA,"ACT170087",NA,NA,NA,0,NA,"ACT170087",0.304125833982572,464.942044370045,1.75146927581154,NA,NA,NA,"170087"
2017-05-31,"acton","dock","air",NA,NA,"ACT170088",NA,NA,NA,0,NA,"ACT170088",0.305407417370864,470.9675056756,1.74077644073704,NA,NA,NA,"170088"
2017-06-20,"acton","dock","air",NA,NA,"ACT170106",NA,NA,NA,0,NA,"ACT170106",0.306813599144128,476.703744838489,1.81295307748992,NA,NA,NA,"170106"
2017-06-20,"acton","dock","air",NA,NA,"ACT170107",NA,NA,NA,0,NA,"ACT170107",0.311388139849556,472.011918968563,1.83166553887029,NA,NA,NA,"170107"
2017-06-20,"acton","dock","air",NA,NA,"ACT170108",NA,NA,NA,0,NA,"ACT170108",0.308308779763801,528.208240371459,2.12571850341905,NA,NA,NA,"170108"
2017-08-15,"acton","dock","dg",NA,0.1,"ACT170236",115,25,"air",0,736.6,"ACT170236",2.727929102696,360.345135340946,103.693189798512,NA,NA,NA,"170236"
2017-08-15,"acton","dock","dg",NA,0.1,"ACT170237",115,25,"air",0,736.6,"ACT170237",1.56281177039813,508.55321047036,70.1900929114615,NA,NA,NA,"170237"
2017-08-15,"acton","dock","dg",NA,0.1,"ACT170238",115,25,"air",0,736.6,"ACT170238",2.636611300751,361.381774500352,119.189040033352,NA,NA,NA,"170238"
2017-08-15,"acton","dock","dg",NA,1,"ACT170239",115,25,"air",0,736.6,"ACT170239",3.114830791379,572.831320002021,62.571642404757,NA,NA,NA,"170239"
2017-08-15,"acton","dock","dg",NA,1,"ACT170240",115,25,"air",0,736.6,"ACT170240",3.170708314376,594.485382038133,62.4750502348581,NA,NA,NA,"170240"
2017-08-15,"acton","dock","dg",NA,1.5,"ACT170241",115,25,"air",0,736.6,"ACT170241",6.590555577039,3289.89229360224,48.2225672933971,NA,NA,NA,"170241"
2017-08-15,"acton","dock","dg",NA,1.5,"ACT170242",115,25,"air",0,736.6,"ACT170242",6.550308995184,3264.21315040619,47.3039141030824,NA,NA,NA,"170242"
2017-09-06,"acton","dock","dg",NA,0.1,"ACT170322",115,25,"he",0,736.6,"ACT170322",3.74934572192,2063.05787283357,31.1744469582774,NA,NA,NA,"170322"
2017-09-06,"acton","dock","dg",NA,0.1,"ACT170323",115,25,"he",0,736.6,"ACT170323",3.19991051378,1845.70495395093,39.6212950707305,NA,NA,NA,"170323"
2017-09-06,"acton","dock","dg",NA,1,"ACT170324",115,25,"he",0,736.6,"ACT170324",4.53037557138,1712.17993926114,36.1144283094412,NA,NA,NA,"170324"
2017-09-06,"acton","dock","dg",NA,1,"ACT170325",115,25,"he",0,736.6,"ACT170325",4.657786592,1778.40768058748,36.3037075948963,NA,NA,NA,"170325"
2017-09-06,"acton","dock","dg",NA,1.5,"ACT170326",115,25,"he",0,736.6,"ACT170326",1.90231684512,1815.16286575869,146.485776136532,NA,NA,NA,"170326"
2017-09-06,"acton","dock","dg",NA,1.5,"ACT170327",115,25,"he",0,736.6,"ACT170327",1.87948209282,1843.06408921964,148.092885581548,NA,NA,NA,"170327"
2017-10-04,"acton","dock","dg",NA,0.1,"ACT170450",115,25,"he",0,746.76,"ACT170450",0.412217536422647,2172.84176883692,22.3712250876295,NA,NA,NA,"170450"
2017-10-04,"acton","dock","dg",NA,0.1,"ACT170451",115,25,"he",0,746.76,"ACT170451",0.543329994408198,361.891922814423,138.074392137556,NA,NA,NA,"170451"
2017-10-04,"acton","dock","dg",NA,0.1,"ACT170452",115,25,"he",0,746.76,"ACT170452",0.501145302771007,457.686049521268,115.792501324639,NA,NA,NA,"170452"
2017-10-04,"acton","dock","dg",NA,1,"ACT170453",110,30,"he",0,746.76,"ACT170453",0.501204247379722,644.558367437212,188.097296162337,NA,NA,NA,"170453"
2017-10-04,"acton","dock","dg",NA,1,"ACT170454",110,30,"he",0,746.76,"ACT170454",0.479276852937661,617.826785701601,178.61457516656,NA,NA,NA,"170454"
2017-10-04,"acton","dock","dg",NA,1,"ACT170455",110,30,"he",0,746.76,"ACT170455",0.532582427419123,705.290329502758,193.267870345306,NA,NA,NA,"170455"
2017-10-04,"acton","dock","dg",NA,1.5,"ACT170456",110,30,"he",0,746.76,"ACT170456",0.520321948806358,811.008856073542,331.558718781509,NA,NA,NA,"170456"
2017-10-04,"acton","dock","dg",NA,1.5,"ACT170457",110,30,"he",0,746.76,"ACT170457",0.521481192777757,816.587933949241,344.156990861993,NA,NA,NA,"170457"
2017-10-04,"acton","dock","dg",NA,1.5,"ACT170458",110,30,"he",0,746.76,"ACT170458",0.500477263872234,783.311433974504,313.509733049939,NA,NA,NA,"170458"
2017-10-25,"acton","dock","dg",NA,0.1,"ACT170470",115,25,"he",0,732,"ACT170470",0.343894301254876,1083.10526544135,7.50219463028159,NA,NA,NA,"170470"
2017-10-25,"acton","dock","dg",NA,0.1,"ACT170471",115,25,"he",0,732,"ACT170471",0.354645553824825,797.329391342255,78.6710676546249,NA,NA,NA,"170471"
2017-10-25,"acton","dock","dg",NA,0.1,"ACT170472",115,25,"he",0,732,"ACT170472",0.34712165699871,833.88176529036,77.5145920204156,NA,NA,NA,"170472"
2017-10-25,"acton","dock","dg",NA,1,"ACT170473",110,30,"he",0,732,"ACT170473",0.330826480451622,823.111920380795,72.0109327971822,NA,NA,NA,"170473"
2017-10-25,"acton","dock","dg",NA,1,"ACT170474",110,30,"he",0,732,"ACT170474",0.332331259816845,843.010817285107,73.144528517765,NA,NA,NA,"170474"
2017-10-25,"acton","dock","dg",NA,1.5,"ACT170475",110,30,"he",0,732,"ACT170475",0.374484881771583,1219.85260162871,196.768256450562,NA,NA,NA,"170475"
2017-10-25,"acton","dock","dg",NA,1.5,"ACT170476",110,30,"he",0,732,"ACT170476",0.375613466295501,1206.68438192486,192.560199213627,NA,NA,NA,"170476"
2017-11-08,"acton","dock","dg",NA,0.1,"ACT170503",110,30,"he",0,744,"ACT170503",0.458534729210692,1432.07450842568,58.9589820693704,NA,NA,NA,"170503"
2017-11-08,"acton","dock","dg",NA,0.1,"ACT170504",110,30,"he",0,744,"ACT170504",0.475423897612473,1644.45249993148,70.0058203666466,NA,NA,NA,"170504"
2017-11-08,"acton","dock","dg",NA,0.1,"ACT170505",110,30,"he",0,744,"ACT170505",0.484115978419486,1279.61210691959,68.4229463421263,NA,NA,NA,"170505"
2017-04-19,"acton","dock","dg",NA,0.1,"ACT170043",104,36,"he",0,739,"ACT170043",0.647967948062932,1058.37666347734,435.719979634089,NA,NA,NA,"170043"
2017-04-19,"acton","dock","dg",NA,0.1,"ACT170044",105,35,"he",0,739,"ACT170044",0.619054201196644,1045.43544602946,396.625013449428,NA,NA,NA,"170044"
2017-04-19,"acton","dock","dg",NA,0.1,"ACT170045",104,36,"he",0,739,"ACT170045",0.640212114676052,1048.25880012576,414.209385672914,NA,NA,NA,"170045"
2017-05-03,"acton","dock","dg",NA,0.1,"ACT170049",110,30,"he",0,739,"ACT170049",0.496904995908877,1472.60709666624,236.542625442707,NA,NA,NA,"170049"
2017-05-03,"acton","dock","dg",NA,0.1,"ACT170050",110,30,"he",0,739,"ACT170050",0.529851776136342,1298.21177731062,271.280698069676,NA,NA,NA,"170050"
2017-05-03,"acton","dock","dg",NA,0.1,"ACT170051",110,30,"he",0,739,"ACT170051",0.530865205032228,1396.18601540196,270.477892346954,NA,NA,NA,"170051"
2017-05-31,"acton","dock","dg",NA,0.1,"ACT170083",115,27,"he",0,738,"ACT170083",0.812887989201547,522.132667508084,174.893835985312,NA,NA,NA,"170083"
2017-05-31,"acton","dock","dg",NA,0.1,"ACT170084",115,27,"he",0,738,"ACT170084",0.871956416276024,561.211486217766,198.584967365236,NA,NA,NA,"170084"
2017-05-31,"acton","dock","dg",NA,0.1,"ACT170085",110,27,"he",0,738,"ACT170085",0.828296244863482,532.810252398076,187.259971011102,NA,NA,NA,"170085"
2017-06-20,"acton","dock","dg",NA,0.1,"ACT170103",110,27,"he",0,737,"ACT170103",1.57920569227001,656.104442182338,105.445722883303,NA,NA,NA,"170103"
2017-06-20,"acton","dock","dg",NA,0.1,"ACT170104",110,27,"he",0,737,"ACT170104",1.60960855914658,733.261257500429,109.368510078274,NA,NA,NA,"170104"
2017-06-20,"acton","dock","dg",NA,0.1,"ACT170105",110,27,"he",0,737,"ACT170105",1.61306249028154,714.543615663123,105.547466643403,NA,NA,NA,"170105"
2017-10-04,"acton","dock","air",NA,NA,"ACT170459",NA,NA,"he",0,NA,"ACT170459",0.289180986734406,474.519576266661,1.91685340675943,NA,NA,NA,"170459"
2018-06-07,"acton","u14","dg",0.328,0.1,NA,115,25,"he",NA,NA,NA,NA,NA,NA,NA,NA,NA,NA
2018-06-07,"acton","u14","dg",0.328,0.1,NA,115,25,"he",NA,NA,NA,NA,NA,NA,NA,NA,NA,NA
2018-06-07,"acton","u14","dg",0.328,0.1,NA,115,25,"he",NA,NA,NA,NA,NA,NA,NA,NA,NA,NA
2018-06-07,"acton","u12","dg",0.328,0.1,"ACT18025",115,25,"he",26,741.9,"ACT18025",0.909190311192663,1758.75710124319,23.813611587811,NA,NA,NA,"18_025"
2018-06-07,"acton","u12","dg",0.328,0.1,"ACT18026",115,25,"he",24,741.9,"ACT18026",0.885089390449721,1754.5293528043,25.0736799347427,NA,NA,NA,"18_026"
2018-06-07,"acton","u12","dg",0.328,0.1,"ACT18027",115,25,"he",24,741.9,"ACT18027",0.901544153293689,2057.52078065684,24.4313221983419,NA,NA,NA,"18_027"
2018-06-07,"acton","u14","air",0,0,NA,NA,NA,NA,NA,NA,NA,NA,NA,NA,NA,NA,NA,NA
2018-06-07,"acton","u14","air",0,0,NA,NA,NA,NA,NA,NA,NA,NA,NA,NA,NA,NA,NA,NA
2018-06-07,"acton","u14","air",0,0,NA,NA,NA,NA,NA,NA,NA,NA,NA,NA,NA,NA,NA,NA
2018-06-07,"acton","u12","air",0,0,"ACT18032",NA,NA,NA,NA,741.9,"ACT18032",NA,NA,NA,NA,NA,NA,NA
2018-06-07,"acton","u12","air",0,0,"ACT18033",NA,NA,NA,NA,741.9,"ACT18033",NA,NA,NA,NA,NA,NA,NA
2018-06-07,"acton","u12","air",0,0,"ACT18034",NA,NA,NA,NA,741.9,"ACT18034",NA,NA,NA,NA,NA,NA,NA
2018-06-07,"acton","u14","dg",2.46,0.75,NA,110,30,"he",NA,NA,NA,NA,NA,NA,NA,NA,NA,NA
2018-06-07,"acton","u14","dg",4.264,1.3,NA,110,30,"he",NA,NA,NA,NA,NA,NA,NA,NA,NA,NA
2018-06-07,"acton","u12","dg",6.56,2,"ACT18028",110,30,"he",24.5,741.9,"ACT18028",0.87734215019892,2201.64040665066,36.831674154333,NA,NA,NA,"18_028"
2018-06-07,"acton","u12","dg",13.12,4,"ACT18029",110,30,"he",24.5,741.9,"ACT18029",1.51920064396945,4588.24706156704,36.2220517677915,1,1,1,"18_029"
2018-06-07,"acton","u12","dg",19.68,6,"ACT18030",110,30,"he",24,741.9,"ACT18030",1.81431779029869,7138.14607013093,6295.94514662324,1,1,1,"18_030"
2018-06-07,"acton","u12","dg",22.96,7,"ACT18031",110,30,"he",24,741.9,"ACT18031",0.0559758399181972,7985.82123246542,8827.44642705601,1,1,1,"18_031"
2018-06-15,"acton","u14","dg",0.328,0.1,"ACT18070",115,25,"he",28,744.7,"ACT18070",1.40457277848314,450.102803459938,112.412517540596,NA,NA,NA,"18_070"
2018-06-15,"acton","u14","dg",0.328,0.1,"ACT18071",115,25,"he",29,744.7,"ACT18071",1.256994633963,449.954052173935,148.138781169034,NA,NA,NA,"18_071"
2018-06-15,"acton","u14","dg",0.328,0.1,"ACT18072",115,25,"he",28,744.7,"ACT18072",1.26880288571245,275.98166005859,149.770330169193,NA,NA,NA,"18_072"
2018-06-15,"acton","u12","dg",0.328,0.1,"ACT18061",115,25,"he",27,744.7,"ACT18061",0.850256437889247,407.842176180975,44.7856098717905,NA,NA,NA,"18_061"
2018-06-15,"acton","u12","dg",0.328,0.1,"ACT18062",115,25,"he",27.5,744.7,"ACT18062",0.873501477933225,286.528430570506,44.7243257517756,NA,NA,NA,"18_062"
2018-06-15,"acton","u12","dg",0.328,0.1,"ACT18094",115,25,"he",27,744.7,"ACT18094",0.884738247444343,291.10277521268,48.7068434113507,NA,NA,NA,"18_094"
2018-06-15,"acton","u14","air",0,0,"ACT18065",NA,NA,NA,NA,744.7,"ACT18065",NA,NA,NA,NA,NA,NA,NA
2018-06-15,"acton","u14","air",0,0,"ACT18066",NA,NA,NA,NA,744.7,"ACT18066",NA,NA,NA,NA,NA,NA,NA
2018-06-15,"acton","u14","air",0,0,"ACT18067",NA,NA,NA,NA,744.7,"ACT18067",NA,NA,NA,NA,NA,NA,NA
2018-06-15,"acton","u12","air",0,0,"ACT18054",NA,NA,NA,NA,744.7,"ACT18054",NA,NA,NA,NA,NA,NA,NA
2018-06-15,"acton","u12","air",0,0,"ACT18055",NA,NA,NA,NA,744.7,"ACT18055",NA,NA,NA,NA,NA,NA,NA
2018-06-15,"acton","u12","air",0,0,"ACT18056",NA,NA,NA,NA,744.7,"ACT18056",NA,NA,NA,NA,NA,NA,NA
2018-06-15,"acton","u14","dg",2.46,0.75,"ACT18069",115,25,"he",28.5,744.7,"ACT18069",NA,NA,NA,NA,NA,NA,NA
2018-06-15,"acton","u14","dg",4.264,1.3,"ACT18068",115,25,"he",30,744.7,"ACT18068",NA,NA,NA,NA,NA,NA,NA
2018-06-15,"acton","u12","dg",22.96,7,"ACT18057",115,25,"he",28,744.7,"ACT18057",0.116979039246272,8477.20609133323,20304.097286421,NA,NA,NA,"18_057"
2018-06-15,"acton","u12","dg",19.68,6,"ACT18058",115,25,"he",27,744.7,"ACT18058",NA,NA,NA,NA,NA,NA,NA
2018-06-15,"acton","u12","dg",13.12,4,"ACT18059",115,25,"he",26.5,744.7,"ACT18059",NA,NA,NA,NA,NA,NA,NA
2018-06-15,"acton","u12","dg",6.56,2,"ACT18060",115,25,"he",27,744.7,"ACT18060",NA,NA,NA,NA,NA,NA,NA
2018-06-28,"acton","u14","dg",0.328,0.1,"ACT18005",115,25,"he",29.5,NA,"ACT18005",1.09798684467631,471.317918229953,89.5337065733927,NA,NA,NA,"18_005"
2018-06-28,"acton","u14","dg",0.328,0.1,"ACT18006",115,25,"he",29,NA,"ACT18006",0.787300525809476,1023.46302317243,44.4940352310218,NA,NA,NA,"18_006"
2018-06-28,"acton","u14","dg",0.328,0.1,"ACT18007",115,25,"he",29,NA,"ACT18007",1.08832165132059,308.292520916899,80.8991778733816,NA,NA,NA,"18_007"
2018-06-28,"acton","u12","dg",0.328,0.1,"ACT18012",115,25,"he",28,NA,"ACT18012",0.723251653948904,308.387926040649,14.7711402597103,NA,NA,NA,"18_012"
2018-06-28,"acton","u12","dg",0.328,0.1,"ACT18013",115,25,"he",27.5,NA,"ACT18013",0.685398099187675,344.763435908444,11.1908157796265,NA,NA,NA,"18_013"
2018-06-28,"acton","u12","dg",0.328,0.1,"ACT18014",115,25,"he",27,NA,"ACT18014",0.71419366047141,273.845844330302,11.580129434899,NA,NA,NA,"18_014"
2018-06-28,"acton","u14","air",0,NA,"ACT18110",NA,NA,NA,NA,744.2,"ACT18110",NA,NA,NA,NA,NA,NA,NA
2018-06-28,"acton","u14","air",0,NA,"ACT18073",NA,NA,NA,NA,744.2,"ACT18073",NA,NA,NA,NA,NA,NA,NA
2018-06-28,"acton","u14","air",0,NA,"ACT18111",NA,NA,NA,NA,744.2,"ACT18111",NA,NA,NA,NA,NA,NA,NA
2018-06-28,"acton","u12","air",0,NA,"ACT18021",NA,NA,NA,NA,743.4,"ACT18021",NA,NA,NA,NA,NA,NA,NA
2018-06-28,"acton","u12","air",0,NA,"ACT18120",NA,NA,NA,NA,743.4,"ACT18120",NA,NA,NA,NA,NA,NA,NA
2018-06-28,"acton","u12","air",0,NA,"ACT18001",NA,NA,NA,NA,743.4,"ACT18001",NA,NA,NA,NA,NA,NA,NA
2018-06-28,"acton","u14","dg",2.46,0.75,"ACT18009",115,25,"he",28,NA,"ACT18009",1.04345315208389,671.997590310333,75.6991727830447,NA,NA,NA,"18_009"
2018-06-28,"acton","u14","dg",4.264,1.3,"ACT18008",115,25,"he",28,NA,"ACT18008",1.81335402355892,753.919781574805,213.677008852919,NA,NA,NA,"18_008"
2018-06-28,"acton","u12","dg",22.96,7,"ACT18018",115,25,"he",26.5,NA,"ACT18018",0.24587110968987,9917.32831124865,24203.1397380496,NA,NA,NA,"18_018"
2018-06-28,"acton","u12","dg",19.68,6,"ACT18017",115,25,"he",27,NA,"ACT18017",0.141146989516326,9862.63949350017,21862.1865401149,NA,NA,NA,"18_017"
2018-06-28,"acton","u12","dg",13.12,4,"ACT18016",115,25,"he",27,NA,"ACT18016",1.63998774303424,4501.34386281236,15.7715843502097,NA,NA,NA,"18_016"
2018-06-28,"acton","u12","dg",6.56,2,"ACT18015",115,25,"he",27.5,NA,"ACT18015",0.745625183579432,278.662880504565,12.9310692441787,NA,NA,NA,"18_015"
2018-07-13,"acton","u14","dg",0.328,0.1,"ACT18151",115,25,"he",29.5,NA,"ACT18151",0.295204313913506,251.607441821463,152.456928686355,NA,NA,NA,"18_151"
2018-07-13,"acton","u14","dg",0.328,0.1,"ACT18152",115,25,"he",29,NA,"ACT18152",0.282338820023154,179.10085023,75.5440622002162,NA,NA,NA,"18_152"
2018-07-13,"acton","u14","dg",0.328,0.1,"ACT18153",115,25,"he",29,NA,"ACT18153",0.286810668538068,322.951588731049,76.1014388963985,NA,NA,NA,"18_153"
2018-07-13,"acton","u12","dg",0.328,0.1,"ACT18140",115,25,"he",29,NA,"ACT18140",0.311834447048841,250.627775556419,45.3073562656386,NA,NA,NA,"18_140"
2018-07-13,"acton","u12","dg",0.328,0.1,"ACT18141",115,25,"he",29,NA,"ACT18141",0.310798635491872,324.788273036065,50.4213735596755,NA,NA,NA,"18_141"
2018-07-13,"acton","u12","dg",0.328,0.1,"ACT18142",115,25,"he",29,NA,"ACT18142",0.308334118339084,234.268021867355,47.1300837653851,NA,NA,NA,"18_142"
2018-07-13,"acton","u14","air",0,NA,"ACT18146",NA,NA,NA,NA,747.1,"ACT18146",NA,NA,NA,NA,NA,NA,NA
2018-07-13,"acton","u14","air",0,NA,"ACT18147",NA,NA,NA,NA,747.1,"ACT18147",NA,NA,NA,NA,NA,NA,NA
2018-07-13,"acton","u14","air",0,NA,"ACT18148",NA,NA,NA,NA,747.1,"ACT18148",NA,NA,NA,NA,NA,NA,NA
2018-07-13,"acton","u12","air",0,NA,"ACT18143",NA,NA,NA,NA,747.9,"ACT18143",NA,NA,NA,NA,NA,NA,NA
2018-07-13,"acton","u12","air",0,NA,"ACT18144",NA,NA,NA,NA,747.9,"ACT18144",NA,NA,NA,NA,NA,NA,NA
2018-07-13,"acton","u12","air",0,NA,"ACT18145",NA,NA,NA,NA,747.9,"ACT18145",NA,NA,NA,NA,NA,NA,NA
2018-07-13,"acton","u14","dg",2.46,0.75,"ACT18155",115,25,"he",29,NA,"ACT18155",NA,NA,NA,NA,NA,NA,NA
2018-07-13,"acton","u14","dg",4.264,1.3,"ACT18154",115,25,"he",29,NA,"ACT18154",NA,NA,NA,NA,NA,NA,NA
2018-07-13,"acton","u12","dg",22.96,7,"ACT18136",115,25,"he",27.5,NA,"ACT18136",NA,NA,NA,NA,NA,NA,NA
2018-07-13,"acton","u12","dg",19.68,6,"ACT18137",115,25,"he",28,NA,"ACT18137",NA,NA,NA,NA,NA,NA,NA
2018-07-13,"acton","u12","dg",13.12,4,"ACT18138",115,25,"he",28,NA,"ACT18138",NA,NA,NA,NA,NA,NA,NA
2018-07-13,"acton","u12","dg",6.56,2,"ACT18139",115,25,"he",29,NA,"ACT18139",NA,NA,NA,NA,NA,NA,NA
2018-07-25,"acton","u14","dg",0.328,0.1,"ACT18174",115,25,"he",28,NA,"ACT18174",0.308219821891418,835.666781657061,125.551785364728,NA,NA,NA,"18_174"
2018-07-25,"acton","u14","dg",0.328,0.1,"ACT18175",115,25,"he",28,NA,"ACT18175",0.311941599968527,776.48322357236,118.15054019618,NA,NA,NA,"18_175"
2018-07-25,"acton","u14","dg",0.328,0.1,"ACT18176",115,25,"he",27.5,NA,"ACT18176",0.311062946027098,798.102352853998,120.053554643853,NA,NA,NA,"18_176"
2018-07-25,"acton","u12","dg",0.328,0.1,"ACT18161",115,25,"he",27,NA,"ACT18161",0.228190877941608,252.012615117209,21.2238660079436,NA,NA,NA,"18_161"
2018-07-25,"acton","u12","dg",0.328,0.1,"ACT18162",115,25,"he",26.5,NA,"ACT18162",0.218104216435125,253.252339034706,19.576372287736,NA,NA,NA,"18_162"
2018-07-25,"acton","u12","dg",0.328,0.1,"ACT18163",115,25,"he",27,NA,"ACT18163",0.228469475532793,236.425762322603,20.3531091143608,NA,NA,NA,"18_163"
2018-07-25,"acton","u14","air",0,NA,"ACT18168",NA,NA,NA,NA,741.2,"ACT18168",NA,NA,NA,NA,NA,NA,NA
2018-07-25,"acton","u14","air",0,NA,"ACT18169",NA,NA,NA,NA,741.2,"ACT18169",NA,NA,NA,NA,NA,NA,NA
2018-07-25,"acton","u14","air",0,NA,"ACT18170",NA,NA,NA,NA,741.2,"ACT18170",NA,NA,NA,NA,NA,NA,NA
2018-07-25,"acton","u12","air",0,NA,"ACT18158",NA,NA,NA,NA,741.1,"ACT18158",NA,NA,NA,NA,NA,NA,NA
2018-07-25,"acton","u12","air",0,NA,"ACT18159",NA,NA,NA,NA,741.1,"ACT18159",NA,NA,NA,NA,NA,NA,NA
2018-07-25,"acton","u12","air",0,NA,"ACT18160",NA,NA,NA,NA,741.1,"ACT18160",NA,NA,NA,NA,NA,NA,NA
2018-07-25,"acton","u14","dg",2.46,0.75,"ACT18177",115,25,"he",27.5,NA,"ACT18177",0.260529629102975,851.242137590029,62.3182127414118,NA,NA,NA,"18_177"
2018-07-25,"acton","u14","dg",4.264,1.3,"ACT18178",115,25,"he",27.5,NA,"ACT18178",0.271816403309946,896.650187310706,58.4411607767461,NA,NA,NA,"18_178"
2018-07-25,"acton","u12","dg",22.96,7,"ACT18167",115,25,"he",26.5,NA,"ACT18167",-0.0338837330274785,15783.8947075775,52343.4662012169,NA,NA,NA,"18_167"
2018-07-25,"acton","u12","dg",19.68,6,"ACT18166",115,25,"he",26.5,NA,"ACT18166",-0.0340337471150395,14265.1159860783,42106.8247706996,NA,NA,NA,"18_166"
2018-07-25,"acton","u12","dg",13.12,4,"ACT18165",115,25,"he",26,NA,"ACT18165",0.25780080141496,1694.35529092254,13.6899094896935,NA,NA,NA,"18_165"
2018-07-25,"acton","u12","dg",6.56,2,"ACT18164",115,25,"he",26,NA,"ACT18164",0.226526435922479,351.776418002756,18.2400522207715,NA,NA,NA,"18_164"
2018-08-09,"acton","u14","dg",0.328,0.1,"ACT18221",115,25,"he",29.5,NA,"ACT18221",0.168278332798879,608.549972087972,69.9924059303638,NA,NA,NA,"18_221"
2018-08-09,"acton","u14","dg",0.328,0.1,"ACT18222",115,25,"he",29.5,NA,"ACT18222",0.178112201598126,606.147360595012,69.1146413662833,NA,NA,NA,"18_222"
2018-08-09,"acton","u14","dg",0.328,0.1,"ACT18223",115,25,"he",29.5,NA,"ACT18223",0.17700029572802,608.314873754596,73.8603839812594,NA,NA,NA,"18_223"
2018-08-09,"acton","u12","dg",0.328,0.1,"ACT18207",115,25,"he",28.5,NA,"ACT18207",0.204790722312677,271.750243817859,30.1476675257323,NA,NA,NA,"18_207"
2018-08-09,"acton","u12","dg",0.328,0.1,"ACT18208",115,25,"he",28,NA,"ACT18208",0.203924302154153,388.684554257381,29.3364833623888,NA,NA,NA,"18_208"
2018-08-09,"acton","u12","dg",0.328,0.1,"ACT18209",115,25,"he",28,NA,"ACT18209",0.199144550946295,294.083058583679,28.8867052415928,NA,NA,NA,"18_209"
2018-08-09,"acton","u14","air",0,NA,"ACT18218",NA,NA,NA,NA,742.4,"ACT18218",NA,NA,NA,NA,NA,NA,NA
2018-08-09,"acton","u14","air",0,NA,"ACT18219",NA,NA,NA,NA,742.4,"ACT18219",NA,NA,NA,NA,NA,NA,NA
2018-08-09,"acton","u14","air",0,NA,"ACT18220",NA,NA,NA,NA,742.4,"ACT18220",NA,NA,NA,NA,NA,NA,NA
2018-08-09,"acton","u12","air",0,NA,"ACT18210",NA,NA,NA,NA,742.2,"ACT18210",NA,NA,NA,NA,NA,NA,NA
2018-08-09,"acton","u12","air",0,NA,"ACT18211",NA,NA,NA,NA,742.2,"ACT18211",NA,NA,NA,NA,NA,NA,NA
2018-08-09,"acton","u12","air",0,NA,"ACT18212",NA,NA,NA,NA,742.2,"ACT18212",NA,NA,NA,NA,NA,NA,NA
2018-08-09,"acton","u14","dg",4.264,1.3,"ACT18224",115,25,"he",29.5,NA,"ACT18224",0.145809170021157,999.278619760646,33.0833528916148,NA,NA,NA,"18_224"
2018-08-09,"acton","u14","dg",2.46,0.75,"ACT18225",115,25,"he",29.5,NA,"ACT18225",0.132610702939642,1889.15211477652,99.2546423496432,NA,NA,NA,"18_225"
2018-08-09,"acton","u12","dg",22.96,7,"ACT18203",115,25,"he",25.5,NA,"ACT18203",-0.0673446293117144,19894.0166314553,76935.482652523,NA,NA,1,"18_203"
2018-08-09,"acton","u12","dg",19.68,6,"ACT18204",115,25,"he",26.5,NA,"ACT18204",-0.0282907406662465,16034.4122414898,57380.0597094614,NA,NA,1,"18_204"
2018-08-09,"acton","u12","dg",13.12,4,"ACT18205",115,25,"he",27.5,NA,"ACT18205",-0.0164568853344066,4547.92699090249,1784.29077691376,NA,NA,NA,"18_205"
2018-08-09,"acton","u12","dg",6.56,2,"ACT18206",115,25,"he",28,NA,"ACT18206",0.217924207882302,1275.57176785417,17.0118987849393,NA,NA,NA,"18_206"
2018-08-28,"acton","u14","dg",0.328,0.1,"ACT18282",115,25,"he",29.5,NA,"ACT18282",0.201021794623097,286.897245376712,37.8354884599915,1,1,1,"18_282"
2018-08-28,"acton","u14","dg",0.328,0.1,"ACT18283",115,25,"he",28.5,NA,"ACT18283",0.208306944122686,301.924584272045,31.4118971317601,1,1,1,"18_283"
2018-08-28,"acton","u14","dg",0.328,0.1,"ACT18284",115,25,"he",28.5,NA,"ACT18284",0.204581337441033,286.41286561589,36.1617408866536,1,1,1,"18_284"
2018-08-28,"acton","u12","dg",0.328,0.1,"ACT18282",115,25,"he",30,NA,"ACT18282",0.201021794623097,286.897245376712,37.8354884599915,1,1,1,"18_282"
2018-08-28,"acton","u12","dg",0.328,0.1,"ACT18283",115,25,"he",29.5,NA,"ACT18283",0.208306944122686,301.924584272045,31.4118971317601,1,1,1,"18_283"
2018-08-28,"acton","u12","dg",0.328,0.1,"ACT18284",115,25,"he",29.5,NA,"ACT18284",0.204581337441033,286.41286561589,36.1617408866536,1,1,1,"18_284"
2018-08-28,"acton","u14","air",0,NA,"ACT18289",NA,NA,NA,NA,747.6,"ACT18289",NA,NA,NA,NA,NA,NA,NA
2018-08-28,"acton","u14","air",0,NA,"ACT18290",NA,NA,NA,NA,747.6,"ACT18290",NA,NA,NA,NA,NA,NA,NA
2018-08-28,"acton","u14","air",0,NA,"ACT18291",NA,NA,NA,NA,747.6,"ACT18291",NA,NA,NA,NA,NA,NA,NA
2018-08-28,"acton","u12","air",0,NA,"ACT18277",NA,NA,NA,NA,746.1,"ACT18277",NA,NA,NA,NA,NA,NA,NA
2018-08-28,"acton","u12","air",0,NA,"ACT18278",NA,NA,NA,NA,746.1,"ACT18278",NA,NA,NA,NA,NA,NA,NA
2018-08-28,"acton","u12","air",0,NA,"ACT18279",NA,NA,NA,NA,746.1,"ACT18279",NA,NA,NA,NA,NA,NA,NA
2018-08-28,"acton","u14","dg",2.46,0.75,"ACT18298",115,25,"he",29.5,NA,"ACT18298",0.201945976125523,262.276138899924,184.132539005774,NA,NA,NA,"18_298"
2018-08-28,"acton","u14","dg",4.264,1.3,"ACT18299",115,25,"he",29,NA,"ACT18299",0.181794487271853,594.978070287863,489.996611825507,NA,NA,NA,"18_299"
2018-08-28,"acton","u12","dg",6.56,2,"ACT18285",115,25,"he",28.5,NA,"ACT18285",0.207505505476052,563.333378113862,26.8117492771712,1,1,1,"18_285"
2018-08-28,"acton","u12","dg",13.12,4,"ACT18286",115,25,"he",28.5,NA,"ACT18286",-0.0215037827578087,4112.09261393442,44.8368580295237,NA,NA,NA,"18_286"
2018-08-28,"acton","u12","dg",19.68,6,"ACT18287",115,25,"he",28.5,NA,"ACT18287",-0.0294459675442784,16024.9903616489,55777.0132338743,NA,NA,1,"18_287"
2018-08-28,"acton","u12","dg",22.96,7,"ACT18288",115,25,"he",28,NA,"ACT18288",-0.0300308011512821,23391.3357458543,88596.1867958207,NA,NA,1,"18_288"
2018-09-13,"acton","u14","dg",0.328,0.1,"ACT18317",115,25,"he",NA,NA,"ACT18317",1.46232105866615,394.112024061672,23.3671706442539,NA,NA,NA,"18_317"
2018-09-13,"acton","u14","dg",0.328,0.1,"ACT18318",115,25,"he",NA,NA,"ACT18318",1.41123054655966,1351.32934395609,24.0419473714564,NA,NA,NA,"18_318"
2018-09-13,"acton","u14","dg",0.328,0.1,"ACT18320",115,25,"he",NA,NA,"ACT18320",1.46344973608685,416.699326453369,23.304532610369,NA,NA,NA,"18_320"
2018-09-13,"acton","u12","dg",0.328,0.1,"ACT18309",115,25,"he",NA,NA,"ACT18309",1.21644082562568,305.161300876987,26.4215624977751,NA,NA,NA,"18_309"
2018-09-13,"acton","u12","dg",0.328,0.1,"ACT18310",115,25,"he",NA,NA,"ACT18310",1.18802387132483,307.89103792173,30.2952900822533,NA,NA,NA,"18_310"
2018-09-13,"acton","u12","dg",0.328,0.1,"ACT18311",115,25,"he",NA,NA,"ACT18311",1.22221993976076,265.565786678919,27.4819979446712,NA,NA,NA,"18_311"
2018-09-13,"acton","u14","air",0,NA,"ACT18312",NA,NA,NA,NA,748.1,"ACT18312",NA,NA,NA,NA,NA,NA,NA
2018-09-13,"acton","u14","air",0,NA,"ACT18314",NA,NA,NA,NA,748.1,"ACT18314",NA,NA,NA,NA,NA,NA,NA
2018-09-13,"acton","u14","air",0,NA,"ACT18315",NA,NA,NA,NA,748.1,"ACT18315",NA,NA,NA,NA,NA,NA,NA
2018-09-13,"acton","u12","air",0,NA,"ACT18300",NA,NA,NA,NA,746.6,"ACT18300",NA,NA,NA,NA,NA,NA,NA
2018-09-13,"acton","u12","air",0,NA,"ACT18301",NA,NA,NA,NA,746.6,"ACT18301",NA,NA,NA,NA,NA,NA,NA
2018-09-13,"acton","u12","air",0,NA,"ACT18302",NA,NA,NA,NA,746.6,"ACT18302",NA,NA,NA,NA,NA,NA,NA
2018-09-13,"acton","u14","dg",4.264,1.3,"ACT18321",115,25,"he",NA,NA,"ACT18321",1.524226872133,1185.37783067419,167.616698903596,NA,NA,NA,"18_321"
2018-09-13,"acton","u14","dg",2.46,0.75,"ACT18319",115,25,"he",NA,NA,"ACT18319",1.48127283839469,395.948522055852,37.1077547894544,NA,NA,NA,"18_319"
2018-09-13,"acton","u12","dg",22.96,7,"ACT18308",115,25,"he",24,NA,"ACT18308",1.25575166009464,18057.8577733873,70246.3272386057,NA,NA,NA,"18_308"
2018-09-13,"acton","u12","dg",19.68,6,"ACT18307",115,25,"he",24.5,NA,"ACT18307",2.64638939531319,5111.41254655787,17.4363444902204,NA,NA,NA,"18_307"
2018-09-13,"acton","u12","dg",13.12,4,"ACT18306",115,25,"he",25.5,NA,"ACT18306",0.148183364575736,6421.12967964423,231.070779971667,NA,NA,NA,"18_306"
2018-09-13,"acton","u12","dg",6.56,2,"ACT18305",115,25,"he",NA,NA,"ACT18305",1.26545257109025,599.640192719302,18.7700178796969,NA,NA,NA,"18_305"
2018-10-03,"acton","u14","dg",0.328,0.1,"ACT18462",115,25,"he",25,NA,"ACT18462",1.13076849457238,337.453818770661,96.2364790485145,NA,NA,NA,"18_462"
2018-10-03,"acton","u14","dg",0.328,0.1,"ACT18463",115,25,"he",25,NA,"ACT18463",1.12656095659269,393.665232807397,96.3554842583109,NA,NA,NA,"18_463"
2018-10-03,"acton","u14","dg",0.328,0.1,"ACT18464",115,25,"he",24.5,NA,"ACT18464",1.10140145105032,301.605045041162,87.8782039592684,NA,NA,NA,"18_464"
2018-10-03,"acton","u12","dg",0.328,0.1,"ACT18375",115,25,"he",24,NA,"ACT18375",1.06318357636216,247.624739192445,57.4426809376656,NA,NA,NA,"18_375"
2018-10-03,"acton","u12","dg",0.328,0.1,"ACT18376",115,25,"he",24,NA,"ACT18376",1.03143773802305,239.052062412926,56.198708315502,NA,NA,NA,"18_376"
2018-10-03,"acton","u12","dg",0.328,0.1,"ACT18377",115,25,"he",24,NA,"ACT18377",1.05140389872463,490.9682425571,61.9831691317953,NA,NA,NA,"18_377"
2018-10-03,"acton","u14","air",0,NA,"ACT18465",NA,NA,NA,NA,743.4,"ACT18465",NA,NA,NA,NA,NA,NA,NA
2018-10-03,"acton","u14","air",0,NA,"ACT18466",NA,NA,NA,NA,743.4,"ACT18466",NA,NA,NA,NA,NA,NA,NA
2018-10-03,"acton","u14","air",0,NA,"ACT18467",NA,NA,NA,NA,743.4,"ACT18467",NA,NA,NA,NA,NA,NA,NA
2018-10-03,"acton","u12","air",0,NA,"ACT18378",NA,NA,NA,NA,NA,"ACT18378",NA,NA,NA,NA,NA,NA,NA
2018-10-03,"acton","u12","air",0,NA,"ACT18380",NA,NA,NA,NA,NA,"ACT18380",NA,NA,NA,NA,NA,NA,NA
2018-10-03,"acton","u12","air",0,NA,"ACT18457",NA,NA,NA,NA,NA,"ACT18457",NA,NA,NA,NA,NA,NA,NA
2018-10-03,"acton","u14","dg",4.264,1.3,"ACT18460",115,25,"he",26.5,NA,"ACT18460",1.14801297111392,325.905023113733,99.7155405361065,NA,NA,NA,"18_460"
2018-10-03,"acton","u14","dg",2.46,0.75,"ACT18461",115,25,"he",25.5,NA,"ACT18461",1.13131854622677,300.200234441953,91.9825772528267,NA,NA,NA,"18_461"
2018-10-03,"acton","u12","dg",22.96,7,"ACT18371",115,25,"he",24,NA,"ACT18371",0.360481872586483,8512.83522689202,19832.7772161812,NA,NA,NA,"18_371"
2018-10-03,"acton","u12","dg",19.68,6,"ACT18372",115,25,"he",23.5,NA,"ACT18372",0.441618063373053,5862.55323116715,4189.61844679168,NA,NA,NA,"18_372"
2018-10-03,"acton","u12","dg",13.12,4,"ACT18373",115,25,"he",24,NA,"ACT18373",1.8472929249876,4283.39173739583,52.9676337321564,NA,NA,NA,"18_373"
2018-10-03,"acton","u12","dg",6.56,2,"ACT18374",115,25,"he",24,NA,"ACT18374",1.48803061586292,2065.92106374364,54.0627904582373,NA,NA,NA,"18_374"
2018-10-18,"acton","u14","dg",0.328,0.1,"ACT18487",115,25,"he",17,NA,"ACT18487",1.26948152087046,1263.66088191496,21.7035447945952,NA,NA,NA,"18_487"
2018-10-18,"acton","u14","dg",0.328,0.1,"ACT18488",115,25,"he",NA,NA,"ACT18488",1.28668313624412,1110.37837808854,23.3954018707936,NA,NA,NA,"18_488"
2018-10-18,"acton","u14","dg",0.328,0.1,"ACT18489",115,25,"he",NA,NA,"ACT18489",1.30687788984103,1315.69298547068,22.8079655006982,NA,NA,NA,"18_489"
2018-10-18,"acton","u12","dg",0.328,0.1,"ACT18474",115,25,"he",15,NA,"ACT18474",1.34596013141466,1478.82800493053,18.3422643847164,NA,NA,NA,"18_474"
2018-10-18,"acton","u12","dg",0.328,0.1,"ACT18475",115,25,"he",NA,NA,"ACT18475",1.33532341825379,1479.69654477315,18.6834337161578,NA,NA,NA,"18_475"
2018-10-18,"acton","u12","dg",0.328,0.1,"ACT18476",115,25,"he",15,NA,"ACT18476",1.36187591175209,1490.88825189763,19.9506881039093,NA,NA,NA,"18_476"
2018-10-18,"acton","u14","air",0,NA,"ACT18484",NA,NA,NA,NA,753.7,"ACT18484",NA,NA,NA,NA,NA,NA,NA
2018-10-18,"acton","u14","air",0,NA,"ACT18485",NA,NA,NA,NA,753.7,"ACT18485",NA,NA,NA,NA,NA,NA,NA
2018-10-18,"acton","u14","air",0,NA,"ACT18486",NA,NA,NA,NA,753.7,"ACT18486",NA,NA,NA,NA,NA,NA,NA
2018-10-18,"acton","u12","air",0,NA,"ACT18471",NA,NA,NA,NA,752.1,"ACT18471",NA,NA,NA,NA,NA,NA,NA
2018-10-18,"acton","u12","air",0,NA,"ACT18472",NA,NA,NA,NA,752.1,"ACT18472",NA,NA,NA,NA,NA,NA,NA
2018-10-18,"acton","u12","air",0,NA,"ACT18473",NA,NA,NA,NA,752.1,"ACT18473",NA,NA,NA,NA,NA,NA,NA
2018-10-18,"acton","u14","dg",4.264,1.3,"ACT18491",115,25,"he",NA,NA,"ACT18491",1.40087957451795,1705.11106219728,201.629645175523,NA,NA,NA,"18_491"
2018-10-18,"acton","u14","dg",2.46,0.75,"ACT18490",115,25,"he",NA,NA,"ACT18490",1.29769845638789,1115.39260767375,25.1718265943497,NA,NA,NA,"18_490"
2018-10-18,"acton","u12","dg",22.96,7,"ACT18480",115,25,"he",NA,NA,"ACT18480",1.37613439359836,2062.01010868938,17.7950323059878,NA,NA,NA,"18_480"
2018-10-18,"acton","u12","dg",19.68,6,"ACT18479",115,25,"he",16,NA,"ACT18479",1.37490570678596,1826.01769815404,11.5390429177028,NA,NA,NA,"18_479"
2018-10-18,"acton","u12","dg",13.12,4,"ACT18478",115,25,"he",15,NA,"ACT18478",1.33748790723145,1784.02340446374,10.9207286435797,NA,NA,NA,"18_478"
2018-10-18,"acton","u12","dg",6.56,2,"ACT18477",115,25,"he",15.5,NA,"ACT18477",1.37699876048383,1820.82881478288,8.2187229927589,NA,NA,NA,"18_477"
2018-10-30,"acton","u14","dg",0.328,0.1,"ACT18492",115,25,"he",12,NA,"ACT18492",0.787829146879929,566.867726406467,126.820699198526,NA,NA,NA,"18_492"
2018-10-30,"acton","u14","dg",0.328,0.1,"ACT18493",115,25,"he",12,NA,"ACT18493",0.76444123627637,570.575330714259,118.761362345864,NA,NA,NA,"18_493"
2018-10-30,"acton","u14","dg",0.328,0.1,"ACT18494",115,25,"he",12,NA,"ACT18494",0.769756021092817,625.567197936139,124.127879715776,NA,NA,NA,"18_494"
2018-10-30,"acton","u12","dg",0.328,0.1,"ACT18497",115,25,"he",14.5,NA,"ACT18497",0.859978779468797,756.371168374785,18.4599785168059,NA,NA,NA,"18_497"
2018-10-30,"acton","u12","dg",0.328,0.1,"ACT18498",115,25,"he",14,NA,"ACT18498",0.835519339668373,767.59576415065,18.8092139129729,NA,NA,NA,"18_498"
2018-10-30,"acton","u12","dg",0.328,0.1,"ACT18499",115,25,"he",14.5,NA,"ACT18499",0.834447810471508,645.151959919021,16.9241493801437,NA,NA,NA,"18_499"
2018-10-30,"acton","u14","air",0,NA,"ACT18500",NA,NA,NA,NA,NA,"ACT18500",NA,NA,NA,NA,NA,NA,NA
2018-10-30,"acton","u14","air",0,NA,"ACT18501",NA,NA,NA,NA,NA,"ACT18501",NA,NA,NA,NA,NA,NA,NA
2018-10-30,"acton","u14","air",0,NA,"ACT18502",NA,NA,NA,NA,NA,"ACT18502",NA,NA,NA,NA,NA,NA,NA
2018-10-30,"acton","u12","air",0,NA,"ACT18507",NA,NA,NA,NA,740.6,"ACT18507",NA,NA,NA,NA,NA,NA,NA
2018-10-30,"acton","u12","air",0,NA,"ACT18508",NA,NA,NA,NA,740.6,"ACT18508",NA,NA,NA,NA,NA,NA,NA
2018-10-30,"acton","u12","air",0,NA,"ACT18509",NA,NA,NA,NA,740.6,"ACT18509",NA,NA,NA,NA,NA,NA,NA
2018-10-30,"acton","u14","dg",4.264,1.3,"ACT18506",115,25,"he",12.5,NA,"ACT18506",0.793586830431081,681.373327977935,133.209925013106,NA,NA,NA,"18_506"
2018-10-30,"acton","u14","dg",2.46,0.75,"ACT18505",115,25,"he",13,NA,"ACT18505",0.799901709164601,682.242405216827,128.571097184534,NA,NA,NA,"18_505"
2018-10-30,"acton","u12","dg",22.96,7,"ACT18513",115,25,"he",13,NA,"ACT18513",0.785478926174807,874.058155831882,15.9007674180809,NA,NA,NA,"18_513"
2018-10-30,"acton","u12","dg",19.68,6,"ACT18514",115,25,"he",13,NA,"ACT18514",0.788722087877316,850.126395465748,16.1992118129288,NA,NA,NA,"18_514"
2018-10-30,"acton","u12","dg",13.12,4,"ACT18515",115,25,"he",13,NA,"ACT18515",0.777971078268777,828.896341079582,15.4242394379627,NA,NA,NA,"18_515"
2018-10-30,"acton","u12","dg",6.56,2,"ACT18516",115,25,"he",14,NA,"ACT18516",0.819482119355303,1194.65801928597,16.7193469554698,NA,NA,NA,"18_516"
2018-11-15,"acton","u14","dg",0.328,0.1,"ACT18413",115,25,"he",3.5,NA,"ACT18413",0.650559113233625,814.159860715443,45.2401337619012,NA,NA,NA,"18_413"
2018-11-15,"acton","u14","dg",0.328,0.1,"ACT18450",115,25,"he",4.5,NA,"ACT18450",0.648487490119687,865.04655787308,45.0217200085922,NA,NA,NA,"18_450"
2018-11-15,"acton","u14","dg",0.328,0.1,"ACT18396",115,25,"he",4,NA,"ACT18396",0.657102584862477,803.501358164565,44.9079405764715,NA,NA,NA,"18_396"
2018-11-15,"acton","u12","dg",0.328,0.1,"ACT18367",115,25,"he",6,NA,"ACT18367",2.290063263011,4564.37976388129,784471.597456751,NA,NA,NA,"18_367"
2018-11-15,"acton","u12","dg",0.328,0.1,"ACT18451",115,25,"he",5.5,NA,"ACT18451",0.851163665942593,1057.83295362101,15.6863865415453,NA,NA,NA,"18_451"
2018-11-15,"acton","u12","dg",0.328,0.1,"ACT18388",115,25,"he",5,NA,"ACT18388",0.84280573820705,1027.83098000999,15.4106279537382,NA,NA,NA,"18_388"
2018-11-15,"acton","u14","air",0,NA,"ACT18434",NA,NA,NA,NA,734.4,"ACT18434",NA,NA,NA,NA,NA,NA,NA
2018-11-15,"acton","u14","air",0,NA,"ACT18423",NA,NA,NA,NA,734.4,"ACT18423",NA,NA,NA,NA,NA,NA,NA
2018-11-15,"acton","u14","air",0,NA,"ACT18443",NA,NA,NA,NA,734.4,"ACT18443",NA,NA,NA,NA,NA,NA,NA
2018-11-15,"acton","u12","air",0,NA,"ACT18414",NA,NA,NA,NA,735.4,"ACT18414",NA,NA,NA,NA,NA,NA,NA
2018-11-15,"acton","u12","air",0,NA,"ACT18400",NA,NA,NA,NA,735.4,"ACT18400",NA,NA,NA,NA,NA,NA,NA
2018-11-15,"acton","u12","air",0,NA,"ACT18424",NA,NA,NA,NA,735.4,"ACT18424",NA,NA,NA,NA,NA,NA,NA
2018-11-15,"acton","u14","dg",4.1,1.25,"ACT18412",115,25,"he",4,NA,"ACT18412",0.360731896065751,435.693704900111,2.36591080849353,NA,NA,NA,"18_412"
2018-11-15,"acton","u14","dg",2.46,0.75,"ACT18435",115,25,"he",5,NA,"ACT18435",0.632671719173969,794.651838919126,54.2518685959578,NA,NA,NA,"18_435"
2018-11-15,"acton","u12","dg",22.96,7,"ACT18345",115,25,"he",4,NA,"ACT18345",1.53113986535281,1203.63247842718,666974.004139228,NA,NA,NA,"18_345"
2018-11-15,"acton","u12","dg",19.68,6,"ACT18381",115,25,"he",4,NA,"ACT18381",0.833119114267397,1135.9012613145,14.8117226478611,NA,NA,NA,"18_381"
2018-11-15,"acton","u12","dg",13.12,4,"ACT18398",115,25,"he",4.5,NA,"ACT18398",0.813724435804152,1035.44631499446,14.8731003591326,NA,NA,NA,"18_398"
2018-11-15,"acton","u12","dg",6.56,2,"ACT18392",115,25,"he",4.5,NA,"ACT18392",0.828754418672169,1077.56635941064,15.913496676476,NA,NA,NA,"18_392"
2018-11-30,"acton","u14","dg",0.328,0.1,"ACT18394",115,25,"he",6.5,NA,"ACT18394",NA,NA,NA,NA,NA,NA,NA
2018-11-30,"acton","u14","dg",0.328,0.1,"ACT18399",115,25,"he",6,NA,"ACT18399",NA,NA,NA,NA,NA,NA,NA
2018-11-30,"acton","u14","dg",0.328,0.1,"ACT18401",115,25,"he",6,NA,"ACT18401",NA,NA,NA,NA,NA,NA,NA
2018-11-30,"acton","u12","dg",0.328,0.1,"ACT18385",115,25,"he",12,NA,"ACT18385",NA,NA,NA,NA,NA,NA,NA
2018-11-30,"acton","u12","dg",0.328,0.1,"ACT18386",115,25,"he",12.5,NA,"ACT18386",NA,NA,NA,NA,NA,NA,NA
2018-11-30,"acton","u12","dg",0.328,0.1,"ACT18387",115,25,"he",12,NA,"ACT18387",NA,NA,NA,NA,NA,NA,NA
2018-11-30,"acton","u14","air",0,NA,"ACT18404",NA,NA,NA,NA,737.3,"ACT18404",NA,NA,NA,NA,NA,NA,NA
2018-11-30,"acton","u14","air",0,NA,"ACT18405",NA,NA,NA,NA,737.3,"ACT18405",NA,NA,NA,NA,NA,NA,NA
2018-11-30,"acton","u14","air",0,NA,"ACT18406",NA,NA,NA,NA,737.3,"ACT18406",NA,NA,NA,NA,NA,NA,NA
2018-11-30,"acton","u12","air",0,NA,"ACT18389",NA,NA,NA,NA,737.8,"ACT18389",NA,NA,NA,NA,NA,NA,NA
2018-11-30,"acton","u12","air",0,NA,"ACT18390",NA,NA,NA,NA,737.8,"ACT18390",NA,NA,NA,NA,NA,NA,NA
2018-11-30,"acton","u12","air",0,NA,"ACT18391",NA,NA,NA,NA,737.8,"ACT18391",NA,NA,NA,NA,NA,NA,NA
2018-11-30,"acton","u14","dg",4.1,1.25,"ACT18403",115,25,"he",6.5,NA,"ACT18403",NA,NA,NA,NA,NA,NA,NA
2018-11-30,"acton","u14","dg",2.46,0.75,"ACT18402",115,25,"he",6.5,NA,"ACT18402",NA,NA,NA,NA,NA,NA,NA
2018-11-30,"acton","u12","dg",22.96,7,"ACT18384",115,25,"he",10,NA,"ACT18384",NA,NA,NA,NA,NA,NA,NA
2018-11-30,"acton","u12","dg",19.68,6,"ACT18383",115,25,"he",10,NA,"ACT18383",NA,NA,NA,NA,NA,NA,NA
2018-11-30,"acton","u12","dg",13.12,4,"ACT18382",115,25,"he",NA,NA,"ACT18382",NA,NA,NA,NA,NA,NA,NA
2018-11-30,"acton","u12","dg",6.56,2,"ACT18379",115,25,"he",NA,NA,"ACT18379",NA,NA,NA,NA,NA,NA,NA
2018-12-13,"acton","u14","dg",0.328,0.1,"ACT18421",115,25,"he",5,NA,"ACT18421",NA,NA,NA,NA,NA,NA,NA
2018-12-13,"acton","u14","dg",0.328,0.1,"ACT18422",115,25,"he",5,NA,"ACT18422",NA,NA,NA,NA,NA,NA,NA
2018-12-13,"acton","u14","dg",0.328,0.1,"ACT18425",115,25,"he",5,NA,"ACT18425",NA,NA,NA,NA,NA,NA,NA
2018-12-13,"acton","u12","dg",0.328,0.1,"ACT18411",115,25,"he",7,NA,"ACT18411",NA,NA,NA,NA,NA,NA,NA
2018-12-13,"acton","u12","dg",0.328,0.1,"ACT18415",115,25,"he",7,NA,"ACT18415",NA,NA,NA,NA,NA,NA,NA
2018-12-13,"acton","u12","dg",0.328,0.1,"ACT18416",115,25,"he",7,NA,"ACT18416",NA,NA,NA,NA,NA,NA,NA
2018-12-13,"acton","u14","air",0,NA,"ACT18495",NA,NA,NA,NA,740.1,"ACT18495",NA,NA,NA,NA,NA,NA,NA
2018-12-13,"acton","u14","air",0,NA,"ACT18496",NA,NA,NA,NA,740.1,"ACT18496",NA,NA,NA,NA,NA,NA,NA
2018-12-13,"acton","u14","air",0,NA,"ACT18517",NA,NA,NA,NA,740.1,"ACT18517",NA,NA,NA,NA,NA,NA,NA
2018-12-13,"acton","u12","air",0,NA,"ACT18417",NA,NA,NA,NA,740.6,"ACT18417",NA,NA,NA,NA,NA,NA,NA
2018-12-13,"acton","u12","air",0,NA,"ACT18419",NA,NA,NA,NA,740.6,"ACT18419",NA,NA,NA,NA,NA,NA,NA
2018-12-13,"acton","u12","air",0,NA,"ACT18420",NA,NA,NA,NA,740.6,"ACT18420",NA,NA,NA,NA,NA,NA,NA
2018-12-13,"acton","u14","dg",4.264,1.3,"ACT18427",115,25,"he",7,NA,"ACT18427",NA,NA,NA,NA,NA,NA,NA
2018-12-13,"acton","u14","dg",2.46,0.75,"ACT18426",115,25,"he",7,NA,"ACT18426",NA,NA,NA,NA,NA,NA,NA
2018-12-13,"acton","u12","dg",22.96,7,"ACT18410",115,25,"he",7,NA,"ACT18410",NA,NA,NA,NA,NA,NA,NA
2018-12-13,"acton","u12","dg",19.68,6,"ACT18409",115,25,"he",7.5,NA,"ACT18409",NA,NA,NA,NA,NA,NA,NA
2018-12-13,"acton","u12","dg",13.12,4,"ACT18408",115,25,"he",8,NA,"ACT18408",NA,NA,NA,NA,NA,NA,NA
2018-12-13,"acton","u12","dg",6.56,2,"ACT18407",115,25,"he",8,NA,"ACT18407",NA,NA,NA,NA,NA,NA,NA
