"sample.date","site","sample.depth.m","gasVolume","waterVolume","barometricPressure","waterTemp","headspaceTemp","concentrationCO2Gas","concentrationCO2Air","concentrationCO2Source","concentrationCH4Gas","concentrationCH4Air","concentrationCH4Source","concentrationN2OGas","concentrationN2OAir","concentrationN2OSource","dissolvedCO2","dissolvedCH4","dissolvedN2O","satCO2","satCH4","satN2O","deltaCO2","deltaCH4","deltaN2O","sampleDepthFactor"
2017-05-26,"u14",0.1,30,110,98.2985822368421,NA,NA,1494.96895290782,505.843445245043,0,83.3605440242364,21.7824326578703,0,0.808979049174559,0.310842280258247,0,NA,NA,NA,NA,NA,NA,NA,NA,NA,"0.1"
2017-05-26,"u14",0.1,30,110,98.2985822368421,NA,NA,1653.27541022722,505.843445245043,0,176.800499576778,21.7824326578703,0,0.843021987187371,0.310842280258247,0,NA,NA,NA,NA,NA,NA,NA,NA,NA,"0.1"
2017-05-26,"u12",0.1,33,107,98.2719177631579,NA,NA,604.59292433771,484.07149855433,0,159.469094781545,153.215871127121,0,0.671711139337967,0.296278173037236,0,NA,NA,NA,NA,NA,NA,NA,NA,NA,"0.1"
2017-05-26,"u12",0.1,33,107,98.2719177631579,NA,NA,526.114625264564,484.07149855433,0,34.2793541519373,153.215871127121,0,0.569210045296963,0.296278173037236,0,NA,NA,NA,NA,NA,NA,NA,NA,NA,"0.1"
2017-06-09,"u14",0.1,25,115,98.2719177631579,24,24,252.591597303262,534.949450791897,0,146.747550972259,151.928667956165,0,1.22647038983471,0.305223486421618,0,1.06e-05,1.48e-06,4.04e-08,1.78246466604568e-05,2.13555620981255e-07,7.42154005482852e-09,-7.22464666045682e-06,1.26644437901875e-06,3.29784599451715e-08,"0.1"
2017-06-09,"u14",0.1,25,115,98.2719177631579,24,24,278.256628620662,534.949450791897,0,150.082121617421,151.928667956165,0,1.26897235679482,0.305223486421618,0,1.17e-05,1.51e-06,4.18e-08,1.78246466604568e-05,2.13555620981255e-07,7.42154005482852e-09,-6.12464666045683e-06,1.29644437901875e-06,3.43784599451715e-08,"0.1"
2017-06-09,"u14",0.1,25,115,98.2719177631579,24,24,267.960467618719,534.949450791897,0,154.190229026665,151.928667956165,0,1.26657321900047,0.305223486421618,0,1.12e-05,1.55e-06,4.17e-08,1.78246466604568e-05,2.13555620981255e-07,7.42154005482852e-09,-6.62464666045683e-06,1.33644437901875e-06,3.42784599451715e-08,"0.1"
2017-06-09,"u12",0.1,25,115,98.3785756578947,24.5,24.5,111.592661346305,466.486857878098,0,54.0492972256144,1.70335151797629,0,0.751027462107793,0.308931771688664,0,4.64e-06,5.42e-07,2.45e-08,1.53506372205638e-05,2.37127504105307e-09,7.40595276157374e-09,-1.07106372205638e-05,5.39628724958947e-07,1.70940472384263e-08,"0.1"
2017-06-09,"u12",0.1,25,115,98.3785756578947,24.5,24.5,121.607893376811,466.486857878098,0,55.037342184809,1.70335151797629,0,0.758100782156627,0.308931771688664,0,5.05e-06,5.52e-07,2.47e-08,1.53506372205638e-05,2.37127504105307e-09,7.40595276157374e-09,-1.03006372205638e-05,5.49628724958947e-07,1.72940472384263e-08,"0.1"
2017-06-09,"u12",0.1,25,115,98.3785756578947,24.5,24.5,121.797463333146,466.486857878098,0,55.3290076304293,1.70335151797629,0,0.761906311071789,0.308931771688664,0,5.06e-06,5.55e-07,2.48e-08,1.53506372205638e-05,2.37127504105307e-09,7.40595276157374e-09,-1.02906372205638e-05,5.52628724958947e-07,1.73940472384263e-08,"0.1"
2017-06-26,"u14",0.1,30,110,101.991611842105,22.5,22.5,1175.61375679573,484.608384933434,0,61.3884137875033,58.0574969096807,0,1.58592741453864,0.323474183191914,0,5.57e-05,7.87e-07,5.99e-08,1.74594506259266e-05,8.74890012427544e-08,8.54814210965308e-09,3.82405493740734e-05,6.99510998757246e-07,5.13518578903469e-08,"0.1"
2017-06-26,"u14",0.1,30,110,101.991611842105,22.5,22.5,1187.40779662803,484.608384933434,0,62.4940293139246,58.0574969096807,0,1.57326989445125,0.323474183191914,0,5.62e-05,8.01e-07,5.94e-08,1.74594506259266e-05,8.74890012427544e-08,8.54814210965308e-09,3.87405493740734e-05,7.13510998757246e-07,5.08518578903469e-08,"0.1"
2017-06-26,"u14",0.1,30,110,101.991611842105,23,23,1163.42246111068,484.608384933434,0,67.5699124566974,58.0574969096807,0,1.60660963690365,0.323474183191914,0,5.45e-05,8.64e-07,6e-08,1.72217942283309e-05,8.65448675345969e-08,8.41735284943497e-09,3.72782057716691e-05,7.77455132465403e-07,5.1582647150565e-08,"0.1"
2017-06-26,"u12",0.1,30,110,101.991611842105,24,24,929.092178379751,462.62138098722,0,32.8165049789422,52.3936337498865,0,1.95543599931196,0.315404954450821,0,4.26e-05,4.17e-07,7.14e-08,1.59981184589067e-05,7.6433688954259e-08,7.95938700969017e-09,2.66018815410933e-05,3.40566311045741e-07,6.34406129903098e-08,"0.1"
2017-06-26,"u12",0.1,30,110,101.991611842105,24,24,1091.86168359582,462.62138098722,0,34.3697930498041,52.3936337498865,0,1.96267477713972,0.315404954450821,0,5.01e-05,4.37e-07,7.16e-08,1.59981184589067e-05,7.6433688954259e-08,7.95938700969017e-09,3.41018815410933e-05,3.60566311045741e-07,6.36406129903098e-08,"0.1"
2017-06-26,"u12",0.1,30,110,101.991611842105,24,24,1085.71029832498,462.62138098722,0,27.1634858740663,52.3936337498865,0,1.75847919572995,0.315404954450821,0,4.98e-05,3.45e-07,6.42e-08,1.59981184589067e-05,7.6433688954259e-08,7.95938700969017e-09,3.38018815410933e-05,2.68566311045741e-07,5.62406129903098e-08,"0.1"
2017-07-10,"u14",0.1,NA,NA,98.5385625,21,21,307.372087212346,443.296291946661,0,60.5507790110877,1.94928672468979,0,1.64640726120541,0.309566630126383,0,NA,NA,NA,1.60824963616074e-05,2.9325483685481e-09,8.2804359991074e-09,NA,NA,NA,"0.1"
2017-07-10,"u14",0.1,NA,NA,98.5385625,21,21,457.535938519574,443.296291946661,0,54.8188400313469,1.94928672468979,0,1.60861930531862,0.309566630126383,0,NA,NA,NA,1.60824963616074e-05,2.9325483685481e-09,8.2804359991074e-09,NA,NA,NA,"0.1"
2017-07-10,"u12",0.1,NA,NA,98.4985657894737,24,24,219.300417112451,439.255598466707,0,36.4520538814483,1.86285297450425,0,2.19986742226803,0.308118915558128,0,NA,NA,NA,1.46698598427838e-05,2.62452269118935e-09,7.50922164266892e-09,NA,NA,NA,"0.1"
2017-07-10,"u12",0.1,NA,NA,98.4985657894737,24,24,221.05366253451,439.255598466707,0,32.6173531838907,1.86285297450425,0,2.22887535257733,0.308118915558128,0,NA,NA,NA,1.46698598427838e-05,2.62452269118935e-09,7.50922164266892e-09,NA,NA,NA,"0.1"
2017-07-14,"u14",0.1,25,115,98.9385296052632,27,27,381.715943327045,465.190467396896,0,144.906340124872,31.9281946593067,0,1.16768452501422,0.305833357481463,0,1.51e-05,1.44e-06,3.62e-08,1.4395135334304e-05,4.23863884132478e-08,6.83683807518448e-09,7.04864665696045e-07,1.39761361158675e-06,2.93631619248155e-08,"0.1"
2017-07-14,"u14",0.1,25,115,98.9385296052632,28,28,378.520097823904,465.190467396896,0,141.769209566581,31.9281946593067,0,1.1653746079446,0.305833357481463,0,1.47e-05,1.4e-06,3.53e-08,1.40179516155735e-05,4.15047259258107e-08,6.63563820730454e-09,6.82048384426461e-07,1.35849527407419e-06,2.86643617926955e-08,"0.1"
2017-07-14,"u14",0.1,25,115,98.9385296052632,28,28,383.850369511522,465.190467396896,0,467.187472962623,31.9281946593067,0,1.14916603732051,0.305833357481463,0,1.49e-05,4.62e-06,3.48e-08,1.40179516155735e-05,4.15047259258107e-08,6.63563820730454e-09,8.82048384426461e-07,4.57849527407419e-06,2.81643617926955e-08,"0.1"
2017-07-14,"u12",0.1,25,115,98.9385296052632,28,28,188.127428161033,517.277058354429,0,128.582707970359,170.863631062351,0,1.29686370079731,0.307978131582816,0,7.28e-06,1.27e-06,3.93e-08,1.55875179825471e-05,2.22112407344165e-07,6.6821731735691e-09,-8.30751798254707e-06,1.04788759265583e-06,3.26178268264309e-08,"0.1"
2017-07-14,"u12",0.1,25,115,98.9385296052632,28,28,184.769356997833,517.277058354429,0,92.8862987803857,170.863631062351,0,1.29510189964251,0.307978131582816,0,7.15e-06,9.19e-07,3.92e-08,1.55875179825471e-05,2.22112407344165e-07,6.6821731735691e-09,-8.43751798254707e-06,6.96887592655835e-07,3.25178268264309e-08,"0.1"
2017-07-14,"u12",0.1,25,115,98.9385296052632,28,28,178.210805312633,517.277058354429,0,147.604947056735,170.863631062351,0,1.29917361786692,0.307978131582816,0,6.9e-06,1.46e-06,3.93e-08,1.55875179825471e-05,2.22112407344165e-07,6.6821731735691e-09,-8.68751798254707e-06,1.23788759265583e-06,3.26178268264309e-08,"0.1"
2017-07-26,"u14",0.1,25,115,99.1251809210526,29,29,326.841955057729,515.750900955888,0,40.2481309157553,201.888344363123,0,1.70636501587632,0.32008473610908,0,1.24e-05,3.97e-07,5.06e-08,1.51655239279048e-05,2.57504331319578e-07,6.75452208258498e-09,-2.76552392790479e-06,1.39495668680422e-07,4.3845477917415e-08,"0.1"
2017-07-26,"u14",0.1,25,115,99.1251809210526,29,29,314.832621194581,515.750900955888,0,42.6595491212721,201.888344363123,0,1.75140839873385,0.32008473610908,0,1.2e-05,4.2e-07,5.2e-08,1.51655239279048e-05,2.57504331319578e-07,6.75452208258498e-09,-3.16552392790479e-06,1.62495668680422e-07,4.5245477917415e-08,"0.1"
2017-07-26,"u14",0.1,25,115,99.1251809210526,29,29,333.537239799263,515.750900955888,0,40.9604267549234,201.888344363123,0,1.68500807076655,0.32008473610908,0,1.27e-05,4.04e-07,5e-08,1.51655239279048e-05,2.57504331319578e-07,6.75452208258498e-09,-2.46552392790479e-06,1.46495668680422e-07,4.3245477917415e-08,"0.1"
2017-07-26,"u12",0.1,25,115,99.1251809210526,28,28,452.182135037361,521.468046040981,0,37.3173303275118,42.4761043385595,0,2.637238358175,0.324994978249427,0,1.75e-05,3.7e-07,8e-08,1.57434530229403e-05,5.5320539649932e-08,7.06468883871752e-09,1.75654697705973e-06,3.14679460350068e-07,7.29353111612825e-08,"0.1"
2017-07-26,"u12",0.1,25,115,99.1251809210526,28,28,489.463909228108,521.468046040981,0,38.3560950929652,42.4761043385595,0,2.608430694576,0.324994978249427,0,1.9e-05,3.8e-07,7.92e-08,1.57434530229403e-05,5.5320539649932e-08,7.06468883871752e-09,3.25654697705974e-06,3.24679460350068e-07,7.21353111612825e-08,"0.1"
2017-07-26,"u12",0.1,25,115,99.1251809210526,28,28,533.033086500815,521.468046040981,0,37.9455356856669,42.4761043385595,0,2.542400040531,0.324994978249427,0,2.07e-05,3.76e-07,7.71e-08,1.57434530229403e-05,5.5320539649932e-08,7.06468883871752e-09,4.95654697705973e-06,3.20679460350068e-07,7.00353111612825e-08,"0.1"
2017-08-09,"u14",0.1,25,115,99.5784769736842,26,26,185.772838580763,493.640503301134,0,40.8887025211183,95.2282785986942,0,3.314372269656,0.313957688031575,0,7.56e-06,4.12e-07,1.06e-07,1.57907969274674e-05,1.29959462897524e-07,7.27948937508761e-09,-8.23079692746738e-06,2.82040537102476e-07,9.87205106249124e-08,"0.1"
2017-08-09,"u14",0.1,25,115,99.5784769736842,27,27,203.052188886364,493.640503301134,0,39.8919829961713,95.2282785986942,0,3.303939642451,0.313957688031575,0,8.09e-06,3.99e-07,1.03e-07,1.53743144643839e-05,1.27238345312746e-07,7.0638520054372e-09,-7.2843144643839e-06,2.71761654687254e-07,9.59361479945628e-08,"0.1"
2017-08-09,"u14",0.1,25,115,99.5784769736842,26,26,228.938769212754,493.640503301134,0,39.1871069053279,95.2282785986942,0,3.296948429096,0.313957688031575,0,9.32e-06,3.95e-07,1.05e-07,1.57907969274674e-05,1.29959462897524e-07,7.27948937508761e-09,-6.47079692746738e-06,2.65040537102476e-07,9.77205106249124e-08,"0.1"
2017-08-09,"u12",0.1,25,115,99.5118157894737,25,25,300.315742128824,501.801458629353,0,22.3631028891144,39.4274273130499,0,2.667891779871,0.310215087952136,0,1.25e-05,2.26e-07,8.7e-08,1.64786075236244e-05,5.49289283736072e-08,7.40881600497799e-09,-3.97860752362441e-06,1.71071071626393e-07,7.9591183995022e-08,"0.1"
2017-08-09,"u12",0.1,25,115,99.5118157894737,24,24,291.541651429118,501.801458629353,0,22.0890692757016,39.4274273130499,0,2.606663363219,0.310215087952136,0,1.24e-05,2.25e-07,8.7e-08,1.69311057579902e-05,5.61196477104051e-08,7.63808036043466e-09,-4.53110575799021e-06,1.68880352289595e-07,7.93619196395653e-08,"0.1"
2017-08-09,"u12",0.1,25,115,99.5118157894737,25,25,295.845266439513,501.801458629353,0,22.4455357646939,39.4274273130499,0,2.6664793692,0.310215087952136,0,1.23e-05,2.27e-07,8.7e-08,1.64786075236244e-05,5.49289283736072e-08,7.40881600497799e-09,-4.17860752362441e-06,1.72071071626393e-07,7.9591183995022e-08,"0.1"
2017-08-09,"u14",0.75,30,110,99.5784769736842,26,26,226.273633368945,493.640503301134,0,34.5002992135798,95.2282785986942,0,3.114899118824,0.313957688031575,0,9.71e-06,4.24e-07,1.06e-07,1.57907969274674e-05,1.29959462897524e-07,7.27948937508761e-09,-6.08079692746738e-06,2.94040537102476e-07,9.87205106249124e-08,"0.75"
2017-08-09,"u14",1.3,30,110,99.5784769736842,24,24,552.267330448373,493.640503301134,0,107.938494881694,95.2282785986942,0,2.813054096819,0.313957688031575,0,2.47e-05,1.34e-06,1e-07,1.66669072357545e-05,1.35635464454258e-07,7.73540857374230e-09,8.0330927642455e-06,1.20436453554574e-06,9.22645914262577e-08,"1.3"
2017-08-09,"u12",2,30,110,99.5118157894737,24,24,564.520397894764,501.801458629353,0,59.8362664928766,39.4274273130499,0,3.229803644319,0.310215087952136,0,2.52e-05,7.42e-07,1.15e-07,1.69311057579902e-05,5.61196477104051e-08,7.63808036043466e-09,8.26889424200979e-06,6.85880352289595e-07,1.07361919639565e-07,"2"
2017-08-09,"u12",4,30,110,99.5118157894737,24,24,4009.86036316163,501.801458629353,0,134.127733218327,39.4274273130499,0,8.789653935475,0.310215087952136,0,0.000179,1.66e-06,3.13e-07,1.69311057579902e-05,5.61196477104051e-08,7.63808036043466e-09,0.00016206889424201,1.60388035228959e-06,3.05361919639565e-07,"4"
2017-08-09,"u12",6,30,110,99.5118157894737,24,24,7941.77160996589,501.801458629353,0,18315.6487248548,39.4274273130499,0,0.0817690199050909,0.310215087952136,0,0.000355,0.000227,2.91e-09,1.69311057579902e-05,5.61196477104051e-08,7.63808036043466e-09,0.00033806889424201,0.00022694388035229,-4.72808036043466e-09,"6"
2017-08-09,"u12",7,30,110,99.5118157894737,24,24,9451.33776043263,501.801458629353,0,28779.2097188471,39.4274273130499,0,0.0881506551991182,0.310215087952136,0,0.000423,0.000357,3.14e-09,1.69311057579902e-05,5.61196477104051e-08,7.63808036043466e-09,0.00040606889424201,0.00035694388035229,-4.49808036043466e-09,"7"
2017-08-24,"u14",0.1,25,115,99.0851842105263,25,25,641.072383033585,NA,0,74.0750534972399,NA,0,5.19015369394677,NA,0,2.65e-05,7.46e-07,1.69e-07,1.32427348697368e-05,2.56630627105263e-09,7.84754658947368e-09,1.32572651302632e-05,7.43433693728947e-07,1.61152453410526e-07,"0.1"
2017-08-24,"u14",0.1,25,115,99.0851842105263,25,25,697.59354728838,NA,0,72.1644746949011,NA,0,5.09912007385044,NA,0,2.89e-05,7.27e-07,1.66e-07,1.32427348697368e-05,2.56630627105263e-09,7.84754658947368e-09,1.56572651302632e-05,7.24433693728947e-07,1.58152453410526e-07,"0.1"
2017-08-24,"u14",0.1,25,115,99.0851842105263,25,25,613.550770191497,NA,0,408.59445476335,NA,0,5.13765401666661,NA,0,2.54e-05,4.12e-06,1.67e-07,1.32427348697368e-05,2.56630627105263e-09,7.84754658947368e-09,1.21572651302632e-05,4.11743369372895e-06,1.59152453410526e-07,"0.1"
2017-08-24,"u12",0.1,25,115,99.0851842105263,25.5,25.5,536.893691519146,NA,0,18.233321743492,NA,0,4.14631245427488,NA,0,2.2e-05,1.83e-07,1.33e-07,1.30654635599879e-05,2.53907173007006e-09,7.72946498012976e-09,8.93453644001206e-06,1.8046092826993e-07,1.2527053501987e-07,"0.1"
2017-08-24,"u12",0.1,25,115,99.0851842105263,25.5,25.5,380.368618662996,NA,0,18.2433027951272,NA,0,4.40023862774477,NA,0,1.56e-05,1.83e-07,1.41e-07,1.30654635599879e-05,2.53907173007006e-09,7.72946498012976e-09,2.53453644001206e-06,1.8046092826993e-07,1.3327053501987e-07,"0.1"
2017-08-24,"u12",0.1,25,115,99.0851842105263,25.5,25.5,370.798620107887,NA,0,19.6885590718993,NA,0,4.29181448954938,NA,0,1.52e-05,1.98e-07,1.38e-07,1.30654635599879e-05,2.53907173007006e-09,7.72946498012976e-09,2.13453644001206e-06,1.9546092826993e-07,1.3027053501987e-07,"0.1"
2017-08-24,"u12",7,25,115,99.0851842105263,24,24,12917.9944971773,NA,0,53850.2440713243,NA,0,0.14639075306064,NA,0,0.000547,0.000546,4.87e-09,1.36063768909537e-05,2.62193725806741e-09,8.09038737665789e-09,0.000533393623109046,0.000545997378062742,-3.22038737665789e-09,"7"
2017-08-24,"u14",1,25,115,99.0851842105263,24.5,24.5,740.865191978995,NA,0,60.4985564448587,NA,0,5.21388108715503,NA,0,3.1e-05,6.11e-07,1.71e-07,1.34230191252221e-05,2.59392591048271e-09,7.96783795455682e-09,1.75769808747779e-05,6.08406074089517e-07,1.63032162045443e-07,"1"
2017-08-31,"u14",0.1,25,115,99.1385131578947,25.5,25.5,537.676599518717,NA,0,75.1210215832885,NA,0,3.29071126841336,NA,0,2.2e-05,7.55e-07,1.06e-07,1.30724955640568e-05,2.5404382918193e-09,7.73362507968850e-09,8.92750443594317e-06,7.52459561708181e-07,9.82663749203115e-08,"0.1"
2017-08-31,"u14",0.1,25,115,99.1385131578947,25.5,25.5,637.229742749973,NA,0,71.4917653814948,NA,0,3.29889383530195,NA,0,2.61e-05,7.19e-07,1.06e-07,1.30724955640568e-05,2.5404382918193e-09,7.73362507968850e-09,1.30275044359432e-05,7.16459561708181e-07,9.82663749203115e-08,"0.1"
2017-08-31,"u14",0.1,25,115,99.1385131578947,25,25,425.943639491693,NA,0,70.2560046991873,NA,0,3.35947354103851,NA,0,1.76e-05,7.08e-07,1.09e-07,1.32498622835526e-05,2.56768749078947e-09,7.85177024210526e-09,4.35013771644737e-06,7.05432312509211e-07,1.01148229757895e-07,"0.1"
2017-08-31,"u12",0.1,25,115,99.0718519736842,27,27,170.201703737255,NA,0,21.9921857892957,NA,0,3.97388382670786,NA,0,6.74e-06,2.19e-07,1.23e-07,1.25494530601984e-05,2.45928357397354e-09,7.3870189175934e-09,-5.80945306019845e-06,2.16540716426026e-07,1.15612981082407e-07,"0.1"
2017-08-31,"u12",0.1,25,115,99.0718519736842,26.5,26.5,171.726710824843,NA,0,26.4856552354477,NA,0,3.78244457381322,NA,0,6.88e-06,2.65e-07,1.19e-07,1.27180128052835e-05,2.48539768484961e-09,7.49873451450803e-09,-5.83801280528355e-06,2.6251460231515e-07,1.11501265485492e-07,"0.1"
2017-08-31,"u12",0.1,25,115,99.0718519736842,26.5,26.5,136.377885178111,NA,0,21.0639479872252,NA,0,3.98547066954508,NA,0,5.46e-06,2.1e-07,1.25e-07,1.27180128052835e-05,2.48539768484961e-09,7.49873451450803e-09,-7.25801280528355e-06,2.0751460231515e-07,1.17501265485492e-07,"0.1"
2017-09-15,"u14",0.1,25,115,99.0985164473684,23.5,23.5,258.100525046426,NA,0,21.2226784022334,NA,0,2.91136588818,NA,0,1.1e-05,2.16e-07,9.79e-08,1.37947260025563e-05,2.65070366864613e-09,8.21634974490028e-09,-2.79472600255625e-06,2.13349296331354e-07,8.96836502550997e-08,"0.1"
2017-09-15,"u14",0.1,25,115,99.0985164473684,23.5,23.5,246.313847903732,NA,0,22.559814180962,NA,0,2.84463764322,NA,0,1.05e-05,2.29e-07,9.57e-08,1.37947260025563e-05,2.65070366864613e-09,8.21634974490028e-09,-3.29472600255625e-06,2.26349296331354e-07,8.74836502550997e-08,"0.1"
2017-09-15,"u14",0.1,25,115,99.0985164473684,23.5,23.5,242.4528799589,NA,0,22.7555941859471,NA,0,2.8444039205,NA,0,1.04e-05,2.31e-07,9.57e-08,1.37947260025563e-05,2.65070366864613e-09,8.21634974490028e-09,-3.39472600255625e-06,2.28349296331354e-07,8.74836502550997e-08,"0.1"
2017-09-15,"u12",0.1,25,115,99.2718355263158,23,23,933.558983129578,NA,0,17.0800568073875,NA,0,5.66418902432,NA,0,4.05e-05,1.74e-07,1.93e-07,1.40089018181981e-05,2.6842090416517e-09,8.35817470365004e-09,2.64910981818019e-05,1.71315790958348e-07,1.8464182529635e-07,"0.1"
2017-09-15,"u12",0.1,25,115,99.2718355263158,23,23,837.024397659694,NA,0,17.3091610685403,NA,0,5.66214567938,NA,0,3.63e-05,1.77e-07,1.93e-07,1.40089018181981e-05,2.6842090416517e-09,8.35817470365004e-09,2.22910981818019e-05,1.74315790958348e-07,1.8464182529635e-07,"0.1"
2017-09-15,"u12",0.1,25,115,99.2718355263158,23,23,935.894543345915,NA,0,53.8151614877165,NA,0,5.51851409282,NA,0,4.06e-05,5.5e-07,1.88e-07,1.40089018181981e-05,2.6842090416517e-09,8.35817470365004e-09,2.65910981818019e-05,5.47315790958348e-07,1.7964182529635e-07,"0.1"
2017-09-15,"u14",1,25,115,99.0985164473684,24,24,227.330755508309,NA,0,65.1573586699886,NA,0,2.76549170402,NA,0,9.62e-06,6.61e-07,9.19e-08,1.36082076736355e-05,2.62229004833357e-09,8.09147596484098e-09,-3.98820767363549e-06,6.58377709951666e-07,8.3808524035159e-08,"1"
2017-09-15,"u14",1.3,25,115,99.0985164473684,24,24,399.873122998454,NA,0,99.1111504916298,NA,0,2.41398925458,NA,0,1.69e-05,1e-06,8.02e-08,1.36082076736355e-05,2.62229004833357e-09,8.09147596484098e-09,3.29179232636451e-06,9.97377709951666e-07,7.2108524035159e-08,"1.3"
2017-09-15,"u12",7,25,115,99.2718355263158,22.5,22.5,3968.88457404962,NA,0,109.810630100214,NA,0,3.68116474178,NA,0,0.000174,1.13e-06,1.27e-07,1.42022211144482e-05,2.71349156652184e-09,8.48804445080428e-09,0.000159797778885552,1.12728650843348e-06,1.18511955549196e-07,"7"
2017-09-15,"u12",6,25,115,99.2718355263158,22.5,22.5,2710.27272235566,NA,0,99.3191497064156,NA,0,4.09418932128,NA,0,0.000119,1.02e-06,1.41e-07,1.42022211144482e-05,2.71349156652184e-09,8.48804445080428e-09,0.000104797778885552,1.01728650843348e-06,1.32511955549196e-07,"6"
2017-09-15,"u12",4,25,115,99.2718355263158,23,23,2380.15667053833,NA,0,217.688426824476,NA,0,6.11268694178,NA,0,0.000103,2.22e-06,2.08e-07,1.40089018181981e-05,2.6842090416517e-09,8.35817470365004e-09,8.89910981818019e-05,2.21731579095835e-06,1.9964182529635e-07,"4"
2017-09-15,"u12",2,25,115,99.2718355263158,23,23,1982.26174078712,NA,0,9.3362679569073,NA,0,5.7840178245,NA,0,8.59e-05,9.54e-08,1.97e-07,1.40089018181981e-05,2.6842090416517e-09,8.35817470365004e-09,7.18910981818019e-05,9.27157909583483e-08,1.8864182529635e-07,"2"
2017-09-21,"u14",0.1,25,115,99.0985164473684,28,28,178.167763677453,NA,0,19.9167841136621,NA,0,1.98832115151643,NA,0,6.91e-06,1.97e-07,6.03e-08,1.22239193083059e-05,2.40877712034933e-09,7.17155754715461e-09,-5.31391930830592e-06,1.94591222879651e-07,5.31284424528454e-08,"0.1"
2017-09-21,"u14",0.1,25,115,99.0985164473684,28,28,184.519055946701,NA,0,19.0253602611764,NA,0,1.88584553858,NA,0,7.16e-06,1.88e-07,5.72e-08,1.22239193083059e-05,2.40877712034933e-09,7.17155754715461e-09,-5.06391930830592e-06,1.85591222879651e-07,5.00284424528454e-08,"0.1"
2017-09-21,"u14",0.1,25,115,99.0985164473684,28,28,130.238136606751,NA,0,18.0381291722085,NA,0,1.91899906208,NA,0,5.05e-06,1.79e-07,5.82e-08,1.22239193083059e-05,2.40877712034933e-09,7.17155754715461e-09,-7.17391930830592e-06,1.76591222879651e-07,5.10284424528454e-08,"0.1"
2017-09-21,"u12",0.1,25,115,99.0985164473684,27,27,224.846866130468,NA,0,34.2195554627422,NA,0,2.31029617922,NA,0,8.91e-06,3.41e-07,7.17e-08,1.25528306548856e-05,2.45994547239205e-09,7.3890070804026e-09,-3.64283065488562e-06,3.38540054527608e-07,6.43109929195974e-08,"0.1"
2017-09-21,"u12",0.1,25,115,99.0985164473684,27,27,216.867532377816,NA,0,31.4094860709854,NA,0,2.33011463522,NA,0,8.59e-06,3.13e-07,7.23e-08,1.25528306548856e-05,2.45994547239205e-09,7.3890070804026e-09,-3.96283065488562e-06,3.10540054527608e-07,6.49109929195974e-08,"0.1"
2017-09-21,"u12",0.1,25,115,99.0985164473684,27,27,228.697109164342,NA,0,33.8118770017619,NA,0,2.21695889672,NA,0,9.06e-06,3.37e-07,6.88e-08,1.25528306548856e-05,2.45994547239205e-09,7.3890070804026e-09,-3.49283065488562e-06,3.34540054527608e-07,6.14109929195974e-08,"0.1"
2017-09-21,"u14",0.75,25,115,99.0985164473684,27.5,27.5,508.799608650922,NA,0,16.8842768024023,NA,0,1.98517299468656,NA,0,1.99e-05,1.68e-07,6.09e-08,1.23870098698475e-05,2.43418430591348e-09,7.27928960577074e-09,7.51299013015248e-06,1.65565815694087e-07,5.36207103942293e-08,"0.75"
2017-09-21,"u14",1.3,25,115,99.0985164473684,27.5,27.5,851.34421795921,NA,0,146.764044431458,NA,0,2.23459646082,NA,0,3.34e-05,1.46e-06,6.85e-08,1.23870098698475e-05,2.43418430591348e-09,7.27928960577074e-09,2.10129901301525e-05,1.45756581569409e-06,6.12207103942292e-08,"1.3"
2017-09-21,"u12",7,25,115,99.0985164473684,27,27,5653.38213352463,NA,0,10602.0138312377,NA,0,8.10689508872,NA,0,0.000224,0.000106,2.52e-07,1.25528306548856e-05,2.45994547239205e-09,7.3890070804026e-09,0.000211447169345114,0.000105997540054528,2.44610992919597e-07,"7"
2017-09-21,"u12",6,25,115,99.0985164473684,27,27,4729.3541115845,NA,0,3269.55204177264,NA,0,0.304888836130013,NA,0,0.000187,3.26e-05,9.46e-09,1.25528306548856e-05,2.45994547239205e-09,7.3890070804026e-09,0.000174447169345114,3.25975400545276e-05,2.0709929195974e-09,"6"
2017-09-21,"u12",4,25,115,99.0985164473684,27,27,3662.64576039809,NA,0,473.238818075283,NA,0,0.413490346896447,NA,0,0.000145,4.71e-06,1.28e-08,1.25528306548856e-05,2.45994547239205e-09,7.3890070804026e-09,0.000132447169345114,4.70754005452761e-06,5.4109929195974e-09,"4"
2017-09-21,"u12",2,25,115,99.0985164473684,26,26,400.443688261412,NA,0,33.722437339404,NA,0,2.91564806402,NA,0,1.62e-05,3.38e-07,9.25e-08,1.28928805375603e-05,2.51255383401501e-09,7.61457042033665e-09,3.30711946243975e-06,3.35487446165985e-07,8.48854295796633e-08,"2"
2017-10-04,"u14",0.1,25,115,99.9917763157895,23.5,23.5,311.251038771418,NA,0,68.0381477947725,NA,0,0.804990378324832,NA,0,1.34e-05,6.98e-07,2.73e-08,1.3919069691803e-05,2.67459673279241e-09,8.29041074757865e-09,-5.19069691803028e-07,6.95325403267208e-07,1.90095892524213e-08,"0.1"
2017-10-04,"u14",0.1,25,115,99.9917763157895,23,23,338.037576379783,NA,0,69.9954204059073,NA,0,0.792437350462313,NA,0,1.48e-05,7.2e-07,2.72e-08,1.41104973994744e-05,2.70367550528979e-09,8.41878999158949e-09,6.89502600525641e-07,7.1729632449471e-07,1.87812100084105e-08,"0.1"
2017-10-04,"u14",0.1,25,115,99.9917763157895,23,23,355.414077113717,NA,0,67.4640699619636,NA,0,0.782676084316852,NA,0,1.55e-05,6.94e-07,2.69e-08,1.41104973994744e-05,2.70367550528979e-09,8.41878999158949e-09,1.38950260052564e-06,6.9129632449471e-07,1.84812100084105e-08,"0.1"
2017-10-04,"u12",0.1,25,115,99.9784440789474,23,23,279.541767033392,NA,0,31.1037272252502,NA,0,0.979861580346554,NA,0,1.22e-05,3.2e-07,3.36e-08,1.41086159998211e-05,2.70331501522242e-09,8.41766748625728e-09,-1.90861599982109e-06,3.17296684984778e-07,2.51823325137427e-08,"0.1"
2017-10-04,"u12",0.1,25,115,99.9784440789474,23,23,263.201292697987,NA,0,31.3990861102461,NA,0,0.944340867435892,NA,0,1.15e-05,3.23e-07,3.24e-08,1.41086159998211e-05,2.70331501522242e-09,8.41766748625728e-09,-2.60861599982109e-06,3.20296684984778e-07,2.39823325137427e-08,"0.1"
2017-10-04,"u12",0.1,25,115,99.9784440789474,23,23,281.2706226798,NA,0,31.3762061966197,NA,0,0.944618063634749,NA,0,1.23e-05,3.23e-07,3.24e-08,1.41086159998211e-05,2.70331501522242e-09,8.41766748625728e-09,-1.80861599982109e-06,3.20296684984778e-07,2.39823325137427e-08,"0.1"
2017-10-15,"u14",1.3,25,115,101.591644736842,20.5,20.5,906.04239104533,NA,0,104.165531410926,NA,0,0.802871807376426,NA,0,4.26e-05,1.11e-06,2.98e-08,1.53602972145663e-05,2.90114508596306e-09,9.2438400212699e-09,2.72397027854337e-05,1.10709885491404e-06,2.05561599787301e-08,"1.3"
2017-10-15,"u14",0.75,25,115,101.591644736842,21.5,21.5,769.527278449163,NA,0,26.7003530097974,NA,0,0.845777819013776,NA,0,3.53e-05,2.82e-07,3.06e-08,1.49400884489795e-05,2.83813255297019e-09,8.95983813364975e-09,2.03599115510205e-05,2.7916186744703e-07,2.16401618663503e-08,"0.75"
2017-10-15,"u14",0.1,25,115,101.591644736842,20.5,20.5,635.686544095828,NA,0,8.15956998449899,NA,0,0.777072761154245,NA,0,2.99e-05,8.66e-08,2.88e-08,1.53602972145663e-05,2.90114508596306e-09,9.2438400212699e-09,1.45397027854337e-05,8.36988549140369e-08,1.95561599787301e-08,"0.1"
2017-10-15,"u12",7,25,115,101.591644736842,23,23,4418.63756948881,NA,0,9236.78414945371,NA,0,0.0788749354191936,NA,0,0.000196,9.66e-05,2.75e-09,1.43362653578659e-05,2.74693431337443e-09,8.55349063145492e-09,0.000181663734642134,9.65972530656866e-05,-5.80349063145492e-09,"7"
2017-10-15,"u12",6,25,115,101.591644736842,22,22,3394.66067837041,NA,0,955.571863900039,NA,0,1.51532543762412,NA,0,0.000154,1e-05,5.41e-08,1.47353533419238e-05,2.80729803737186e-09,8.8218256999049e-09,0.000139264646658076,9.99719270196263e-06,4.52781743000951e-08,"6"
2017-10-15,"u12",4,25,115,101.591644736842,21,21,2763.028323834,NA,0,20.5520277468586,NA,0,1.46261856038433,NA,0,0.000128,2.17e-07,5.35e-08,1.514837876496e-05,2.86941230466276e-09,9.10048994503521e-09,0.00011285162123504,2.14130587695337e-07,4.43995100549648e-08,"4"
2017-10-15,"u12",2,25,115,101.591644736842,21,21,348.556569047258,NA,0,30.3154102012119,NA,0,0.858113049862907,NA,0,1.62e-05,3.21e-07,3.14e-08,1.514837876496e-05,2.86941230466276e-09,9.10048994503521e-09,1.05162123504e-06,3.18130587695337e-07,2.22995100549648e-08,"2"
2017-10-15,"u12",0.1,25,115,101.591644736842,21,21,338.672491108489,NA,0,36.719706024468,NA,0,0.811702486282867,NA,0,1.57e-05,3.89e-07,2.97e-08,1.514837876496e-05,2.86941230466276e-09,9.10048994503521e-09,5.51621235040002e-07,3.86130587695337e-07,2.05995100549648e-08,"0.1"
2017-10-20,"u14",0.1,25,115,99.7651282894737,22,22,136.156748556941,NA,0,34.7486724862562,NA,0,0.416009639583326,NA,0,6.07e-06,3.59e-07,1.46e-08,1.44704263855138e-05,2.75682561858972e-09,8.66321807249191e-09,-8.40042638551383e-06,3.5624317438141e-07,5.93678192750809e-09,"0.1"
2017-10-20,"u14",0.1,25,115,99.7651282894737,20.5,20.5,173.957924823617,NA,0,34.9519263941944,NA,0,0.419467723294619,NA,0,8.02e-06,3.64e-07,1.53e-08,1.50841343906298e-05,2.84898539084798e-09,9.07764499726544e-09,-7.06413439062984e-06,3.61151014609152e-07,6.22235500273456e-09,"0.1"
2017-10-20,"u14",0.1,25,115,99.7651282894737,21.5,21.5,368.625770587517,NA,0,38.4449600491724,NA,0,0.441886322809307,NA,0,1.66e-05,3.98e-07,1.57e-08,1.46714805595424e-05,2.78710576035117e-09,8.79874918032822e-09,1.92851944045758e-06,3.95212894239649e-07,6.90125081967178e-09,"0.1"
2017-10-20,"u12",0.1,25,115,99.7651282894737,21,21,1153.5927392565,NA,0,10.7109583473377,NA,0,0.464316249929707,NA,0,5.26e-05,1.11e-07,1.67e-08,1.48760260233853e-05,2.81782313330596e-09,8.93687221242762e-09,3.77239739766147e-05,1.08182176866694e-07,7.76312778757238e-09,"0.1"
2017-10-20,"u12",0.1,25,115,99.7651282894737,20.5,20.5,1087.58223172401,NA,0,10.8567519680714,NA,0,0.472335139968068,NA,0,5.02e-05,1.13e-07,1.72e-08,1.50841343906298e-05,2.84898539084798e-09,9.07764499726544e-09,3.51158656093702e-05,1.10151014609152e-07,8.12235500273456e-09,"0.1"
2017-10-20,"u12",0.1,25,115,99.7651282894737,21,21,1269.5065737586,NA,0,11.5503130495614,NA,0,0.469662176621948,NA,0,5.79e-05,1.2e-07,1.69e-08,1.48760260233853e-05,2.81782313330596e-09,8.93687221242762e-09,4.30239739766147e-05,1.17182176866694e-07,7.96312778757238e-09,"0.1"
2017-10-20,"u14",1.3,25,115,99.7651282894737,22,22,547.137023913259,NA,0,227.611994723375,NA,0,0.523339240557736,NA,0,2.44e-05,2.35e-06,1.84e-08,1.44704263855138e-05,2.75682561858972e-09,8.66321807249191e-09,9.92957361448617e-06,2.34724317438141e-06,9.73678192750809e-09,"1.3"
2017-10-20,"u14",0.75,25,115,99.7651282894737,21,21,246.807193807794,NA,0,39.0201773399994,NA,0,0.425290985076354,NA,0,1.13e-05,4.05e-07,1.53e-08,1.48760260233853e-05,2.81782313330596e-09,8.93687221242762e-09,-3.57602602338525e-06,4.02182176866694e-07,6.36312778757238e-09,"0.75"
2017-10-20,"u12",7,25,115,99.7651282894737,23,23,1864.52534412712,NA,0,41.1604892601458,NA,0,0.521497865808187,NA,0,8.12e-05,4.23e-07,1.79e-08,1.40785136053689e-05,2.69754717414446e-09,8.39970740094188e-09,6.71214863946311e-05,4.20302452825856e-07,9.50029259905812e-09,"7"
2017-10-20,"u12",6,25,115,99.7651282894737,22,22,2041.03938949748,NA,0,34.5689941435824,NA,0,0.51765671848117,NA,0,9.1e-05,3.57e-07,1.82e-08,1.44704263855138e-05,2.75682561858972e-09,8.66321807249191e-09,7.65295736144862e-05,3.5424317438141e-07,9.53678192750809e-09,"6"
2017-10-20,"u12",4,25,115,99.7651282894737,21,21,1656.02941699404,NA,0,11.8064932688505,NA,0,0.508430045004933,NA,0,7.55e-05,1.23e-07,1.83e-08,1.48760260233853e-05,2.81782313330596e-09,8.93687221242762e-09,6.06239739766148e-05,1.20182176866694e-07,9.36312778757238e-09,"4"
2017-10-20,"u12",2,25,115,99.7651282894737,20.5,20.5,1606.15083516119,NA,0,7.01915660174514,NA,0,0.494174240492293,NA,0,7.41e-05,7.32e-08,1.8e-08,1.50841343906298e-05,2.84898539084798e-09,9.07764499726544e-09,5.90158656093702e-05,7.0351014609152e-08,8.92235500273456e-09,"2"
2017-10-31,"u14",0.1,25,115,98.9785263157895,10,10,862.782298826136,NA,0,24.1401997858529,NA,0,0.87888200362103,NA,0,5.11e-05,2.68e-07,4.18e-08,2.02631789463848e-05,3.59298612804018e-09,1.26652422904886e-08,3.08368210536152e-05,2.6440701387196e-07,2.91347577095114e-08,"0.1"
2017-10-31,"u14",0.1,25,115,98.9785263157895,9.75,9.75,738.748799401039,NA,0,24.0334010938636,NA,0,0.90069150884566,NA,0,4.4e-05,2.67e-07,4.31e-08,2.04155269752051e-05,3.61435531135631e-09,1.27724186170451e-08,2.35844730247949e-05,2.63385644688644e-07,3.03275813829549e-08,"0.1"
2017-10-31,"u14",0.1,25,115,98.9785263157895,9.5,9.5,778.976150521272,NA,0,23.046969538762,NA,0,0.877840648867061,NA,0,4.67e-05,2.56e-07,4.23e-08,2.05692929731914e-05,3.63588972665731e-09,1.28806938999064e-08,2.61307070268085e-05,2.52364110273343e-07,2.94193061000936e-08,"0.1"
2017-10-31,"u12",0.1,25,115,98.9785263157895,9.25,9.25,1069.27083051687,NA,0,1.48015707654798,NA,0,0.371970316253381,NA,0,6.45e-05,1.65e-08,1.81e-08,2.07244924397581e-05,3.6575909134247e-09,1.29900812112012e-08,4.37755075602419e-05,1.28424090865753e-08,5.10991878879884e-09,"0.1"
2017-10-31,"u12",0.1,25,115,98.9785263157895,9,9,874.981533987308,NA,0,1.44337753122795,NA,0,0.374168086115747,NA,0,5.31e-05,1.61e-08,1.83e-08,2.08811410674853e-05,3.67946042777369e-09,1.31005937988646e-08,3.22188589325147e-05,1.24205395722263e-08,5.19940620113539e-09,"0.1"
2017-10-31,"u12",0.1,25,115,98.9785263157895,9.5,9.5,990.781160165872,NA,0,1.66650677283616,NA,0,0.37652425380603,NA,0,5.94e-05,1.85e-08,1.81e-08,2.05692929731914e-05,3.63588972665731e-09,1.28806938999064e-08,3.88307070268086e-05,1.48641102733427e-08,5.21930610009357e-09,"0.1"
2017-10-31,"u14",0.75,25,115,98.9785263157895,9.5,9.5,717.242354041488,NA,0,22.4314207140235,NA,0,0.85196396564108,NA,0,4.3e-05,2.49e-07,4.11e-08,2.05692929731914e-05,3.63588972665731e-09,1.28806938999064e-08,2.24307070268086e-05,2.45364110273343e-07,2.82193061000936e-08,"0.75"
2017-10-31,"u14",1.3,25,115,98.9785263157895,10,10,792.76787099034,NA,0,22.9964828843671,NA,0,0.85722968401964,NA,0,4.69e-05,2.55e-07,4.07e-08,2.02631789463848e-05,3.59298612804018e-09,1.26652422904886e-08,2.66368210536152e-05,2.5140701387196e-07,2.80347577095114e-08,"1.3"
2017-10-31,"u12",2,25,115,98.9785263157895,9.5,9.5,880.452112684744,NA,0,1.3918861677799,NA,0,0.372564308108075,NA,0,5.28e-05,1.55e-08,1.8e-08,2.05692929731914e-05,3.63588972665731e-09,1.28806938999064e-08,3.22307070268086e-05,1.18641102733427e-08,5.11930610009357e-09,"2"
2017-10-31,"u12",4,25,115,98.9785263157895,9.75,9.75,852.750883810777,NA,0,1.51693662186802,NA,0,0.395472593970748,NA,0,5.08e-05,1.68e-08,1.89e-08,2.04155269752051e-05,3.61435531135631e-09,1.27724186170451e-08,3.03844730247949e-05,1.31856446886437e-08,6.1275813829549e-09,"4"
2017-10-31,"u12",6,25,115,98.9785263157895,9.75,9.75,1234.29424414,NA,0,1.10990965365964,NA,0,0.612398419304759,NA,0,7.35e-05,1.23e-08,2.93e-08,2.04155269752051e-05,3.61435531135631e-09,1.27724186170451e-08,5.30844730247949e-05,8.68564468864369e-09,1.65275813829549e-08,"6"
2017-10-31,"u12",7,25,115,98.9785263157895,9.5,9.5,1196.53316543445,NA,0,6.20510266532838,NA,0,0.963328807057589,NA,0,7.17e-05,6.9e-08,4.64e-08,2.05692929731914e-05,3.63588972665731e-09,1.28806938999064e-08,5.11307070268085e-05,6.53641102733427e-08,3.35193061000936e-08,"7"
2017-11-14,"u14",0.1,25,115,99.4184901315789,10.5,10.5,1331.86051146583,NA,0,59.2189810878527,NA,0,0.603726138226236,NA,0,7.81e-05,6.57e-07,2.84e-08,2.00514107027118e-05,3.56652056211286e-09,1.25094942485959e-08,5.80485892972882e-05,6.53433479437887e-07,1.58905057514041e-08,"0.1"
2017-11-14,"u14",0.1,25,115,99.4184901315789,10.5,10.5,1349.06218846261,NA,0,63.4808849988147,NA,0,0.60695349397007,NA,0,7.92e-05,7.04e-07,2.86e-08,2.00514107027118e-05,3.56652056211286e-09,1.25094942485959e-08,5.91485892972882e-05,7.00433479437887e-07,1.60905057514041e-08,"0.1"
2017-11-14,"u14",0.1,25,115,99.4184901315789,10,10,1253.31183348101,NA,0,53.0996441888532,NA,0,0.587213164665761,NA,0,7.45e-05,5.91e-07,2.8e-08,2.03532496502144e-05,3.60895710624942e-09,1.27215398383855e-08,5.41467503497856e-05,5.87391042893751e-07,1.52784601616145e-08,"0.1"
2017-11-14,"u12",0.1,25,115,99.4451546052632,10,10,1633.05070229834,NA,0,22.2661441734842,NA,0,0.648275527328237,NA,0,9.71e-05,2.48e-07,3.1e-08,2.03587084807495e-05,3.6099250443227e-09,1.27249518109853e-08,7.67412915192505e-05,2.44390074955677e-07,1.82750481890147e-08,"0.1"
2017-11-14,"u12",0.1,25,115,99.4451546052632,10,10,1666.521354983,NA,0,22.8222426982825,NA,0,0.656155819267169,NA,0,9.91e-05,2.54e-07,3.13e-08,2.03587084807495e-05,3.6099250443227e-09,1.27249518109853e-08,7.87412915192505e-05,2.50390074955677e-07,1.85750481890147e-08,"0.1"
2017-11-14,"u12",0.1,25,115,99.4451546052632,10,10,1502.20412949374,NA,0,19.4773204854506,NA,0,0.63287133856319,NA,0,8.93e-05,2.17e-07,3.02e-08,2.03587084807495e-05,3.6099250443227e-09,1.27249518109853e-08,6.89412915192505e-05,2.13390074955677e-07,1.74750481890147e-08,"0.1"
2017-11-14,"u14",1.3,25,115,99.4184901315789,11,11,1331.86051146583,NA,0,59.2189810878527,NA,0,0.603726138226236,NA,0,7.71e-05,6.55e-07,2.8e-08,1.97550867583855e-05,3.52472973676473e-09,1.23017107623922e-08,5.73449132416145e-05,6.51475270263235e-07,1.56982892376078e-08,"1.3"
2017-11-14,"u14",0.75,25,115,99.4184901315789,10.5,10.5,1349.06218846261,NA,0,63.4808849988147,NA,0,0.60695349397007,NA,0,7.92e-05,7.04e-07,2.86e-08,2.00514107027118e-05,3.56652056211286e-09,1.25094942485959e-08,5.91485892972882e-05,7.00433479437887e-07,1.60905057514041e-08,"0.75"
2017-11-14,"u12",7,25,115,99.4451546052632,11,11,1623.77508295505,NA,0,22.4140205602283,NA,0,0.674747764319071,NA,0,9.41e-05,2.48e-07,3.13e-08,1.9760385159018e-05,3.5256750846893e-09,1.23050101349984e-08,7.4339614840982e-05,2.44474324915311e-07,1.89949898650016e-08,"7"
2017-11-14,"u12",6,25,115,99.4451546052632,10,10,1679.34694971623,NA,0,23.9427708119211,NA,0,0.666550676724303,NA,0,9.98e-05,2.67e-07,3.18e-08,2.03587084807495e-05,3.6099250443227e-09,1.27249518109853e-08,7.94412915192505e-05,2.63390074955677e-07,1.90750481890147e-08,"6"
2017-11-14,"u12",4,25,115,99.4451546052632,10,10,1583.23303157138,NA,0,27.3376794090045,NA,0,0.670847217806585,NA,0,9.41e-05,3.04e-07,3.2e-08,2.03587084807495e-05,3.6099250443227e-09,1.27249518109853e-08,7.37412915192505e-05,3.00390074955677e-07,1.92750481890147e-08,"4"
2017-11-14,"u12",2,25,115,99.4451546052632,10,10,1651.67617639521,NA,0,24.9008431767422,NA,0,0.652057275469785,NA,0,9.82e-05,2.77e-07,3.11e-08,2.03587084807495e-05,3.6099250443227e-09,1.27249518109853e-08,7.78412915192505e-05,2.73390074955677e-07,1.83750481890147e-08,"2"
2017-11-28,"u14",0.1,25,115,98.7385460526316,9.5,9.5,1219.41099611103,NA,0,85.193923030309,NA,0,0.513003782286072,NA,0,7.29e-05,9.45e-07,2.47e-08,2.0519421303806e-05,3.62707426126401e-09,1.28494637692224e-08,5.2380578696194e-05,9.41372925738736e-07,1.18505362307776e-08,"0.1"
2017-11-28,"u14",0.1,25,115,98.7385460526316,9,9,1226.22161913797,NA,0,85.5329617504099,NA,0,0.514548161108275,NA,0,7.43e-05,9.52e-07,2.51e-08,2.08305133008885e-05,3.67053932221066e-09,1.306883050571e-08,5.34694866991115e-05,9.48329460677789e-07,1.203116949429e-08,"0.1"
2017-11-28,"u14",0.1,25,115,98.7385460526316,9,9,1191.06258673702,NA,0,80.9528190408256,NA,0,0.504628497134896,NA,0,7.22e-05,9.01e-07,2.46e-08,2.08305133008885e-05,3.67053932221066e-09,1.306883050571e-08,5.13694866991115e-05,8.97329460677789e-07,1.153116949429e-08,"0.1"
2017-11-28,"u12",0.1,25,115,99.5518125,9,9,1698.10376338517,NA,0,31.4968457411955,NA,0,0.644117584345384,NA,0,0.000104,3.54e-07,3.17e-08,2.10020851765777e-05,3.70077195772981e-09,1.31764727769561e-08,8.29979148234223e-05,3.5029922804227e-07,1.85235272230439e-08,"0.1"
2017-11-28,"u12",0.1,25,115,99.5518125,9.5,9.5,1676.68589577782,NA,0,32.0875635111873,NA,0,0.637940069056573,NA,0,0.000101,3.59e-07,3.09e-08,2.06884308500566e-05,3.65694889398574e-09,1.29552992120961e-08,8.03115691499434e-05,3.55343051106014e-07,1.79447007879039e-08,"0.1"
2017-11-28,"u12",0.1,25,115,99.5518125,9.5,9.5,1680.33104477071,NA,0,33.1837193731086,NA,0,0.646968745247912,NA,0,0.000101,3.71e-07,3.14e-08,2.06884308500566e-05,3.65694889398574e-09,1.29552992120961e-08,8.03115691499434e-05,3.67343051106014e-07,1.84447007879039e-08,"0.1"
2017-11-28,"u14",1.3,25,115,98.7385460526316,11,11,1280.6038158623,NA,0,85.8158406825186,NA,0,0.543277567146943,NA,0,7.37e-05,9.42e-07,2.5e-08,1.9619977542256e-05,3.50062336468816e-09,1.22175767609329e-08,5.4080022457744e-05,9.38499376635312e-07,1.27824232390671e-08,"1.3"
2017-11-28,"u14",0.75,25,115,98.7385460526316,11,11,1112.87176149928,NA,0,71.6365342105676,NA,0,0.486650343666177,NA,0,6.4e-05,7.86e-07,2.24e-08,1.9619977542256e-05,3.50062336468816e-09,1.22175767609329e-08,4.4380022457744e-05,7.82499376635312e-07,1.01824232390671e-08,"0.75"
2017-11-28,"u12",7,25,115,99.5518125,9.5,9.5,1598.13150737682,NA,0,40.9524900453599,NA,0,0.642890001179018,NA,0,9.64e-05,4.58e-07,3.12e-08,2.06884308500566e-05,3.65694889398574e-09,1.29552992120961e-08,7.57115691499434e-05,4.54343051106014e-07,1.82447007879039e-08,"7"
2017-11-28,"u12",6,25,115,99.5518125,9.5,9.5,1587.97267699818,NA,0,30.342450099134,NA,0,0.61588317151896,NA,0,9.57e-05,3.39e-07,2.99e-08,2.06884308500566e-05,3.65694889398574e-09,1.29552992120961e-08,7.50115691499434e-05,3.35343051106014e-07,1.69447007879039e-08,"6"
2017-11-28,"u12",4,25,115,99.5518125,9.5,9.5,791.518091146266,NA,0,11.8898039092698,NA,0,0.422637821458724,NA,0,4.77e-05,1.33e-07,2.05e-08,2.06884308500566e-05,3.65694889398574e-09,1.29552992120961e-08,2.70115691499434e-05,1.29343051106014e-07,7.54470078790392e-09,"4"
2017-11-28,"u12",2,25,115,99.5518125,10,10,NA,NA,0,NA,NA,0,NA,NA,0,NA,NA,NA,2.038054380289e-05,3.61379679661585e-09,1.27385997013845e-08,NA,NA,NA,"2"
2017-12-11,"u14",0.1,25,115,97.5919736842105,4,4,720.375822942837,NA,0,48.1596628376894,NA,0,0.423311012227377,NA,0,4.93e-05,5.5e-07,2.36e-08,2.40034027893617e-05,4.09654990199931e-09,1.53511264809542e-08,2.52965972106383e-05,5.45903450098001e-07,8.24887351904584e-09,"0.1"
2017-12-11,"u14",0.1,25,115,97.5919736842105,3.5,3.5,721.038231219353,NA,0,45.9091113337066,NA,0,0.420242054311461,NA,0,5.01e-05,5.26e-07,2.38e-08,2.43820296802589e-05,4.14762269062731e-09,1.56238090690296e-08,2.57179703197411e-05,5.21852377309373e-07,8.17619093097037e-09,"0.1"
2017-12-11,"u14",0.1,25,115,97.5919736842105,3,3,697.947211672175,NA,0,46.1857502893718,NA,0,0.413787342823793,NA,0,4.91e-05,5.32e-07,2.38e-08,2.47680326734125e-05,4.19952063569247e-09,1.59023492167546e-08,2.43319673265875e-05,5.27800479364308e-07,7.89765078324537e-09,"0.1"
2017-12-11,"u12",0.1,25,115,97.9119473684211,4,4,890.0722604707,NA,0,22.2515648114108,NA,0,0.459485116178201,NA,0,6.11e-05,2.55e-07,2.57e-08,2.40821024706383e-05,4.1099812131534e-09,1.54014580431868e-08,3.70178975293617e-05,2.50890018786847e-07,1.02985419568132e-08,"0.1"
2017-12-11,"u12",0.1,25,115,97.9119473684211,4,4,884.896719942403,NA,0,20.3270890177267,NA,0,0.4658804284804,NA,0,6.08e-05,2.33e-07,2.6e-08,2.40821024706383e-05,4.1099812131534e-09,1.54014580431868e-08,3.67178975293617e-05,2.28890018786847e-07,1.05985419568132e-08,"0.1"
2017-12-11,"u12",0.1,25,115,97.9119473684211,4,4,862.662262821754,NA,0,20.4270617862298,NA,0,0.45786153844204,NA,0,5.93e-05,2.34e-07,2.56e-08,2.40821024706383e-05,4.1099812131534e-09,1.54014580431868e-08,3.52178975293617e-05,2.29890018786847e-07,1.01985419568132e-08,"0.1"
2017-12-11,"u14",1.3,25,115,97.5919736842105,3.5,3.5,734.84601753501,NA,0,48.6027011651833,NA,0,0.404639868261516,NA,0,5.1e-05,5.57e-07,2.29e-08,2.43820296802589e-05,4.14762269062731e-09,1.56238090690296e-08,2.66179703197411e-05,5.52852377309373e-07,7.27619093097037e-09,"1.3"
2017-12-11,"u14",0.75,25,115,97.5919736842105,4,4,765.09028507974,NA,0,48.5611013222261,NA,0,0.452674009577718,NA,0,5.24e-05,5.55e-07,2.52e-08,2.40034027893617e-05,4.09654990199931e-09,1.53511264809542e-08,2.83965972106383e-05,5.50903450098001e-07,9.84887351904584e-09,"0.75"
2017-12-11,"u12",7,25,115,97.9119473684211,4,4,894.82523020191,NA,0,24.5592695510233,NA,0,0.467523805945051,NA,0,6.15e-05,2.81e-07,2.61e-08,2.40821024706383e-05,4.1099812131534e-09,1.54014580431868e-08,3.74178975293617e-05,2.76890018786847e-07,1.06985419568132e-08,"7"
2017-12-11,"u12",6,25,115,97.9119473684211,4,4,988.573132577484,NA,0,25.88807426571,NA,0,0.499440968270574,NA,0,6.79e-05,2.97e-07,2.79e-08,2.40821024706383e-05,4.1099812131534e-09,1.54014580431868e-08,4.38178975293617e-05,2.92890018786847e-07,1.24985419568132e-08,"6"
2017-12-11,"u12",4,25,115,97.9119473684211,4,4,937.775173740162,NA,0,22.9576224889637,NA,0,0.481621212629774,NA,0,6.44e-05,2.63e-07,2.69e-08,2.40821024706383e-05,4.1099812131534e-09,1.54014580431868e-08,4.03178975293617e-05,2.58890018786847e-07,1.14985419568132e-08,"4"
2017-12-11,"u12",2,25,115,97.9119473684211,4,4,867.200140210302,NA,0,21.0414777593216,NA,0,0.463484661333137,NA,0,5.96e-05,2.41e-07,2.59e-08,2.40821024706383e-05,4.1099812131534e-09,1.54014580431868e-08,3.55178975293617e-05,2.36890018786847e-07,1.04985419568132e-08,"2"
2017-08-15,"dock",0.1,25,115,98.2052565789474,0,0,360.345135340946,430.035136784684,430.035136784684,103.693189798512,2.03193331464426,2.03193331464426,2.727929102696,0.290592294743647,0.290592294743647,2.37e-05,1.21e-06,1.7e-07,2.91149103056005e-05,5.00583045667976e-09,1.56887472345001e-08,-5.41491030560049e-06,1.20499416954332e-06,1.543112527655e-07,"0.1"
2017-08-15,"dock",0.1,25,115,98.2052565789474,0,0,508.55321047036,430.035136784684,430.035136784684,70.1900929114615,2.03193331464426,2.03193331464426,1.56281177039813,0.290592294743647,0.290592294743647,3.52e-05,8.14e-07,9.63e-08,2.91149103056005e-05,5.00583045667976e-09,1.56887472345001e-08,6.08508969439951e-06,8.0899416954332e-07,8.06112527654999e-08,"0.1"
2017-08-15,"dock",0.1,25,115,98.2052565789474,0,0,361.381774500352,430.035136784684,430.035136784684,119.189040033352,2.03193331464426,2.03193331464426,2.636611300751,0.290592294743647,0.290592294743647,2.38e-05,1.39e-06,1.64e-07,2.91149103056005e-05,5.00583045667976e-09,1.56887472345001e-08,-5.31491030560049e-06,1.38499416954332e-06,1.483112527655e-07,"0.1"
2017-08-15,"dock",1,25,115,98.2052565789474,0,0,572.831320002021,430.035136784684,430.035136784684,62.571642404757,2.03193331464426,2.03193331464426,3.114830791379,0.290592294743647,0.290592294743647,4.01e-05,7.23e-07,1.95e-07,2.91149103056005e-05,5.00583045667976e-09,1.56887472345001e-08,1.09850896943995e-05,7.1799416954332e-07,1.793112527655e-07,"1"
2017-08-15,"dock",1,25,115,98.2052565789474,0,0,594.485382038133,430.035136784684,430.035136784684,62.4750502348581,2.03193331464426,2.03193331464426,3.170708314376,0.290592294743647,0.290592294743647,4.18e-05,7.22e-07,1.98e-07,2.91149103056005e-05,5.00583045667976e-09,1.56887472345001e-08,1.26850896943995e-05,7.1699416954332e-07,1.823112527655e-07,"1"
2017-08-15,"dock",1.5,25,115,98.2052565789474,0,0,3289.89229360224,430.035136784684,430.035136784684,48.2225672933971,2.03193331464426,2.03193331464426,6.590555577039,0.290592294743647,0.290592294743647,0.00025,5.53e-07,4.15e-07,2.91149103056005e-05,5.00583045667976e-09,1.56887472345001e-08,0.0002208850896944,5.4799416954332e-07,3.993112527655e-07,"1.5"
2017-08-15,"dock",1.5,25,115,98.2052565789474,0,0,3264.21315040619,430.035136784684,430.035136784684,47.3039141030824,2.03193331464426,2.03193331464426,6.550308995184,0.290592294743647,0.290592294743647,0.000248,5.42e-07,4.12e-07,2.91149103056005e-05,5.00583045667976e-09,1.56887472345001e-08,0.0002188850896944,5.3699416954332e-07,3.963112527655e-07,"1.5"
2017-09-06,"dock",0.1,25,115,98.2052565789474,0,0,2063.05787283357,427.768574280484,0,31.1744469582774,1.94011423920423,0,3.74934572192,0.28915578480567,0,0.000159,3.7e-07,2.38e-07,2.89614559518349e-05,4.77962681061063e-09,1.56111916980167e-08,0.000130038544048165,3.65220373189389e-07,2.22388808301983e-07,"0.1"
2017-09-06,"dock",0.1,25,115,98.2052565789474,0,0,1845.70495395093,427.768574280484,0,39.6212950707305,1.94011423920423,0,3.19991051378,0.28915578480567,0,0.000142,4.7e-07,2.03e-07,2.89614559518349e-05,4.77962681061063e-09,1.56111916980167e-08,0.000113038544048165,4.65220373189389e-07,1.87388808301983e-07,"0.1"
2017-09-06,"dock",1,25,115,98.2052565789474,0,0,1712.17993926114,427.768574280484,0,36.1144283094412,1.94011423920423,0,4.53037557138,0.28915578480567,0,0.000132,4.28e-07,2.87e-07,2.89614559518349e-05,4.77962681061063e-09,1.56111916980167e-08,0.000103038544048165,4.23220373189389e-07,2.71388808301983e-07,"1"
2017-09-06,"dock",1,25,115,98.2052565789474,0,0,1778.40768058748,427.768574280484,0,36.3037075948963,1.94011423920423,0,4.657786592,0.28915578480567,0,0.000137,4.31e-07,2.95e-07,2.89614559518349e-05,4.77962681061063e-09,1.56111916980167e-08,0.000108038544048165,4.26220373189389e-07,2.79388808301983e-07,"1"
2017-09-06,"dock",1.5,25,115,98.2052565789474,0,0,1815.16286575869,427.768574280484,0,146.485776136532,1.94011423920423,0,1.90231684512,0.28915578480567,0,0.00014,1.74e-06,1.21e-07,2.89614559518349e-05,4.77962681061063e-09,1.56111916980167e-08,0.000111038544048165,1.73522037318939e-06,1.05388808301983e-07,"1.5"
2017-09-06,"dock",1.5,25,115,98.2052565789474,0,0,1843.06408921964,427.768574280484,0,148.092885581548,1.94011423920423,0,1.87948209282,0.28915578480567,0,0.000142,1.76e-06,1.19e-07,2.89614559518349e-05,4.77962681061063e-09,1.56111916980167e-08,0.000113038544048165,1.75522037318939e-06,1.03388808301983e-07,"1.5"
2017-10-04,"dock",0.1,25,115,99.5598118421053,0,0,2172.84176883692,453.176588736382,0,22.3712250876295,1.96092656297064,0,0.412217536422647,0.288144907441908,0,0.00017,2.69e-07,2.65e-08,3.11048644544278e-05,4.89753273549508e-09,1.57711895877472e-08,0.000138895135545572,2.64102467264505e-07,1.07288104122528e-08,"0.1"
2017-10-04,"dock",0.1,25,115,99.5598118421053,0,0,361.891922814423,453.176588736382,0,138.074392137556,1.96092656297064,0,0.543329994408198,0.288144907441908,0,2.83e-05,1.66e-06,3.49e-08,3.11048644544278e-05,4.89753273549508e-09,1.57711895877472e-08,-2.80486445442779e-06,1.6551024672645e-06,1.91288104122528e-08,"0.1"
2017-10-04,"dock",0.1,25,115,99.5598118421053,0,0,457.686049521268,453.176588736382,0,115.792501324639,1.96092656297064,0,0.501145302771007,0.288144907441908,0,3.58e-05,1.39e-06,3.22e-08,3.11048644544278e-05,4.89753273549508e-09,1.57711895877472e-08,4.69513554557221e-06,1.3851024672645e-06,1.64288104122528e-08,"0.1"
2017-10-04,"dock",1,30,110,99.5598118421053,0,0,644.558367437212,453.176588736382,0,188.097296162337,1.96092656297064,0,0.501204247379722,0.288144907441908,0,5.19e-05,2.72e-06,3.34e-08,3.11048644544278e-05,4.89753273549508e-09,1.57711895877472e-08,2.07951355455722e-05,2.7151024672645e-06,1.76288104122528e-08,"1"
2017-10-04,"dock",1,30,110,99.5598118421053,0,0,617.826785701601,453.176588736382,0,178.61457516656,1.96092656297064,0,0.479276852937661,0.288144907441908,0,4.98e-05,2.58e-06,3.2e-08,3.11048644544278e-05,4.89753273549508e-09,1.57711895877472e-08,1.86951355455722e-05,2.5751024672645e-06,1.62288104122528e-08,"1"
2017-10-04,"dock",1,30,110,99.5598118421053,0,0,705.290329502758,453.176588736382,0,193.267870345306,1.96092656297064,0,0.532582427419123,0.288144907441908,0,5.68e-05,2.79e-06,3.55e-08,3.11048644544278e-05,4.89753273549508e-09,1.57711895877472e-08,2.56951355455722e-05,2.78510246726451e-06,1.97288104122528e-08,"1"
2017-10-04,"dock",1.5,30,110,99.5598118421053,0,0,811.008856073542,453.176588736382,0,331.558718781509,1.96092656297064,0,0.520321948806358,0.288144907441908,0,6.54e-05,4.79e-06,3.47e-08,3.11048644544278e-05,4.89753273549508e-09,1.57711895877472e-08,3.42951355455722e-05,4.7851024672645e-06,1.89288104122528e-08,"1.5"
2017-10-04,"dock",1.5,30,110,99.5598118421053,0,0,816.587933949241,453.176588736382,0,344.156990861993,1.96092656297064,0,0.521481192777757,0.288144907441908,0,6.58e-05,4.97e-06,3.48e-08,3.11048644544278e-05,4.89753273549508e-09,1.57711895877472e-08,3.46951355455722e-05,4.9651024672645e-06,1.90288104122528e-08,"1.5"
2017-10-04,"dock",1.5,30,110,99.5598118421053,0,0,783.311433974504,453.176588736382,0,313.509733049939,1.96092656297064,0,0.500477263872234,0.288144907441908,0,6.31e-05,4.53e-06,3.34e-08,3.11048644544278e-05,4.89753273549508e-09,1.57711895877472e-08,3.19951355455722e-05,4.5251024672645e-06,1.76288104122528e-08,"1.5"
2017-10-25,"dock",0.1,25,115,97.5919736842105,0,0,1083.10526544135,451.062922590879,0,7.50219463028159,1.9250151023541,0,0.343894301254876,0.290116258311959,0,8.3e-05,8.84e-08,2.17e-08,3.03478557251587e-05,4.71281284072427e-09,1.55652322682494e-08,5.26521442748413e-05,8.36871871592757e-08,6.13476773175063e-09,"0.1"
2017-10-25,"dock",0.1,25,115,97.5919736842105,0,0,797.329391342255,451.062922590879,0,78.6710676546249,1.9250151023541,0,0.354645553824825,0.290116258311959,0,6.11e-05,9.28e-07,2.23e-08,3.03478557251587e-05,4.71281284072427e-09,1.55652322682494e-08,3.07521442748413e-05,9.23287187159276e-07,6.73476773175063e-09,"0.1"
2017-10-25,"dock",0.1,25,115,97.5919736842105,0,0,833.88176529036,451.062922590879,0,77.5145920204156,1.9250151023541,0,0.34712165699871,0.290116258311959,0,6.39e-05,9.14e-07,2.19e-08,3.03478557251587e-05,4.71281284072427e-09,1.55652322682494e-08,3.35521442748413e-05,9.09287187159276e-07,6.33476773175063e-09,"0.1"
2017-10-25,"dock",1,30,110,97.5919736842105,0,0,823.111920380795,451.062922590879,0,72.0109327971822,1.9250151023541,0,0.330826480451622,0.290116258311959,0,6.5e-05,1.02e-06,2.16e-08,3.03478557251587e-05,4.71281284072427e-09,1.55652322682494e-08,3.46521442748413e-05,1.01528718715928e-06,6.03476773175063e-09,"1"
2017-10-25,"dock",1,30,110,97.5919736842105,0,0,843.010817285107,451.062922590879,0,73.144528517765,1.9250151023541,0,0.332331259816845,0.290116258311959,0,6.66e-05,1.04e-06,2.17e-08,3.03478557251587e-05,4.71281284072427e-09,1.55652322682494e-08,3.62521442748413e-05,1.03528718715928e-06,6.13476773175063e-09,"1"
2017-10-25,"dock",1.5,30,110,97.5919736842105,0,0,1219.85260162871,451.062922590879,0,196.768256450562,1.9250151023541,0,0.374484881771583,0.290116258311959,0,9.64e-05,2.79e-06,2.45e-08,3.03478557251587e-05,4.71281284072427e-09,1.55652322682494e-08,6.60521442748413e-05,2.78528718715928e-06,8.93476773175063e-09,"1.5"
2017-10-25,"dock",1.5,30,110,97.5919736842105,0,0,1206.68438192486,451.062922590879,0,192.560199213627,1.9250151023541,0,0.375613466295501,0.290116258311959,0,9.53e-05,2.73e-06,2.46e-08,3.03478557251587e-05,4.71281284072427e-09,1.55652322682494e-08,6.49521442748413e-05,2.72528718715928e-06,9.03476773175063e-09,"1.5"
2017-11-08,"dock",0.1,30,110,99.1918421052632,0,0,1432.07450842568,450.710756911947,0,58.9589820693704,2.08743284468801,0,0.458534729210692,0.293717333906967,0,0.000115,8.49e-07,3.05e-08,3.08212791567906e-05,5.19422094410988e-09,1.60167711365756e-08,8.41787208432094e-05,8.4380577905589e-07,1.44832288634244e-08,"0.1"
2017-11-08,"dock",0.1,30,110,99.1918421052632,0,0,1644.45249993148,450.710756911947,0,70.0058203666466,2.08743284468801,0,0.475423897612473,0.293717333906967,0,0.000132,1.01e-06,3.16e-08,3.08212791567906e-05,5.19422094410988e-09,1.60167711365756e-08,0.000101178720843209,1.00480577905589e-06,1.55832288634244e-08,"0.1"
2017-11-08,"dock",0.1,30,110,99.1918421052632,0,0,1279.61210691959,450.710756911947,0,68.4229463421263,2.08743284468801,0,0.484115978419486,0.293717333906967,0,0.000103,9.85e-07,3.22e-08,3.08212791567906e-05,5.19422094410988e-09,1.60167711365756e-08,7.21787208432094e-05,9.7980577905589e-07,1.61832288634244e-08,"0.1"
2017-04-19,"dock",0.1,36,104,98.5252302631579,0,0,1058.37666347734,491.904740363246,0,435.719979634089,1.84414051312388,0,0.647967948062932,0.300459081510517,0,8.78e-05,7.62e-06,4.48e-08,3.34122133840922e-05,4.55799052553649e-09,1.62742967472809e-08,5.43877866159079e-05,7.61544200947446e-06,2.85257032527191e-08,"0.1"
2017-04-19,"dock",0.1,35,105,98.5252302631579,0,0,1045.43544602946,491.904740363246,0,396.625013449428,1.84414051312388,0,0.619054201196644,0.300459081510517,0,8.61e-05,6.72e-06,4.25e-08,3.34122133840922e-05,4.55799052553649e-09,1.62742967472809e-08,5.26877866159079e-05,6.71544200947446e-06,2.62257032527191e-08,"0.1"
2017-04-19,"dock",0.1,36,104,98.5252302631579,0,0,1048.25880012576,491.904740363246,0,414.209385672914,1.84414051312388,0,0.640212114676052,0.300459081510517,0,8.69e-05,7.24e-06,4.43e-08,3.34122133840922e-05,4.55799052553649e-09,1.62742967472809e-08,5.34877866159078e-05,7.23544200947446e-06,2.80257032527191e-08,"0.1"
2017-05-03,"dock",0.1,30,110,98.5252302631579,0,0,1472.60709666624,479.802553509917,0,236.542625442707,1.68998547413317,0,0.496904995908877,0.302660319645036,0,0.000117,3.38e-06,3.28e-08,3.259018257939e-05,4.17697985840835e-09,1.63935263023753e-08,8.440981742061e-05,3.37582302014159e-06,1.64064736976247e-08,"0.1"
2017-05-03,"dock",0.1,30,110,98.5252302631579,0,0,1298.21177731062,479.802553509917,0,271.280698069676,1.68998547413317,0,0.529851776136342,0.302660319645036,0,0.000104,3.88e-06,3.5e-08,3.259018257939e-05,4.17697985840835e-09,1.63935263023753e-08,7.140981742061e-05,3.87582302014159e-06,1.86064736976247e-08,"0.1"
2017-05-03,"dock",0.1,30,110,98.5252302631579,0,0,1396.18601540196,479.802553509917,0,270.477892346954,1.68998547413317,0,0.530865205032228,0.302660319645036,0,0.000111,3.87e-06,3.5e-08,3.259018257939e-05,4.17697985840835e-09,1.63935263023753e-08,7.840981742061e-05,3.86582302014159e-06,1.86064736976247e-08,"0.1"
2017-05-31,"dock",0.1,27,115,98.3919078947368,0,0,522.132667508084,465.576343725258,0,174.893835985312,1.73899430155796,0,0.812887989201547,0.304725092881727,0,4.07e-05,2.21e-06,5.22e-08,3.15810865136467e-05,4.29229430038372e-09,1.64830295394276e-08,9.1189134863533e-06,2.20570770569962e-06,3.57169704605724e-08,"0.1"
2017-05-31,"dock",0.1,27,115,98.3919078947368,0,0,561.211486217766,465.576343725258,0,198.584967365236,1.73899430155796,0,0.871956416276024,0.304725092881727,0,4.38e-05,2.51e-06,5.6e-08,3.15810865136467e-05,4.29229430038372e-09,1.64830295394276e-08,1.22189134863533e-05,2.50570770569962e-06,3.95169704605724e-08,"0.1"
2017-05-31,"dock",0.1,27,110,98.3919078947368,0,0,532.810252398076,465.576343725258,0,187.259971011102,1.73899430155796,0,0.828296244863482,0.304725092881727,0,4.18e-05,2.45e-06,5.36e-08,3.15810865136467e-05,4.29229430038372e-09,1.64830295394276e-08,1.02189134863533e-05,2.44570770569962e-06,3.71169704605723e-08,"0.1"
2017-06-20,"dock",0.1,27,110,98.2585855263158,0,0,656.104442182338,492.307968059504,0,105.445722883303,1.92344570659309,0,1.57920569227001,0.308836839585828,0,5.14e-05,1.38e-06,1.02e-07,3.33491026840397e-05,4.74113575355984e-09,1.66828038831906e-08,1.80508973159603e-05,1.37525886424644e-06,8.53171961168094e-08,"0.1"
2017-06-20,"dock",0.1,27,110,98.2585855263158,0,0,733.261257500429,492.307968059504,0,109.368510078274,1.92344570659309,0,1.60960855914658,0.308836839585828,0,5.75e-05,1.43e-06,1.04e-07,3.33491026840397e-05,4.74113575355984e-09,1.66828038831906e-08,2.41508973159603e-05,1.42525886424644e-06,8.73171961168094e-08,"0.1"
2017-06-20,"dock",0.1,27,110,98.2585855263158,0,0,714.543615663123,492.307968059504,0,105.547466643403,1.92344570659309,0,1.61306249028154,0.308836839585828,0,5.6e-05,1.38e-06,1.04e-07,3.33491026840397e-05,4.74113575355984e-09,1.66828038831906e-08,2.26508973159603e-05,1.37525886424644e-06,8.73171961168094e-08,"0.1"
2018-06-07,"u14",0.1,25,115,101.325,NA,NA,NA,NA,0,NA,NA,0,NA,NA,0,NA,NA,NA,NA,NA,NA,NA,NA,NA,"0.1"
2018-06-07,"u14",0.1,25,115,101.325,NA,NA,NA,NA,0,NA,NA,0,NA,NA,0,NA,NA,NA,NA,NA,NA,NA,NA,NA,"0.1"
2018-06-07,"u14",0.1,25,115,101.325,NA,NA,NA,NA,0,NA,NA,0,NA,NA,0,NA,NA,NA,NA,NA,NA,NA,NA,NA,"0.1"
2018-06-07,"u12",0.1,25,115,98.9118651315789,26,26,1758.75710124319,NA,0,23.813611587811,NA,0,0.909190311192663,NA,0,7.11e-05,2.38e-07,2.88e-08,1.28685968933351e-05,2.50782145762913e-09,7.60022843380568e-09,5.82314031066649e-05,2.35492178542371e-07,2.11997715661943e-08,"0.1"
2018-06-07,"u12",0.1,25,115,98.9118651315789,24,24,1754.5293528043,NA,0,25.0736799347427,NA,0,0.885089390449721,NA,0,7.41e-05,2.54e-07,2.94e-08,1.35825767160906e-05,2.61735098460739e-09,8.07623573027784e-09,6.05174232839094e-05,2.51382649015393e-07,2.13237642697222e-08,"0.1"
2018-06-07,"u12",0.1,25,115,98.9118651315789,24,24,2057.52078065684,NA,0,24.4313221983419,NA,0,0.901544153293689,NA,0,8.69e-05,2.47e-07,2.99e-08,1.35825767160906e-05,2.61735098460739e-09,8.07623573027784e-09,7.33174232839094e-05,2.44382649015393e-07,2.18237642697222e-08,"0.1"
2018-06-07,"u14",0.75,30,110,101.325,NA,NA,NA,NA,0,NA,NA,0,NA,NA,0,NA,NA,NA,NA,NA,NA,NA,NA,NA,"0.75"
2018-06-07,"u14",1.3,30,110,101.325,NA,NA,NA,NA,0,NA,NA,0,NA,NA,0,NA,NA,NA,NA,NA,NA,NA,NA,NA,"1.3"
2018-06-07,"u12",2,30,110,98.9118651315789,24.5,24.5,2201.64040665066,NA,0,36.831674154333,NA,0,0.87734215019892,NA,0,9.68e-05,4.53e-07,3.07e-08,1.33995396784207e-05,2.58938863426685e-09,7.95390067072888e-09,8.34004603215793e-05,4.50410611365733e-07,2.27460993292711e-08,"2"
2018-06-07,"u12",4,30,110,98.9118651315789,24.5,24.5,4588.24706156704,NA,0,36.2220517677915,NA,0,1.51920064396945,NA,0,0.000202,4.46e-07,5.32e-08,1.33995396784207e-05,2.58938863426685e-09,7.95390067072888e-09,0.000188600460321579,4.43410611365733e-07,4.52460993292711e-08,"4"
2018-06-07,"u12",6,30,110,98.9118651315789,24,24,7138.14607013093,NA,0,6295.94514662324,NA,0,1.81431779029869,NA,0,0.000317,7.77e-05,6.42e-08,1.35825767160906e-05,2.61735098460739e-09,8.07623573027784e-09,0.000303417423283909,7.76973826490154e-05,5.61237642697222e-08,"6"
2018-06-07,"u12",7,30,110,98.9118651315789,24,24,7985.82123246542,NA,0,8827.44642705601,NA,0,0.0559758399181972,NA,0,0.000355,0.000109,1.98e-09,1.35825767160906e-05,2.61735098460739e-09,8.07623573027784e-09,0.000341417423283909,0.000108997382649015,-6.09623573027784e-09,"7"
2018-06-15,"u14",0.1,25,115,99.2851677631579,28,28,450.102803459938,NA,0,112.412517540596,NA,0,1.40457277848314,NA,0,1.75e-05,1.12e-06,4.27e-08,1.22469429690507e-05,2.41331403406988e-09,7.18506512224679e-09,5.25305703094925e-06,1.11758668596593e-06,3.55149348777532e-08,"0.1"
2018-06-15,"u14",0.1,25,115,99.2851677631579,29,29,449.954052173935,NA,0,148.138781169034,NA,0,1.256994633963,NA,0,1.71e-05,1.46e-06,3.74e-08,1.19281427392112e-05,2.36344446165407e-09,6.97499631179567e-09,5.17185726078883e-06,1.45763655553835e-06,3.04250036882043e-08,"0.1"
2018-06-15,"u14",0.1,25,115,99.2851677631579,28,28,275.98166005859,NA,0,149.770330169193,NA,0,1.26880288571245,NA,0,1.07e-05,1.49e-06,3.86e-08,1.22469429690507e-05,2.41331403406988e-09,7.18506512224679e-09,-1.54694296905075e-06,1.48758668596593e-06,3.14149348777532e-08,"0.1"
2018-06-15,"u12",0.1,25,115,99.2851677631579,27,27,407.842176180975,NA,0,44.7856098717905,NA,0,0.850256437889247,NA,0,1.62e-05,4.47e-07,2.64e-08,1.25764738176958e-05,2.46457876132162e-09,7.40292422006702e-09,3.62352618230415e-06,4.44535421238678e-07,1.8997075779933e-08,"0.1"
2018-06-15,"u12",0.1,25,115,99.2851677631579,27.5,27.5,286.528430570506,NA,0,44.7243257517756,NA,0,0.873501477933225,NA,0,1.13e-05,4.45e-07,2.68e-08,1.24103407104473e-05,2.43876907387833e-09,7.29300009339092e-09,-1.11034071044726e-06,4.42561230926122e-07,1.95069999066091e-08,"0.1"
2018-06-15,"u12",0.1,25,115,99.2851677631579,27,27,291.10277521268,NA,0,48.7068434113507,NA,0,0.884738247444343,NA,0,1.16e-05,4.86e-07,2.75e-08,1.25764738176958e-05,2.46457876132162e-09,7.40292422006702e-09,-9.76473817695847e-07,4.83535421238678e-07,2.0097075779933e-08,"0.1"
2018-06-15,"u14",0.75,25,115,99.2851677631579,28.5,28.5,NA,NA,0,NA,NA,0,NA,NA,0,NA,NA,NA,1.20862275895141e-05,2.38820775462335e-09,7.07907747423785e-09,NA,NA,NA,"0.75"
2018-06-15,"u14",1.3,25,115,99.2851677631579,30,30,NA,NA,0,NA,NA,0,NA,NA,0,NA,NA,NA,1.16196629798766e-05,2.31492429178641e-09,6.77239491063347e-09,NA,NA,NA,"1.3"
2018-06-15,"u12",7,25,115,99.2851677631579,28,28,8477.20609133323,NA,0,20304.097286421,NA,0,0.116979039246272,NA,0,0.000329,0.000202,3.56e-09,1.22469429690507e-05,2.41331403406988e-09,7.18506512224679e-09,0.000316753057030949,0.000201997586685966,-3.62506512224679e-09,"7"
2018-06-15,"u12",6,25,115,99.2851677631579,27,27,NA,NA,0,NA,NA,0,NA,NA,0,NA,NA,NA,1.25764738176958e-05,2.46457876132162e-09,7.40292422006702e-09,NA,NA,NA,"6"
2018-06-15,"u12",4,25,115,99.2851677631579,26.5,26.5,NA,NA,0,NA,NA,0,NA,NA,0,NA,NA,NA,1.27453964958884e-05,2.49074909959292e-09,7.51488035655245e-09,NA,NA,NA,"4"
2018-06-15,"u12",2,25,115,99.2851677631579,27,27,NA,NA,0,NA,NA,0,NA,NA,0,NA,NA,NA,1.25764738176958e-05,2.46457876132162e-09,7.40292422006702e-09,NA,NA,NA,"2"
2018-06-28,"u14",0.1,25,115,101.325,29.5,29.5,471.317918229953,NA,0,89.5337065733927,NA,0,1.09798684467631,NA,0,1.81e-05,8.99e-07,3.29e-08,1.20145087595651e-05,2.38707406213006e-09,7.01398434549954e-09,6.08549124043489e-06,8.9661292593787e-07,2.58860156545005e-08,"0.1"
2018-06-28,"u14",0.1,25,115,101.325,29,29,1023.46302317243,NA,0,44.4940352310218,NA,0,0.787300525809476,NA,0,3.97e-05,4.48e-07,2.39e-08,1.21732086501954e-05,2.41200186767436e-09,7.11829890823783e-09,2.75267913498046e-05,4.45587998132326e-07,1.67817010917622e-08,"0.1"
2018-06-28,"u14",0.1,25,115,101.325,29,29,308.292520916899,NA,0,80.8991778733816,NA,0,1.08832165132059,NA,0,1.2e-05,8.15e-07,3.3e-08,1.21732086501954e-05,2.41200186767436e-09,7.11829890823783e-09,-1.73208650195362e-07,8.12587998132326e-07,2.58817010917622e-08,"0.1"
2018-06-28,"u12",0.1,25,115,101.325,28,28,308.387926040649,NA,0,14.7711402597103,NA,0,0.723251653948904,NA,0,1.22e-05,1.5e-07,2.24e-08,1.24985586900478e-05,2.46289601973024e-09,7.33268362146846e-09,-2.98558690047763e-07,1.4753710398027e-07,1.50673163785315e-08,"0.1"
2018-06-28,"u12",0.1,25,115,101.325,27.5,27.5,344.763435908444,NA,0,11.1908157796265,NA,0,0.685398099187675,NA,0,1.38e-05,1.14e-07,2.15e-08,1.26653134684301e-05,2.48887403806571e-09,7.44283613666859e-09,1.13468653156987e-06,1.11511125961934e-07,1.40571638633314e-08,"0.1"
2018-06-28,"u12",0.1,25,115,101.325,27,27,273.845844330302,NA,0,11.580129434899,NA,0,0.71419366047141,NA,0,1.11e-05,1.18e-07,2.27e-08,1.28348598112647e-05,2.51521399033763e-09,7.55501867497104e-09,-1.73485981126473e-06,1.15484786009662e-07,1.5144981325029e-08,"0.1"
2018-06-28,"u14",0.75,25,115,101.325,28,28,671.997590310333,NA,0,75.6991727830447,NA,0,1.04345315208389,NA,0,2.66e-05,7.67e-07,3.24e-08,1.24985586900478e-05,2.46289601973024e-09,7.33268362146846e-09,1.41014413099522e-05,7.6453710398027e-07,2.50673163785315e-08,"0.75"
2018-06-28,"u14",1.3,25,115,101.325,28,28,753.919781574805,NA,0,213.677008852919,NA,0,1.81335402355892,NA,0,2.99e-05,2.16e-06,5.62e-08,1.24985586900478e-05,2.46289601973024e-09,7.33268362146846e-09,1.74014413099522e-05,2.15753710398027e-06,4.88673163785315e-08,"1.3"
2018-06-28,"u12",7,25,115,101.325,26.5,26.5,9917.32831124865,NA,0,24203.1397380496,NA,0,0.24587110968987,NA,0,0.000406,0.000247,7.89e-09,1.30072530372971e-05,2.5419220030759e-09,7.66927497110228e-09,0.000392992746962703,0.000246997458077997,2.20725028897724e-10,"7"
2018-06-28,"u12",6,25,115,101.325,27,27,9862.63949350017,NA,0,21862.1865401149,NA,0,0.141146989516326,NA,0,4e-04,0.000223,4.48e-09,1.28348598112647e-05,2.51521399033763e-09,7.55501867497104e-09,0.000387165140188735,0.00022299748478601,-3.07501867497104e-09,"6"
2018-06-28,"u12",4,25,115,101.325,27,27,4501.34386281236,NA,0,15.7715843502097,NA,0,1.63998774303424,NA,0,0.000182,1.61e-07,5.2e-08,1.28348598112647e-05,2.51521399033763e-09,7.55501867497104e-09,0.000169165140188735,1.58484786009662e-07,4.4444981325029e-08,"4"
2018-06-28,"u12",2,25,115,101.325,27.5,27.5,278.662880504565,NA,0,12.9310692441787,NA,0,0.745625183579432,NA,0,1.12e-05,1.31e-07,2.34e-08,1.26653134684301e-05,2.48887403806571e-09,7.44283613666859e-09,-1.46531346843013e-06,1.28511125961934e-07,1.59571638633314e-08,"2"
2018-07-13,"u14",0.1,25,115,101.325,29.5,29.5,251.607441821463,NA,0,152.456928686355,NA,0,0.295204313913506,NA,0,9.67e-06,1.53e-06,8.86e-09,1.20145087595651e-05,2.38707406213006e-09,7.01398434549954e-09,-2.34450875956511e-06,1.52761292593787e-06,1.84601565450046e-09,"0.1"
2018-07-13,"u14",0.1,25,115,101.325,29,29,179.10085023,NA,0,75.5440622002162,NA,0,0.282338820023154,NA,0,6.95e-06,7.61e-07,8.57e-09,1.21732086501954e-05,2.41200186767436e-09,7.11829890823783e-09,-5.22320865019536e-06,7.58587998132326e-07,1.45170109176217e-09,"0.1"
2018-07-13,"u14",0.1,25,115,101.325,29,29,322.951588731049,NA,0,76.1014388963985,NA,0,0.286810668538068,NA,0,1.25e-05,7.66e-07,8.7e-09,1.21732086501954e-05,2.41200186767436e-09,7.11829890823783e-09,3.26791349804638e-07,7.63587998132326e-07,1.58170109176217e-09,"0.1"
2018-07-13,"u12",0.1,25,115,101.325,29,29,250.627775556419,NA,0,45.3073562656386,NA,0,0.311834447048841,NA,0,9.73e-06,4.56e-07,9.46e-09,1.21732086501954e-05,2.41200186767436e-09,7.11829890823783e-09,-2.44320865019536e-06,4.53587998132326e-07,2.34170109176217e-09,"0.1"
2018-07-13,"u12",0.1,25,115,101.325,29,29,324.788273036065,NA,0,50.4213735596755,NA,0,0.310798635491872,NA,0,1.26e-05,5.08e-07,9.43e-09,1.21732086501954e-05,2.41200186767436e-09,7.11829890823783e-09,4.26791349804637e-07,5.05587998132326e-07,2.31170109176217e-09,"0.1"
2018-07-13,"u12",0.1,25,115,101.325,29,29,234.268021867355,NA,0,47.1300837653851,NA,0,0.308334118339084,NA,0,9.1e-06,4.75e-07,9.35e-09,1.21732086501954e-05,2.41200186767436e-09,7.11829890823783e-09,-3.07320865019536e-06,4.72587998132326e-07,2.23170109176217e-09,"0.1"
2018-07-13,"u14",0.75,25,115,101.325,29,29,NA,NA,0,NA,NA,0,NA,NA,0,NA,NA,NA,1.21732086501954e-05,2.41200186767436e-09,7.11829890823783e-09,NA,NA,NA,"0.75"
2018-07-13,"u14",1.3,25,115,101.325,29,29,NA,NA,0,NA,NA,0,NA,NA,0,NA,NA,NA,1.21732086501954e-05,2.41200186767436e-09,7.11829890823783e-09,NA,NA,NA,"1.3"
2018-07-13,"u12",7,25,115,101.325,27.5,27.5,NA,NA,0,NA,NA,0,NA,NA,0,NA,NA,NA,1.26653134684301e-05,2.48887403806571e-09,7.44283613666859e-09,NA,NA,NA,"7"
2018-07-13,"u12",6,25,115,101.325,28,28,NA,NA,0,NA,NA,0,NA,NA,0,NA,NA,NA,1.24985586900478e-05,2.46289601973024e-09,7.33268362146846e-09,NA,NA,NA,"6"
2018-07-13,"u12",4,25,115,101.325,28,28,NA,NA,0,NA,NA,0,NA,NA,0,NA,NA,NA,1.24985586900478e-05,2.46289601973024e-09,7.33268362146846e-09,NA,NA,NA,"4"
2018-07-13,"u12",2,25,115,101.325,29,29,NA,NA,0,NA,NA,0,NA,NA,0,NA,NA,NA,1.21732086501954e-05,2.41200186767436e-09,7.11829890823783e-09,NA,NA,NA,"2"
2018-07-25,"u14",0.1,25,115,101.325,28,28,835.666781657061,NA,0,125.551785364728,NA,0,0.308219821891418,NA,0,3.31e-05,1.27e-06,9.56e-09,1.24985586900478e-05,2.46289601973024e-09,7.33268362146846e-09,2.06014413099522e-05,1.26753710398027e-06,2.22731637853154e-09,"0.1"
2018-07-25,"u14",0.1,25,115,101.325,28,28,776.48322357236,NA,0,118.15054019618,NA,0,0.311941599968527,NA,0,3.08e-05,1.2e-06,9.68e-09,1.24985586900478e-05,2.46289601973024e-09,7.33268362146846e-09,1.83014413099522e-05,1.19753710398027e-06,2.34731637853154e-09,"0.1"
2018-07-25,"u14",0.1,25,115,101.325,27.5,27.5,798.102352853998,NA,0,120.053554643853,NA,0,0.311062946027098,NA,0,3.2e-05,1.22e-06,9.76e-09,1.26653134684301e-05,2.48887403806571e-09,7.44283613666859e-09,1.93346865315699e-05,1.21751112596193e-06,2.31716386333141e-09,"0.1"
2018-07-25,"u12",0.1,25,115,101.325,27,27,252.012615117209,NA,0,21.2238660079436,NA,0,0.228190877941608,NA,0,1.02e-05,2.16e-07,7.24e-09,1.28348598112647e-05,2.51521399033763e-09,7.55501867497104e-09,-2.63485981126473e-06,2.13484786009662e-07,-3.15018674971045e-10,"0.1"
2018-07-25,"u12",0.1,25,115,101.325,26.5,26.5,253.252339034706,NA,0,19.576372287736,NA,0,0.218104216435125,NA,0,1.04e-05,2e-07,7e-09,1.30072530372971e-05,2.5419220030759e-09,7.66927497110228e-09,-2.60725303729713e-06,1.97458077996924e-07,-6.69274971102276e-10,"0.1"
2018-07-25,"u12",0.1,25,115,101.325,27,27,236.425762322603,NA,0,20.3531091143608,NA,0,0.228469475532793,NA,0,9.58e-06,2.07e-07,7.25e-09,1.28348598112647e-05,2.51521399033763e-09,7.55501867497104e-09,-3.25485981126473e-06,2.04484786009662e-07,-3.05018674971044e-10,"0.1"
2018-07-25,"u14",0.75,25,115,101.325,27.5,27.5,851.242137590029,NA,0,62.3182127414118,NA,0,0.260529629102975,NA,0,3.41e-05,6.33e-07,8.17e-09,1.26653134684301e-05,2.48887403806571e-09,7.44283613666859e-09,2.14346865315699e-05,6.30511125961934e-07,7.27163863331406e-10,"0.75"
2018-07-25,"u14",1.3,25,115,101.325,27.5,27.5,896.650187310706,NA,0,58.4411607767461,NA,0,0.271816403309946,NA,0,3.59e-05,5.94e-07,8.53e-09,1.26653134684301e-05,2.48887403806571e-09,7.44283613666859e-09,2.32346865315699e-05,5.91511125961934e-07,1.08716386333141e-09,"1.3"
2018-07-25,"u12",7,25,115,101.325,26.5,26.5,15783.8947075775,NA,0,52343.4662012169,NA,0,-0.0338837330274785,NA,0,0.000646,0.000535,-1.09e-09,1.30072530372971e-05,2.5419220030759e-09,7.66927497110228e-09,0.000632992746962703,0.000534997458077997,-8.75927497110228e-09,"7"
2018-07-25,"u12",6,25,115,101.325,26.5,26.5,14265.1159860783,NA,0,42106.8247706996,NA,0,-0.0340337471150395,NA,0,0.000584,0.00043,-1.09e-09,1.30072530372971e-05,2.5419220030759e-09,7.66927497110228e-09,0.000570992746962703,0.000429997458077997,-8.75927497110228e-09,"6"
2018-07-25,"u12",4,25,115,101.325,26,26,1694.35529092254,NA,0,13.6899094896935,NA,0,0.25780080141496,NA,0,7.02e-05,1.4e-07,8.37e-09,1.31825497222465e-05,2.56900432376081e-09,7.78564983109896e-09,5.70174502777535e-05,1.37430995676239e-07,5.84350168901038e-10,"4"
2018-07-25,"u12",2,25,115,101.325,26,26,351.776418002756,NA,0,18.2400522207715,NA,0,0.226526435922479,NA,0,1.46e-05,1.87e-07,7.35e-09,1.31825497222465e-05,2.56900432376081e-09,7.78564983109896e-09,1.41745027775354e-06,1.84430995676239e-07,-4.35649831098962e-10,"2"
2018-08-09,"u14",0.1,25,115,101.325,29.5,29.5,608.549972087972,NA,0,69.9924059303638,NA,0,0.168278332798879,NA,0,2.34e-05,7.03e-07,5.05e-09,1.20145087595651e-05,2.38707406213006e-09,7.01398434549954e-09,1.13854912404349e-05,7.0061292593787e-07,-1.96398434549954e-09,"0.1"
2018-08-09,"u14",0.1,25,115,101.325,29.5,29.5,606.147360595012,NA,0,69.1146413662833,NA,0,0.178112201598126,NA,0,2.33e-05,6.94e-07,5.34e-09,1.20145087595651e-05,2.38707406213006e-09,7.01398434549954e-09,1.12854912404349e-05,6.9161292593787e-07,-1.67398434549954e-09,"0.1"
2018-08-09,"u14",0.1,25,115,101.325,29.5,29.5,608.314873754596,NA,0,73.8603839812594,NA,0,0.17700029572802,NA,0,2.34e-05,7.42e-07,5.31e-09,1.20145087595651e-05,2.38707406213006e-09,7.01398434549954e-09,1.13854912404349e-05,7.3961292593787e-07,-1.70398434549954e-09,"0.1"
2018-08-09,"u12",0.1,25,115,101.325,28.5,28.5,271.750243817859,NA,0,30.1476675257323,NA,0,0.204790722312677,NA,0,1.07e-05,3.04e-07,6.28e-09,1.23345413831486e-05,2.43727392710319e-09,7.22451843751949e-09,-1.63454138314858e-06,3.01562726072897e-07,-9.4451843751949e-10,"0.1"
2018-08-09,"u12",0.1,25,115,101.325,28,28,388.684554257381,NA,0,29.3364833623888,NA,0,0.203924302154153,NA,0,1.54e-05,2.97e-07,6.33e-09,1.24985586900478e-05,2.46289601973024e-09,7.33268362146846e-09,2.90144130995224e-06,2.9453710398027e-07,-1.00268362146846e-09,"0.1"
2018-08-09,"u12",0.1,25,115,101.325,28,28,294.083058583679,NA,0,28.8867052415928,NA,0,0.199144550946295,NA,0,1.17e-05,2.93e-07,6.18e-09,1.24985586900478e-05,2.46289601973024e-09,7.33268362146846e-09,-7.98558690047763e-07,2.9053710398027e-07,-1.15268362146846e-09,"0.1"
2018-08-09,"u14",1.3,25,115,101.325,29.5,29.5,999.278619760646,NA,0,33.0833528916148,NA,0,0.145809170021157,NA,0,3.84e-05,3.32e-07,4.38e-09,1.20145087595651e-05,2.38707406213006e-09,7.01398434549954e-09,2.63854912404349e-05,3.2961292593787e-07,-2.63398434549954e-09,"1.3"
2018-08-09,"u14",0.75,25,115,101.325,29.5,29.5,1889.15211477652,NA,0,99.2546423496432,NA,0,0.132610702939642,NA,0,7.26e-05,9.97e-07,3.98e-09,1.20145087595651e-05,2.38707406213006e-09,7.01398434549954e-09,6.05854912404349e-05,9.9461292593787e-07,-3.03398434549954e-09,"0.75"
2018-08-09,"u12",7,25,115,101.325,25.5,25.5,19894.0166314553,NA,0,76935.482652523,NA,0,-0.0673446293117144,NA,0,0.000833,0.00079,-2.21e-09,1.33608077308811e-05,2.59646732353774e-09,7.90418916159663e-09,0.000819639192269119,0.000789997403532676,-1.01141891615966e-08,"7"
2018-08-09,"u12",6,25,115,101.325,26.5,26.5,16034.4122414898,NA,0,57380.0597094614,NA,0,-0.0282907406662465,NA,0,0.000657,0.000586,-9.08e-10,1.30072530372971e-05,2.5419220030759e-09,7.66927497110228e-09,0.000643992746962703,0.000585997458077997,-8.57727497110228e-09,"6"
2018-08-09,"u12",4,25,115,101.325,27.5,27.5,4547.92699090249,NA,0,1784.29077691376,NA,0,-0.0164568853344066,NA,0,0.000182,1.81e-05,-5.16e-10,1.26653134684301e-05,2.48887403806571e-09,7.44283613666859e-09,0.00016933468653157,1.80975111259619e-05,-7.95883613666859e-09,"4"
2018-08-09,"u12",2,25,115,101.325,28,28,1275.57176785417,NA,0,17.0118987849393,NA,0,0.217924207882302,NA,0,5.06e-05,1.72e-07,6.76e-09,1.24985586900478e-05,2.46289601973024e-09,7.33268362146846e-09,3.81014413099522e-05,1.6953710398027e-07,-5.72683621468456e-10,"2"
2018-08-28,"u14",0.1,25,115,101.325,29.5,29.5,286.897245376712,NA,0,37.8354884599915,NA,0,0.201021794623097,NA,0,1.1e-05,3.8e-07,6.03e-09,1.20145087595651e-05,2.38707406213006e-09,7.01398434549954e-09,-1.01450875956511e-06,3.7761292593787e-07,-9.83984345499535e-10,"0.1"
2018-08-28,"u14",0.1,25,115,101.325,28.5,28.5,301.924584272045,NA,0,31.4118971317601,NA,0,0.208306944122686,NA,0,1.18e-05,3.17e-07,6.39e-09,1.23345413831486e-05,2.43727392710319e-09,7.22451843751949e-09,-5.34541383148578e-07,3.14562726072897e-07,-8.3451843751949e-10,"0.1"
2018-08-28,"u14",0.1,25,115,101.325,28.5,28.5,286.41286561589,NA,0,36.1617408866536,NA,0,0.204581337441033,NA,0,1.12e-05,3.65e-07,6.28e-09,1.23345413831486e-05,2.43727392710319e-09,7.22451843751949e-09,-1.13454138314858e-06,3.62562726072897e-07,-9.4451843751949e-10,"0.1"
2018-08-28,"u12",0.1,25,115,101.325,30,30,286.897245376712,NA,0,37.8354884599915,NA,0,0.201021794623097,NA,0,1.09e-05,3.79e-07,5.97e-09,1.18583911168339e-05,2.36248484189294e-09,6.91153502360875e-09,-9.58391116833934e-07,3.76637515158107e-07,-9.41535023608751e-10,"0.1"
2018-08-28,"u12",0.1,25,115,101.325,29.5,29.5,301.924584272045,NA,0,31.4118971317601,NA,0,0.208306944122686,NA,0,1.16e-05,3.15e-07,6.25e-09,1.20145087595651e-05,2.38707406213006e-09,7.01398434549954e-09,-4.14508759565113e-07,3.1261292593787e-07,-7.63984345499536e-10,"0.1"
2018-08-28,"u12",0.1,25,115,101.325,29.5,29.5,286.41286561589,NA,0,36.1617408866536,NA,0,0.204581337441033,NA,0,1.1e-05,3.63e-07,6.14e-09,1.20145087595651e-05,2.38707406213006e-09,7.01398434549954e-09,-1.01450875956511e-06,3.6061292593787e-07,-8.73984345499535e-10,"0.1"
2018-08-28,"u14",0.75,25,115,101.325,29.5,29.5,262.276138899924,NA,0,184.132539005774,NA,0,0.201945976125523,NA,0,1.01e-05,1.85e-06,6.06e-09,1.20145087595651e-05,2.38707406213006e-09,7.01398434549954e-09,-1.91450875956511e-06,1.84761292593787e-06,-9.53984345499535e-10,"0.75"
2018-08-28,"u14",1.3,25,115,101.325,29,29,594.978070287863,NA,0,489.996611825507,NA,0,0.181794487271853,NA,0,2.31e-05,4.94e-06,5.52e-09,1.21732086501954e-05,2.41200186767436e-09,7.11829890823783e-09,1.09267913498046e-05,4.93758799813233e-06,-1.59829890823783e-09,"1.3"
2018-08-28,"u12",2,25,115,101.325,28.5,28.5,563.333378113862,NA,0,26.8117492771712,NA,0,0.207505505476052,NA,0,2.21e-05,2.71e-07,6.37e-09,1.23345413831486e-05,2.43727392710319e-09,7.22451843751949e-09,9.76545861685142e-06,2.68562726072897e-07,-8.54518437519489e-10,"2"
2018-08-28,"u12",4,25,115,101.325,28.5,28.5,4112.09261393442,NA,0,44.8368580295237,NA,0,-0.0215037827578087,NA,0,0.000161,4.53e-07,-6.6e-10,1.23345413831486e-05,2.43727392710319e-09,7.22451843751949e-09,0.000148665458616851,4.50562726072897e-07,-7.88451843751949e-09,"4"
2018-08-28,"u12",6,25,115,101.325,28.5,28.5,16024.9903616489,NA,0,55777.0132338743,NA,0,-0.0294459675442784,NA,0,0.000629,0.000563,-9.03e-10,1.23345413831486e-05,2.43727392710319e-09,7.22451843751949e-09,0.000616665458616851,0.000562997562726073,-8.12751843751949e-09,"6"
2018-08-28,"u12",7,25,115,101.325,28,28,23391.3357458543,NA,0,88596.1867958207,NA,0,-0.0300308011512821,NA,0,0.000928,0.000897,-9.31e-10,1.24985586900478e-05,2.46289601973024e-09,7.33268362146846e-09,0.000915501441309952,0.00089699753710398,-8.26368362146846e-09,"7"
2018-09-13,"u14",0.1,25,115,101.325,NA,NA,394.112024061672,NA,0,23.3671706442539,NA,0,1.46232105866615,NA,0,NA,NA,NA,NA,NA,NA,NA,NA,NA,"0.1"
2018-09-13,"u14",0.1,25,115,101.325,NA,NA,1351.32934395609,NA,0,24.0419473714564,NA,0,1.41123054655966,NA,0,NA,NA,NA,NA,NA,NA,NA,NA,NA,"0.1"
2018-09-13,"u14",0.1,25,115,101.325,NA,NA,416.699326453369,NA,0,23.304532610369,NA,0,1.46344973608685,NA,0,NA,NA,NA,NA,NA,NA,NA,NA,NA,"0.1"
2018-09-13,"u12",0.1,25,115,101.325,NA,NA,305.161300876987,NA,0,26.4215624977751,NA,0,1.21644082562568,NA,0,NA,NA,NA,NA,NA,NA,NA,NA,NA,"0.1"
2018-09-13,"u12",0.1,25,115,101.325,NA,NA,307.89103792173,NA,0,30.2952900822533,NA,0,1.18802387132483,NA,0,NA,NA,NA,NA,NA,NA,NA,NA,NA,"0.1"
2018-09-13,"u12",0.1,25,115,101.325,NA,NA,265.565786678919,NA,0,27.4819979446712,NA,0,1.22221993976076,NA,0,NA,NA,NA,NA,NA,NA,NA,NA,NA,"0.1"
2018-09-13,"u14",1.3,25,115,101.325,NA,NA,1185.37783067419,NA,0,167.616698903596,NA,0,1.524226872133,NA,0,NA,NA,NA,NA,NA,NA,NA,NA,NA,"1.3"
2018-09-13,"u14",0.75,25,115,101.325,NA,NA,395.948522055852,NA,0,37.1077547894544,NA,0,1.48127283839469,NA,0,NA,NA,NA,NA,NA,NA,NA,NA,NA,"0.75"
2018-09-13,"u12",7,25,115,101.325,24,24,18057.8577733873,NA,0,70246.3272386057,NA,0,1.25575166009464,NA,0,0.000781,0.000728,4.27e-08,1.3913948381492e-05,2.68120602278153e-09,8.2732701914155e-09,0.000767086051618508,0.000727997318793977,3.44267298085845e-08,"7"
2018-09-13,"u12",6,25,115,101.325,24.5,24.5,5111.41254655787,NA,0,17.4363444902204,NA,0,2.64638939531319,NA,0,0.000219,1.8e-07,8.89e-08,1.37264458223477e-05,2.65256148004153e-09,8.14795054556402e-09,0.000205273554177652,1.77347438519958e-07,8.0752049454436e-08,"6"
2018-09-13,"u12",4,25,115,101.325,25.5,25.5,6421.12967964423,NA,0,231.070779971667,NA,0,0.148183364575736,NA,0,0.000269,2.37e-06,4.86e-09,1.33608077308811e-05,2.59646732353774e-09,7.90418916159663e-09,0.000255639192269119,2.36740353267646e-06,-3.04418916159663e-09,"4"
2018-09-13,"u12",2,25,115,101.325,NA,NA,599.640192719302,NA,0,18.7700178796969,NA,0,1.26545257109025,NA,0,NA,NA,NA,NA,NA,NA,NA,NA,NA,"2"
2018-10-03,"u14",0.1,25,115,101.325,25,25,337.453818770661,NA,0,96.2364790485145,NA,0,1.13076849457238,NA,0,1.43e-05,9.92e-07,3.75e-08,1.354208625e-05,2.6243175e-09,8.02494e-09,7.57913750000003e-07,9.893756825e-07,2.947506e-08,"0.1"
2018-10-03,"u14",0.1,25,115,101.325,25,25,393.665232807397,NA,0,96.3554842583109,NA,0,1.12656095659269,NA,0,1.67e-05,9.93e-07,3.74e-08,1.354208625e-05,2.6243175e-09,8.02494e-09,3.15791375e-06,9.903756825e-07,2.937506e-08,"0.1"
2018-10-03,"u14",0.1,25,115,101.325,24.5,24.5,301.605045041162,NA,0,87.8782039592684,NA,0,1.10140145105032,NA,0,1.29e-05,9.08e-07,3.7e-08,1.37264458223477e-05,2.65256148004153e-09,8.14795054556402e-09,-8.26445822347704e-07,9.05347438519959e-07,2.8852049454436e-08,"0.1"
2018-10-03,"u12",0.1,25,115,101.325,24,24,247.624739192445,NA,0,57.4426809376656,NA,0,1.06318357636216,NA,0,1.07e-05,5.95e-07,3.61e-08,1.3913948381492e-05,2.68120602278153e-09,8.2732701914155e-09,-3.21394838149195e-06,5.92318793977219e-07,2.78267298085845e-08,"0.1"
2018-10-03,"u12",0.1,25,115,101.325,24,24,239.052062412926,NA,0,56.198708315502,NA,0,1.03143773802305,NA,0,1.03e-05,5.82e-07,3.51e-08,1.3913948381492e-05,2.68120602278153e-09,8.2732701914155e-09,-3.61394838149195e-06,5.79318793977219e-07,2.68267298085845e-08,"0.1"
2018-10-03,"u12",0.1,25,115,101.325,24,24,490.9682425571,NA,0,61.9831691317953,NA,0,1.05140389872463,NA,0,2.12e-05,6.42e-07,3.57e-08,1.3913948381492e-05,2.68120602278153e-09,8.2732701914155e-09,7.28605161850805e-06,6.39318793977218e-07,2.74267298085845e-08,"0.1"
2018-10-03,"u14",1.3,25,115,101.325,26.5,26.5,325.905023113733,NA,0,99.7155405361065,NA,0,1.14801297111392,NA,0,1.33e-05,1.02e-06,3.68e-08,1.30072530372971e-05,2.5419220030759e-09,7.66927497110228e-09,2.92746962702871e-07,1.01745807799692e-06,2.91307250288977e-08,"1.3"
2018-10-03,"u14",0.75,25,115,101.325,25.5,25.5,300.200234441953,NA,0,91.9825772528267,NA,0,1.13131854622677,NA,0,1.26e-05,9.45e-07,3.71e-08,1.33608077308811e-05,2.59646732353774e-09,7.90418916159663e-09,-7.60807730881102e-07,9.42403532676462e-07,2.91958108384034e-08,"0.75"
2018-10-03,"u12",7,25,115,101.325,24,24,8512.83522689202,NA,0,19832.7772161812,NA,0,0.360481872586483,NA,0,0.000368,0.000206,1.23e-08,1.3913948381492e-05,2.68120602278153e-09,8.2732701914155e-09,0.000354086051618508,0.000205997318793977,4.0267298085845e-09,"7"
2018-10-03,"u12",6,25,115,101.325,23.5,23.5,5862.55323116715,NA,0,4189.61844679168,NA,0,0.441618063373053,NA,0,0.000257,4.36e-05,1.52e-08,1.41046572876937e-05,2.71025802256297e-09,8.40094955754637e-09,0.000242895342712306,4.35972897419774e-05,6.79905044245363e-09,"6"
2018-10-03,"u12",4,25,115,101.325,24,24,4283.39173739583,NA,0,52.9676337321564,NA,0,1.8472929249876,NA,0,0.000185,5.49e-07,6.28e-08,1.3913948381492e-05,2.68120602278153e-09,8.2732701914155e-09,0.000171086051618508,5.46318793977218e-07,5.45267298085845e-08,"4"
2018-10-03,"u12",2,25,115,101.325,24,24,2065.92106374364,NA,0,54.0627904582373,NA,0,1.48803061586292,NA,0,8.94e-05,5.6e-07,5.06e-08,1.3913948381492e-05,2.68120602278153e-09,8.2732701914155e-09,7.54860516185081e-05,5.57318793977219e-07,4.23267298085845e-08,"2"
2018-10-18,"u14",0.1,25,115,101.325,17,17,1263.66088191496,NA,0,21.7035447945952,NA,0,1.26948152087046,NA,0,6.43e-05,2.35e-07,5.12e-08,1.69073181783854e-05,3.12841567843413e-09,1.03010047630668e-08,4.73926818216146e-05,2.31871584321566e-07,4.08989952369332e-08,"0.1"
2018-10-18,"u14",0.1,25,115,101.325,NA,NA,1110.37837808854,NA,0,23.3954018707936,NA,0,1.28668313624412,NA,0,NA,NA,NA,NA,NA,NA,NA,NA,NA,"0.1"
2018-10-18,"u14",0.1,25,115,101.325,NA,NA,1315.69298547068,NA,0,22.8079655006982,NA,0,1.30687788984103,NA,0,NA,NA,NA,NA,NA,NA,NA,NA,NA,"0.1"
2018-10-18,"u12",0.1,25,115,101.325,15,15,1478.82800493053,NA,0,18.3422643847164,NA,0,1.34596013141466,NA,0,7.9e-05,2.01e-07,5.72e-08,1.79064003040641e-05,3.27388578868783e-09,1.09882832719818e-08,6.10935996959359e-05,1.97726114211312e-07,4.62117167280182e-08,"0.1"
2018-10-18,"u12",0.1,25,115,101.325,NA,NA,1479.69654477315,NA,0,18.6834337161578,NA,0,1.33532341825379,NA,0,NA,NA,NA,NA,NA,NA,NA,NA,NA,"0.1"
2018-10-18,"u12",0.1,25,115,101.325,15,15,1490.88825189763,NA,0,19.9506881039093,NA,0,1.36187591175209,NA,0,7.96e-05,2.19e-07,5.79e-08,1.79064003040641e-05,3.27388578868783e-09,1.09882832719818e-08,6.16935996959359e-05,2.15726114211312e-07,4.69117167280182e-08,"0.1"
2018-10-18,"u14",1.3,25,115,101.325,NA,NA,1705.11106219728,NA,0,201.629645175523,NA,0,1.40087957451795,NA,0,NA,NA,NA,NA,NA,NA,NA,NA,NA,"1.3"
2018-10-18,"u14",0.75,25,115,101.325,NA,NA,1115.39260767375,NA,0,25.1718265943497,NA,0,1.29769845638789,NA,0,NA,NA,NA,NA,NA,NA,NA,NA,NA,"0.75"
2018-10-18,"u12",7,25,115,101.325,NA,NA,2062.01010868938,NA,0,17.7950323059878,NA,0,1.37613439359836,NA,0,NA,NA,NA,NA,NA,NA,NA,NA,NA,"7"
2018-10-18,"u12",6,25,115,101.325,16,16,1826.01769815404,NA,0,11.5390429177028,NA,0,1.37490570678596,NA,0,9.52e-05,1.26e-07,5.69e-08,1.73979625680852e-05,3.20007278457334e-09,1.06379075739893e-08,7.78020374319148e-05,1.22799927215427e-07,4.62620924260107e-08,"6"
2018-10-18,"u12",4,25,115,101.325,15,15,1784.02340446374,NA,0,10.9207286435797,NA,0,1.33748790723145,NA,0,9.53e-05,1.2e-07,5.68e-08,1.79064003040641e-05,3.27388578868783e-09,1.09882832719818e-08,7.73935996959359e-05,1.16726114211312e-07,4.58117167280182e-08,"4"
2018-10-18,"u12",2,25,115,101.325,15.5,15.5,1820.82881478288,NA,0,8.2187229927589,NA,0,1.37699876048383,NA,0,9.61e-05,8.98e-08,5.78e-08,1.76499104299778e-05,3.23670495709293e-09,1.08113727379212e-08,7.84500895700222e-05,8.65632950429071e-08,4.69886272620788e-08,"2"
2018-10-30,"u14",0.1,25,115,101.325,12,12,566.867726406467,NA,0,126.820699198526,NA,0,0.787829146879929,NA,0,3.26e-05,1.42e-06,3.63e-08,1.95462943856306e-05,3.50906414591725e-09,1.21267105427714e-08,1.30537056143694e-05,1.41649093585408e-06,2.41732894572286e-08,"0.1"
2018-10-30,"u14",0.1,25,115,101.325,12,12,570.575330714259,NA,0,118.761362345864,NA,0,0.76444123627637,NA,0,3.28e-05,1.33e-06,3.52e-08,1.95462943856306e-05,3.50906414591725e-09,1.21267105427714e-08,1.32537056143694e-05,1.32649093585408e-06,2.30732894572286e-08,"0.1"
2018-10-30,"u14",0.1,25,115,101.325,12,12,625.567197936139,NA,0,124.127879715776,NA,0,0.769756021092817,NA,0,3.6e-05,1.39e-06,3.54e-08,1.95462943856306e-05,3.50906414591725e-09,1.21267105427714e-08,1.64537056143694e-05,1.38649093585408e-06,2.32732894572286e-08,"0.1"
2018-10-30,"u12",0.1,25,115,101.325,14.5,14.5,756.371168374785,NA,0,18.4599785168059,NA,0,0.859978779468797,NA,0,4.09e-05,2.03e-07,3.7e-08,1.81675287046592e-05,3.31162521839218e-09,1.11687188475138e-08,2.27324712953408e-05,1.99688374781608e-07,2.58312811524862e-08,"0.1"
2018-10-30,"u12",0.1,25,115,101.325,14,14,767.59576415065,NA,0,18.8092139129729,NA,0,0.835519339668373,NA,0,4.2e-05,2.08e-07,3.65e-08,1.84333944910659e-05,3.34993339462749e-09,1.1352761224815e-08,2.35666055089341e-05,2.04650066605373e-07,2.5147238775185e-08,"0.1"
2018-10-30,"u12",0.1,25,115,101.325,14.5,14.5,645.151959919021,NA,0,16.9241493801437,NA,0,0.834447810471508,NA,0,3.49e-05,1.86e-07,3.59e-08,1.81675287046592e-05,3.31162521839218e-09,1.11687188475138e-08,1.67324712953408e-05,1.82688374781608e-07,2.47312811524862e-08,"0.1"
2018-10-30,"u14",1.3,25,115,101.325,12.5,12.5,681.373327977935,NA,0,133.209925013106,NA,0,0.793586830431081,NA,0,3.87e-05,1.49e-06,3.6e-08,1.92604412874715e-05,3.46837513358911e-09,1.19273793995219e-08,1.94395587125285e-05,1.48653162486641e-06,2.40726206004781e-08,"1.3"
2018-10-30,"u14",0.75,25,115,101.325,13,13,682.242405216827,NA,0,128.571097184534,NA,0,0.799901709164601,NA,0,3.83e-05,1.43e-06,3.58e-08,1.89797457685167e-05,3.42829765747775e-09,1.17320042386797e-08,1.93202542314833e-05,1.42657170234252e-06,2.40679957613203e-08,"0.75"
2018-10-30,"u12",7,25,115,101.325,13,13,874.058155831882,NA,0,15.9007674180809,NA,0,0.785478926174807,NA,0,4.91e-05,1.77e-07,3.52e-08,1.89797457685167e-05,3.42829765747775e-09,1.17320042386797e-08,3.01202542314833e-05,1.73571702342522e-07,2.34679957613203e-08,"7"
2018-10-30,"u12",6,25,115,101.325,13,13,850.126395465748,NA,0,16.1992118129288,NA,0,0.788722087877316,NA,0,4.77e-05,1.8e-07,3.53e-08,1.89797457685167e-05,3.42829765747775e-09,1.17320042386797e-08,2.87202542314833e-05,1.76571702342522e-07,2.35679957613203e-08,"6"
2018-10-30,"u12",4,25,115,101.325,13,13,828.896341079582,NA,0,15.4242394379627,NA,0,0.777971078268777,NA,0,4.65e-05,1.71e-07,3.49e-08,1.89797457685167e-05,3.42829765747775e-09,1.17320042386797e-08,2.75202542314833e-05,1.67571702342522e-07,2.31679957613203e-08,"4"
2018-10-30,"u12",2,25,115,101.325,14,14,1194.65801928597,NA,0,16.7193469554698,NA,0,0.819482119355303,NA,0,6.54e-05,1.85e-07,3.58e-08,1.84333944910659e-05,3.34993339462749e-09,1.1352761224815e-08,4.69666055089341e-05,1.81650066605373e-07,2.4447238775185e-08,"2"
2018-11-15,"u14",0.1,25,115,101.325,3.5,3.5,814.159860715443,NA,0,45.2401337619012,NA,0,0.650559113233625,NA,0,5.87e-05,5.39e-07,3.82e-08,2.53146756243125e-05,4.30627492469502e-09,1.62214411099215e-08,3.33853243756875e-05,5.34693725075305e-07,2.19785588900785e-08,"0.1"
2018-11-15,"u14",0.1,25,115,101.325,4.5,4.5,865.04655787308,NA,0,45.0217200085922,NA,0,0.648487490119687,NA,0,6.07e-05,5.32e-07,3.7e-08,2.45359434479542e-05,4.20106256246176e-09,1.56611492645971e-08,3.61640565520458e-05,5.27798937437538e-07,2.13388507354029e-08,"0.1"
2018-11-15,"u14",0.1,25,115,101.325,4,4,803.501358164565,NA,0,44.9079405764715,NA,0,0.657102584862477,NA,0,5.71e-05,5.33e-07,3.8e-08,2.49215657375887e-05,4.25324853213043e-09,1.59383280403349e-08,3.21784342624113e-05,5.2874675146787e-07,2.20616719596651e-08,"0.1"
2018-11-15,"u12",0.1,25,115,101.325,6,6,4564.37976388129,NA,0,784471.597456751,NA,0,2.290063263011,NA,0,0.000307,0.00916,1.25e-07,2.34223595750412e-05,4.04938953004282e-09,1.48638048906653e-08,0.000283577640424959,0.00915999595061047,1.10136195109335e-07,"0.1"
2018-11-15,"u12",0.1,25,115,101.325,5.5,5.5,1057.83295362101,NA,0,15.6863865415453,NA,0,0.851163665942593,NA,0,7.22e-05,1.84e-07,4.71e-08,2.37865004834732e-05,4.09914848236003e-09,1.51240252271186e-08,4.84134995165268e-05,1.7990085151764e-07,3.19759747728814e-08,"0.1"
2018-11-15,"u12",0.1,25,115,101.325,5,5,1027.83098000999,NA,0,15.4106279537382,NA,0,0.84280573820705,NA,0,7.11e-05,1.81e-07,4.73e-08,2.41576424140918e-05,4.14970107618334e-09,1.53897614682427e-08,4.69423575859082e-05,1.76850298923817e-07,3.19102385317573e-08,"0.1"
2018-11-15,"u14",1.25,25,115,101.325,4,4,435.693704900111,NA,0,2.36591080849353,NA,0,0.360731896065751,NA,0,3.1e-05,2.81e-08,2.09e-08,2.49215657375887e-05,4.25324853213043e-09,1.59383280403349e-08,6.07843426241132e-06,2.38467514678696e-08,4.96167195966508e-09,"1.3"
2018-11-15,"u14",0.75,25,115,101.325,5,5,794.651838919126,NA,0,54.2518685959578,NA,0,0.632671719173969,NA,0,5.5e-05,6.38e-07,3.55e-08,2.41576424140918e-05,4.14970107618334e-09,1.53897614682427e-08,3.08423575859083e-05,6.33850298923817e-07,2.01102385317573e-08,"0.75"
2018-11-15,"u12",7,25,115,101.325,4,4,1203.63247842718,NA,0,666974.004139228,NA,0,1.53113986535281,NA,0,8.56e-05,0.00791,8.86e-08,2.49215657375887e-05,4.25324853213043e-09,1.59383280403349e-08,6.06784342624113e-05,0.00790999574675147,7.26616719596651e-08,"7"
2018-11-15,"u12",6,25,115,101.325,4,4,1135.9012613145,NA,0,14.8117226478611,NA,0,0.833119114267397,NA,0,8.08e-05,1.76e-07,4.82e-08,2.49215657375887e-05,4.25324853213043e-09,1.59383280403349e-08,5.58784342624113e-05,1.7174675146787e-07,3.22616719596651e-08,"6"
2018-11-15,"u12",4,25,115,101.325,4.5,4.5,1035.44631499446,NA,0,14.8731003591326,NA,0,0.813724435804152,NA,0,7.26e-05,1.76e-07,4.64e-08,2.45359434479542e-05,4.20106256246176e-09,1.56611492645971e-08,4.80640565520458e-05,1.71798937437538e-07,3.07388507354029e-08,"4"
2018-11-15,"u12",2,25,115,101.325,4.5,4.5,1077.56635941064,NA,0,15.913496676476,NA,0,0.828754418672169,NA,0,7.56e-05,1.88e-07,4.72e-08,2.45359434479542e-05,4.20106256246176e-09,1.56611492645971e-08,5.10640565520458e-05,1.83798937437538e-07,3.15388507354029e-08,"2"
2018-11-30,"u14",0.1,25,115,101.325,6.5,6.5,NA,NA,0,NA,NA,0,NA,NA,0,NA,NA,NA,2.30650655654956e-05,4.00040929991844e-09,1.46089684690215e-08,NA,NA,NA,"0.1"
2018-11-30,"u14",0.1,25,115,101.325,6,6,NA,NA,0,NA,NA,0,NA,NA,0,NA,NA,NA,2.34223595750412e-05,4.04938953004282e-09,1.48638048906653e-08,NA,NA,NA,"0.1"
2018-11-30,"u14",0.1,25,115,101.325,6,6,NA,NA,0,NA,NA,0,NA,NA,0,NA,NA,NA,2.34223595750412e-05,4.04938953004282e-09,1.48638048906653e-08,NA,NA,NA,"0.1"
2018-11-30,"u12",0.1,25,115,101.325,12,12,NA,NA,0,NA,NA,0,NA,NA,0,NA,NA,NA,1.95462943856306e-05,3.50906414591725e-09,1.21267105427714e-08,NA,NA,NA,"0.1"
2018-11-30,"u12",0.1,25,115,101.325,12.5,12.5,NA,NA,0,NA,NA,0,NA,NA,0,NA,NA,NA,1.92604412874715e-05,3.46837513358911e-09,1.19273793995219e-08,NA,NA,NA,"0.1"
2018-11-30,"u12",0.1,25,115,101.325,12,12,NA,NA,0,NA,NA,0,NA,NA,0,NA,NA,NA,1.95462943856306e-05,3.50906414591725e-09,1.21267105427714e-08,NA,NA,NA,"0.1"
2018-11-30,"u14",1.25,25,115,101.325,6.5,6.5,NA,NA,0,NA,NA,0,NA,NA,0,NA,NA,NA,2.30650655654956e-05,4.00040929991844e-09,1.46089684690215e-08,NA,NA,NA,"1.3"
2018-11-30,"u14",0.75,25,115,101.325,6.5,6.5,NA,NA,0,NA,NA,0,NA,NA,0,NA,NA,NA,2.30650655654956e-05,4.00040929991844e-09,1.46089684690215e-08,NA,NA,NA,"0.75"
2018-11-30,"u12",7,25,115,101.325,10,10,NA,NA,0,NA,NA,0,NA,NA,0,NA,NA,NA,2.07435560334758e-05,3.67816467848941e-09,1.29654958792718e-08,NA,NA,NA,"7"
2018-11-30,"u12",6,25,115,101.325,10,10,NA,NA,0,NA,NA,0,NA,NA,0,NA,NA,NA,2.07435560334758e-05,3.67816467848941e-09,1.29654958792718e-08,NA,NA,NA,"6"
2018-11-30,"u12",4,25,115,101.325,NA,NA,NA,NA,0,NA,NA,0,NA,NA,0,NA,NA,NA,NA,NA,NA,NA,NA,NA,"4"
2018-11-30,"u12",2,25,115,101.325,NA,NA,NA,NA,0,NA,NA,0,NA,NA,0,NA,NA,NA,NA,NA,NA,NA,NA,NA,"2"
2018-12-13,"u14",0.1,25,115,101.325,5,5,NA,NA,0,NA,NA,0,NA,NA,0,NA,NA,NA,2.41576424140918e-05,4.14970107618334e-09,1.53897614682427e-08,NA,NA,NA,"0.1"
2018-12-13,"u14",0.1,25,115,101.325,5,5,NA,NA,0,NA,NA,0,NA,NA,0,NA,NA,NA,2.41576424140918e-05,4.14970107618334e-09,1.53897614682427e-08,NA,NA,NA,"0.1"
2018-12-13,"u14",0.1,25,115,101.325,5,5,NA,NA,0,NA,NA,0,NA,NA,0,NA,NA,NA,2.41576424140918e-05,4.14970107618334e-09,1.53897614682427e-08,NA,NA,NA,"0.1"
2018-12-13,"u12",0.1,25,115,101.325,7,7,NA,NA,0,NA,NA,0,NA,NA,0,NA,NA,NA,2.27144681790639e-05,3.95219319618629e-09,1.43593875238164e-08,NA,NA,NA,"0.1"
2018-12-13,"u12",0.1,25,115,101.325,7,7,NA,NA,0,NA,NA,0,NA,NA,0,NA,NA,NA,2.27144681790639e-05,3.95219319618629e-09,1.43593875238164e-08,NA,NA,NA,"0.1"
2018-12-13,"u12",0.1,25,115,101.325,7,7,NA,NA,0,NA,NA,0,NA,NA,0,NA,NA,NA,2.27144681790639e-05,3.95219319618629e-09,1.43593875238164e-08,NA,NA,NA,"0.1"
2018-12-13,"u14",1.3,25,115,101.325,7,7,NA,NA,0,NA,NA,0,NA,NA,0,NA,NA,NA,2.27144681790639e-05,3.95219319618629e-09,1.43593875238164e-08,NA,NA,NA,"1.3"
2018-12-13,"u14",0.75,25,115,101.325,7,7,NA,NA,0,NA,NA,0,NA,NA,0,NA,NA,NA,2.27144681790639e-05,3.95219319618629e-09,1.43593875238164e-08,NA,NA,NA,"0.75"
2018-12-13,"u12",7,25,115,101.325,7,7,NA,NA,0,NA,NA,0,NA,NA,0,NA,NA,NA,2.27144681790639e-05,3.95219319618629e-09,1.43593875238164e-08,NA,NA,NA,"7"
2018-12-13,"u12",6,25,115,101.325,7.5,7.5,NA,NA,0,NA,NA,0,NA,NA,0,NA,NA,NA,2.23704208806411e-05,3.90472693865578e-09,1.41149370625187e-08,NA,NA,NA,"6"
2018-12-13,"u12",4,25,115,101.325,8,8,NA,NA,0,NA,NA,0,NA,NA,0,NA,NA,NA,2.20327807721864e-05,3.85799655505758e-09,1.38754954362178e-08,NA,NA,NA,"4"
2018-12-13,"u12",2,25,115,101.325,8,8,NA,NA,0,NA,NA,0,NA,NA,0,NA,NA,NA,2.20327807721864e-05,3.85799655505758e-09,1.38754954362178e-08,NA,NA,NA,"2"
