datetime,wtrT_0,wtrT_1,wtrT_2,wtrT_3,wtrT_4,wtrT_5,wtrT_6,wtrT_7,wtrT_8
2016-12-01T00:00:00Z,NaN,NaN,NaN,NaN,NaN,NaN,NaN,NaN,NaN
2016-12-02T00:00:00Z,NaN,NaN,NaN,NaN,NaN,NaN,NaN,NaN,NaN
2016-12-03T00:00:00Z,NaN,NaN,NaN,NaN,NaN,NaN,NaN,NaN,NaN
2016-12-04T00:00:00Z,NaN,NaN,NaN,NaN,NaN,NaN,NaN,NaN,NaN
2016-12-05T00:00:00Z,NaN,NaN,NaN,NaN,NaN,NaN,NaN,NaN,NaN
2016-12-06T00:00:00Z,NaN,NaN,NaN,NaN,NaN,NaN,NaN,NaN,NaN
2016-12-07T00:00:00Z,NaN,NaN,NaN,NaN,NaN,NaN,NaN,NaN,NaN
2016-12-08T00:00:00Z,NaN,NaN,NaN,NaN,NaN,NaN,NaN,NaN,NaN
2016-12-09T00:00:00Z,NaN,NaN,NaN,NaN,NaN,NaN,NaN,NaN,NaN
2016-12-10T00:00:00Z,NaN,NaN,NaN,NaN,NaN,NaN,NaN,NaN,NaN
2016-12-11T00:00:00Z,NaN,NaN,NaN,NaN,NaN,NaN,NaN,NaN,NaN
2016-12-12T00:00:00Z,NaN,NaN,NaN,NaN,NaN,NaN,NaN,NaN,NaN
2016-12-13T00:00:00Z,NaN,NaN,NaN,NaN,NaN,NaN,NaN,NaN,NaN
2016-12-14T00:00:00Z,NaN,NaN,NaN,NaN,NaN,NaN,NaN,NaN,NaN
2016-12-15T00:00:00Z,NaN,NaN,NaN,NaN,NaN,NaN,NaN,NaN,NaN
2016-12-16T00:00:00Z,NaN,NaN,NaN,NaN,NaN,NaN,NaN,NaN,NaN
2016-12-17T00:00:00Z,NaN,NaN,NaN,NaN,NaN,NaN,NaN,NaN,NaN
2016-12-18T00:00:00Z,NaN,NaN,NaN,NaN,NaN,NaN,NaN,NaN,NaN
2016-12-19T00:00:00Z,NaN,NaN,NaN,NaN,NaN,NaN,NaN,NaN,NaN
2016-12-20T00:00:00Z,NaN,NaN,NaN,NaN,NaN,NaN,NaN,NaN,NaN
2016-12-21T00:00:00Z,NaN,NaN,NaN,NaN,NaN,NaN,NaN,NaN,NaN
2016-12-22T00:00:00Z,NaN,NaN,NaN,NaN,NaN,NaN,NaN,NaN,NaN
2016-12-23T00:00:00Z,NaN,NaN,NaN,NaN,NaN,NaN,NaN,NaN,NaN
2016-12-24T00:00:00Z,NaN,NaN,NaN,NaN,NaN,NaN,NaN,NaN,NaN
2016-12-25T00:00:00Z,NaN,NaN,NaN,NaN,NaN,NaN,NaN,NaN,NaN
2016-12-26T00:00:00Z,NaN,NaN,NaN,NaN,NaN,NaN,NaN,NaN,NaN
2016-12-27T00:00:00Z,NaN,NaN,NaN,NaN,NaN,NaN,NaN,NaN,NaN
2016-12-28T00:00:00Z,NaN,NaN,NaN,NaN,NaN,NaN,NaN,NaN,NaN
2016-12-29T00:00:00Z,NaN,NaN,NaN,NaN,NaN,NaN,NaN,NaN,NaN
2016-12-30T00:00:00Z,NaN,NaN,NaN,NaN,NaN,NaN,NaN,NaN,NaN
2016-12-31T00:00:00Z,NaN,NaN,NaN,NaN,NaN,NaN,NaN,NaN,NaN
2017-01-01T00:00:00Z,NaN,NaN,NaN,NaN,NaN,NaN,NaN,NaN,NaN
2017-01-02T00:00:00Z,NaN,NaN,NaN,NaN,NaN,NaN,NaN,NaN,NaN
2017-01-03T00:00:00Z,NaN,NaN,NaN,NaN,NaN,NaN,NaN,NaN,NaN
2017-01-04T00:00:00Z,NaN,NaN,NaN,NaN,NaN,NaN,NaN,NaN,NaN
2017-01-05T00:00:00Z,NaN,NaN,NaN,NaN,NaN,NaN,NaN,NaN,NaN
2017-01-06T00:00:00Z,NaN,NaN,NaN,NaN,NaN,NaN,NaN,NaN,NaN
2017-01-07T00:00:00Z,NaN,NaN,NaN,NaN,NaN,NaN,NaN,NaN,NaN
2017-01-08T00:00:00Z,NaN,NaN,NaN,NaN,NaN,NaN,NaN,NaN,NaN
2017-01-09T00:00:00Z,NaN,NaN,NaN,NaN,NaN,NaN,NaN,NaN,NaN
2017-01-10T00:00:00Z,NaN,NaN,NaN,NaN,NaN,NaN,NaN,NaN,NaN
2017-01-11T00:00:00Z,NaN,NaN,NaN,NaN,NaN,NaN,NaN,NaN,NaN
2017-01-12T00:00:00Z,NaN,NaN,NaN,NaN,NaN,NaN,NaN,NaN,NaN
2017-01-13T00:00:00Z,NaN,NaN,NaN,NaN,NaN,NaN,NaN,NaN,NaN
2017-01-14T00:00:00Z,NaN,NaN,NaN,NaN,NaN,NaN,NaN,NaN,NaN
2017-01-15T00:00:00Z,NaN,NaN,NaN,NaN,NaN,NaN,NaN,NaN,NaN
2017-01-16T00:00:00Z,NaN,NaN,NaN,NaN,NaN,NaN,NaN,NaN,NaN
2017-01-17T00:00:00Z,NaN,NaN,NaN,NaN,NaN,NaN,NaN,NaN,NaN
2017-01-18T00:00:00Z,NaN,NaN,NaN,NaN,NaN,NaN,NaN,NaN,NaN
2017-01-19T00:00:00Z,NaN,NaN,NaN,NaN,NaN,NaN,NaN,NaN,NaN
2017-01-20T00:00:00Z,NaN,NaN,NaN,NaN,NaN,NaN,NaN,NaN,NaN
2017-01-21T00:00:00Z,NaN,NaN,NaN,NaN,NaN,NaN,NaN,NaN,NaN
2017-01-22T00:00:00Z,NaN,NaN,NaN,NaN,NaN,NaN,NaN,NaN,NaN
2017-01-23T00:00:00Z,NaN,NaN,NaN,NaN,NaN,NaN,NaN,NaN,NaN
2017-01-24T00:00:00Z,NaN,NaN,NaN,NaN,NaN,NaN,NaN,NaN,NaN
2017-01-25T00:00:00Z,NaN,NaN,NaN,NaN,NaN,NaN,NaN,NaN,NaN
2017-01-26T00:00:00Z,NaN,NaN,NaN,NaN,NaN,NaN,NaN,NaN,NaN
2017-01-27T00:00:00Z,NaN,NaN,NaN,NaN,NaN,NaN,NaN,NaN,NaN
2017-01-28T00:00:00Z,NaN,NaN,NaN,NaN,NaN,NaN,NaN,NaN,NaN
2017-01-29T00:00:00Z,NaN,NaN,NaN,NaN,NaN,NaN,NaN,NaN,NaN
2017-01-30T00:00:00Z,NaN,NaN,NaN,NaN,NaN,NaN,NaN,NaN,NaN
2017-01-31T00:00:00Z,NaN,NaN,NaN,NaN,NaN,NaN,NaN,NaN,NaN
2017-02-01T00:00:00Z,NaN,NaN,NaN,NaN,NaN,NaN,NaN,NaN,NaN
2017-02-02T00:00:00Z,NaN,NaN,NaN,NaN,NaN,NaN,NaN,NaN,NaN
2017-02-03T00:00:00Z,NaN,NaN,NaN,NaN,NaN,NaN,NaN,NaN,NaN
2017-02-04T00:00:00Z,NaN,NaN,NaN,NaN,NaN,NaN,NaN,NaN,NaN
2017-02-05T00:00:00Z,NaN,NaN,NaN,NaN,NaN,NaN,NaN,NaN,NaN
2017-02-06T00:00:00Z,NaN,NaN,NaN,NaN,NaN,NaN,NaN,NaN,NaN
2017-02-07T00:00:00Z,NaN,NaN,NaN,NaN,NaN,NaN,NaN,NaN,NaN
2017-02-08T00:00:00Z,NaN,NaN,NaN,NaN,NaN,NaN,NaN,NaN,NaN
2017-02-09T00:00:00Z,NaN,NaN,NaN,NaN,NaN,NaN,NaN,NaN,NaN
2017-02-10T00:00:00Z,NaN,NaN,NaN,NaN,NaN,NaN,NaN,NaN,NaN
2017-02-11T00:00:00Z,NaN,NaN,NaN,NaN,NaN,NaN,NaN,NaN,NaN
2017-02-12T00:00:00Z,NaN,NaN,NaN,NaN,NaN,NaN,NaN,NaN,NaN
2017-02-13T00:00:00Z,NaN,NaN,NaN,NaN,NaN,NaN,NaN,NaN,NaN
2017-02-14T00:00:00Z,NaN,NaN,NaN,NaN,NaN,NaN,NaN,NaN,NaN
2017-02-15T00:00:00Z,NaN,NaN,NaN,NaN,NaN,NaN,NaN,NaN,NaN
2017-02-16T00:00:00Z,NaN,NaN,NaN,NaN,NaN,NaN,NaN,NaN,NaN
2017-02-17T00:00:00Z,NaN,NaN,NaN,NaN,NaN,NaN,NaN,NaN,NaN
2017-02-18T00:00:00Z,NaN,NaN,NaN,NaN,NaN,NaN,NaN,NaN,NaN
2017-02-19T00:00:00Z,NaN,NaN,NaN,NaN,NaN,NaN,NaN,NaN,NaN
2017-02-20T00:00:00Z,NaN,NaN,NaN,NaN,NaN,NaN,NaN,NaN,NaN
2017-02-21T00:00:00Z,NaN,NaN,NaN,NaN,NaN,NaN,NaN,NaN,NaN
2017-02-22T00:00:00Z,NaN,NaN,NaN,NaN,NaN,NaN,NaN,NaN,NaN
2017-02-23T00:00:00Z,NaN,NaN,NaN,NaN,NaN,NaN,NaN,NaN,NaN
2017-02-24T00:00:00Z,NaN,NaN,NaN,NaN,NaN,NaN,NaN,NaN,NaN
2017-02-25T00:00:00Z,NaN,NaN,NaN,NaN,NaN,NaN,NaN,NaN,NaN
2017-02-26T00:00:00Z,NaN,NaN,NaN,NaN,NaN,NaN,NaN,NaN,NaN
2017-02-27T00:00:00Z,NaN,NaN,NaN,NaN,NaN,NaN,NaN,NaN,NaN
2017-02-28T00:00:00Z,NaN,NaN,NaN,NaN,NaN,NaN,NaN,NaN,NaN
2017-03-01T00:00:00Z,NaN,NaN,NaN,NaN,NaN,NaN,NaN,NaN,NaN
2017-03-02T00:00:00Z,NaN,NaN,NaN,NaN,NaN,NaN,NaN,NaN,NaN
2017-03-03T00:00:00Z,NaN,NaN,NaN,NaN,NaN,NaN,NaN,NaN,NaN
2017-03-04T00:00:00Z,NaN,NaN,NaN,NaN,NaN,NaN,NaN,NaN,NaN
2017-03-05T00:00:00Z,NaN,NaN,NaN,NaN,NaN,NaN,NaN,NaN,NaN
2017-03-06T00:00:00Z,NaN,NaN,NaN,NaN,NaN,NaN,NaN,NaN,NaN
2017-03-07T00:00:00Z,NaN,NaN,NaN,NaN,NaN,NaN,NaN,NaN,NaN
2017-03-08T00:00:00Z,NaN,NaN,NaN,NaN,NaN,NaN,NaN,NaN,NaN
2017-03-09T00:00:00Z,NaN,NaN,NaN,NaN,NaN,NaN,NaN,NaN,NaN
2017-03-10T00:00:00Z,NaN,NaN,NaN,NaN,NaN,NaN,NaN,NaN,NaN
2017-03-11T00:00:00Z,NaN,NaN,NaN,NaN,NaN,NaN,NaN,NaN,NaN
2017-03-12T00:00:00Z,NaN,NaN,NaN,NaN,NaN,NaN,NaN,NaN,NaN
2017-03-13T00:00:00Z,NaN,NaN,NaN,NaN,NaN,NaN,NaN,NaN,NaN
2017-03-14T00:00:00Z,NaN,NaN,NaN,NaN,NaN,NaN,NaN,NaN,NaN
2017-03-15T00:00:00Z,NaN,NaN,NaN,NaN,NaN,NaN,NaN,NaN,NaN
2017-03-16T00:00:00Z,NaN,NaN,NaN,NaN,NaN,NaN,NaN,NaN,NaN
2017-03-17T00:00:00Z,NaN,NaN,NaN,NaN,NaN,NaN,NaN,NaN,NaN
2017-03-18T00:00:00Z,NaN,NaN,NaN,NaN,NaN,NaN,NaN,NaN,NaN
2017-03-19T00:00:00Z,NaN,NaN,NaN,NaN,NaN,NaN,NaN,NaN,NaN
2017-03-20T00:00:00Z,NaN,NaN,NaN,NaN,NaN,NaN,NaN,NaN,NaN
2017-03-21T00:00:00Z,NaN,NaN,NaN,NaN,NaN,NaN,NaN,NaN,NaN
2017-03-22T00:00:00Z,NaN,NaN,NaN,NaN,NaN,NaN,NaN,NaN,NaN
2017-03-23T00:00:00Z,NaN,NaN,NaN,NaN,NaN,NaN,NaN,NaN,NaN
2017-03-24T00:00:00Z,NaN,NaN,NaN,NaN,NaN,NaN,NaN,NaN,NaN
2017-03-25T00:00:00Z,NaN,NaN,NaN,NaN,NaN,NaN,NaN,NaN,NaN
2017-03-26T00:00:00Z,NaN,NaN,NaN,NaN,NaN,NaN,NaN,NaN,NaN
2017-03-27T00:00:00Z,NaN,NaN,NaN,NaN,NaN,NaN,NaN,NaN,NaN
2017-03-28T00:00:00Z,NaN,NaN,NaN,NaN,NaN,NaN,NaN,NaN,NaN
2017-03-29T00:00:00Z,NaN,NaN,NaN,NaN,NaN,NaN,NaN,NaN,NaN
2017-03-30T00:00:00Z,NaN,NaN,NaN,NaN,NaN,NaN,NaN,NaN,NaN
2017-03-31T00:00:00Z,NaN,NaN,NaN,NaN,NaN,NaN,NaN,NaN,NaN
2017-04-01T00:00:00Z,NaN,NaN,NaN,NaN,NaN,NaN,NaN,NaN,NaN
2017-04-02T00:00:00Z,NaN,NaN,NaN,NaN,NaN,NaN,NaN,NaN,NaN
2017-04-03T00:00:00Z,NaN,NaN,NaN,NaN,NaN,NaN,NaN,NaN,NaN
2017-04-04T00:00:00Z,NaN,NaN,NaN,NaN,NaN,NaN,NaN,NaN,NaN
2017-04-05T00:00:00Z,NaN,NaN,NaN,NaN,NaN,NaN,NaN,NaN,NaN
2017-04-06T00:00:00Z,NaN,NaN,NaN,NaN,NaN,NaN,NaN,NaN,NaN
2017-04-07T00:00:00Z,NaN,NaN,NaN,NaN,NaN,NaN,NaN,NaN,NaN
2017-04-08T00:00:00Z,NaN,NaN,NaN,NaN,NaN,NaN,NaN,NaN,NaN
2017-04-09T00:00:00Z,NaN,NaN,NaN,NaN,NaN,NaN,NaN,NaN,NaN
2017-04-10T00:00:00Z,NaN,NaN,NaN,NaN,NaN,NaN,NaN,NaN,NaN
2017-04-11T00:00:00Z,NaN,NaN,NaN,NaN,NaN,NaN,NaN,NaN,NaN
2017-04-12T00:00:00Z,NaN,NaN,NaN,NaN,NaN,NaN,NaN,NaN,NaN
2017-04-13T00:00:00Z,NaN,NaN,NaN,NaN,NaN,NaN,NaN,NaN,NaN
2017-04-14T00:00:00Z,NaN,NaN,NaN,NaN,NaN,NaN,NaN,NaN,NaN
2017-04-15T00:00:00Z,NaN,NaN,NaN,NaN,NaN,NaN,NaN,NaN,NaN
2017-04-16T00:00:00Z,NaN,NaN,NaN,NaN,NaN,NaN,NaN,NaN,NaN
2017-04-17T00:00:00Z,NaN,NaN,NaN,NaN,NaN,NaN,NaN,NaN,NaN
2017-04-18T00:00:00Z,NaN,NaN,NaN,NaN,NaN,NaN,NaN,NaN,NaN
2017-04-19T00:00:00Z,NaN,NaN,NaN,NaN,NaN,NaN,NaN,NaN,NaN
2017-04-20T00:00:00Z,NaN,NaN,NaN,NaN,NaN,NaN,NaN,NaN,NaN
2017-04-21T00:00:00Z,NaN,NaN,NaN,NaN,NaN,NaN,NaN,NaN,NaN
2017-04-22T00:00:00Z,NaN,NaN,NaN,NaN,NaN,NaN,NaN,NaN,NaN
2017-04-23T00:00:00Z,NaN,NaN,NaN,NaN,NaN,NaN,NaN,NaN,NaN
2017-04-24T00:00:00Z,NaN,NaN,NaN,NaN,NaN,NaN,NaN,NaN,NaN
2017-04-25T00:00:00Z,17.60914893617021,17.345191489361703,16.868436170212767,16.736489361702127,16.667925531914893,16.259127659574467,15.040265957446808,12.930989361702128,11.833063829787234
2017-04-26T00:00:00Z,17.831697916666666,17.766697916666665,17.365677083333335,17.117364583333334,16.86725,16.2141875,15.27609375,13.947229166666666,12.426
2017-04-27T00:00:00Z,18.568854166666668,18.630260416666665,18.527364583333334,18.43932291666667,18.330927083333332,17.21584375,15.40175,13.760322916666667,12.4141875
2017-04-28T00:00:00Z,18.049416666666666,18.102260416666667,17.98528125,17.812197916666666,17.648656250000002,17.065114583333333,15.9311875,14.34871875,12.415947916666667
2017-04-29T00:00:00Z,18.20234375,18.046125,17.861104166666667,17.789885416666667,17.708697916666665,16.8961875,15.827385416666667,15.126041666666667,14.361125
2017-04-30T00:00:00Z,17.444354166666667,17.441625,17.14909375,16.893333333333334,16.70853125,16.236604166666666,15.822291666666667,15.447645833333333,14.937635416666666
2017-05-01T00:00:00Z,17.04325,17.10759375,17.0230625,16.973937499999998,16.934083333333334,16.668604166666668,16.129583333333333,15.473218750000001,14.653114583333334
2017-05-02T00:00:00Z,16.71321875,16.759677083333333,16.701416666666667,16.679885416666668,16.703302083333334,16.68084375,16.60669791666667,16.443135416666667,16.27575
2017-05-03T00:00:00Z,16.26459375,16.023447916666665,15.93121875,15.895822916666667,15.89371875,15.786854166666666,15.632489583333333,15.411541666666666,15.320458333333333
2017-05-04T00:00:00Z,15.285302083333333,15.361677083333333,15.32740625,15.309833333333334,15.327864583333334,15.228114583333333,15.153979166666666,15.015447916666666,14.922145833333333
2017-05-05T00:00:00Z,13.764375,13.851729166666667,13.75975,13.695552083333334,13.576645833333334,13.248375,12.907208333333333,12.57540625,12.504177083333333
2017-05-06T00:00:00Z,13.014083333333334,13.07584375,13.0056875,12.959979166666667,12.943197916666668,12.73490625,12.369166666666667,11.940864583333333,11.549572916666667
2017-05-07T00:00:00Z,12.326645833333334,12.518708333333333,12.4495625,12.397135416666666,12.378947916666666,12.247833333333332,12.151406249999999,12.08553125,12.069333333333333
2017-05-08T00:00:00Z,13.534791666666667,13.40075,13.054083333333333,12.872520833333333,12.769458333333333,12.553375,12.30271875,12.044104166666667,11.8244375
2017-05-09T00:00:00Z,12.918458333333334,12.82225,12.5094375,12.3840625,12.280072916666667,12.095802083333334,11.911052083333333,11.719520833333334,11.722520833333334
2017-05-10T00:00:00Z,15.1944375,13.098770833333333,12.854125,12.7765,12.700822916666667,12.451802083333334,12.1891875,11.87459375,11.7578125
2017-05-11T00:00:00Z,15.068802083333333,15.113843750000001,15.014989583333334,14.932729166666666,14.788416666666667,14.22090625,13.114354166666667,12.30665625,11.928125
2017-05-12T00:00:00Z,15.428583333333334,15.35053125,15.248854166666666,15.1913125,15.04275,14.023520833333333,12.81353125,12.207947916666667,11.951489583333334
2017-05-13T00:00:00Z,18.541072916666668,17.966260416666668,15.863333333333333,14.688385416666666,14.275791666666667,13.292625,12.662708333333333,12.147822916666668,11.952520833333333
2017-05-14T00:00:00Z,18.256270833333332,17.736541666666668,17.011416666666666,16.591510416666665,16.3580625,15.819447916666666,15.029489583333334,13.366104166666666,12.304083333333333
2017-05-15T00:00:00Z,17.29640625,16.5641875,16.145979166666667,15.985395833333333,15.88446875,15.03715625,14.12809375,13.075020833333333,12.448791666666667
2017-05-16T00:00:00Z,18.828322916666668,17.929791666666667,17.051072916666666,16.63265625,16.2905625,15.00896875,14.010302083333332,13.138510416666668,12.536458333333334
2017-05-17T00:00:00Z,18.655135416666667,18.498874999999998,17.419333333333334,16.960385416666668,16.652270833333333,15.170885416666666,14.025864583333334,13.236427083333334,12.73159375
2017-05-18T00:00:00Z,20.966833333333334,20.579635416666665,19.5145625,18.957041666666665,18.055322916666668,15.672479166666667,13.926260416666667,13.06934375,12.632302083333332
2017-05-19T00:00:00Z,22.346916666666665,21.735583333333334,20.865770833333332,19.951875,18.067229166666667,15.647229166666667,14.24659375,13.321802083333333,12.76971875
2017-05-20T00:00:00Z,21.523322916666668,20.976947916666667,19.393739583333335,18.556145833333332,17.794927083333334,15.783458333333334,14.367885416666667,13.466135416666667,12.899416666666667
2017-05-21T00:00:00Z,21.913489583333334,21.81171875,21.197260416666666,20.812802083333334,20.320708333333332,17.228583333333333,14.254760416666667,13.381552083333334,12.824072916666667
2017-05-22T00:00:00Z,22.183083333333332,21.757760416666667,21.209791666666668,20.823447916666666,20.29978125,17.227354166666668,14.660302083333333,13.6320625,12.968447916666667
2017-05-23T00:00:00Z,21.524708333333333,21.275322916666667,20.792520833333334,20.541395833333333,20.253552083333332,17.0985625,14.24159375,13.394645833333334,12.97628125
2017-05-24T00:00:00Z,20.551302083333333,20.591947916666665,20.362135416666668,20.197729166666665,20.02046875,18.733333333333334,16.982270833333335,14.2055625,13.225583333333333
2017-05-25T00:00:00Z,19.673291666666668,19.661052083333335,19.524333333333335,19.31115625,19.019364583333335,18.080666666666666,17.116739583333334,15.368333333333334,13.577770833333334
2017-05-26T00:00:00Z,20.07523958333333,18.556875,17.54104166666667,17.154364583333333,16.906989583333335,16.387947916666665,15.936364583333333,14.777385416666666,13.366260416666666
2017-05-27T00:00:00Z,22.61728125,20.73834375,18.08190625,17.31003125,16.7353125,15.999354166666667,15.631697916666667,14.833364583333333,13.544010416666667
2017-05-28T00:00:00Z,20.70171875,19.960427083333332,18.94783333333333,18.186520833333333,17.393791666666665,16.302958333333333,15.5355625,14.645822916666667,13.679885416666666
2017-05-29T00:00:00Z,22.474322916666665,21.472916666666666,19.202072916666665,17.7549375,17.049822916666667,16.177802083333333,15.593208333333333,14.653010416666667,13.4499375
2017-05-30T00:00:00Z,22.4265625,22.29789583333333,21.524052083333334,19.9365,18.803166666666666,16.23078125,15.439854166666667,14.7213125,13.712979166666667
2017-05-31T00:00:00Z,22.303625,21.938572916666665,21.178416666666667,20.696822916666665,20.146072916666668,17.996458333333333,15.833385416666667,14.698927083333334,13.86446875
2017-06-01T00:00:00Z,23.907885416666666,23.469552083333333,21.302729166666666,20.0028125,19.314416666666666,17.288114583333332,15.86003125,14.85053125,13.94175
2017-06-02T00:00:00Z,25.069947916666667,24.33786458333333,20.865989583333334,19.8521875,19.226458333333333,17.50625,15.777489583333333,14.855510416666666,14.1596875
2017-06-03T00:00:00Z,25.02465625,23.47525,21.159197916666667,20.110177083333333,19.360458333333334,17.52872916666667,15.830489583333334,14.858697916666667,14.09884375
2017-06-04T00:00:00Z,25.46865625,24.70171875,21.763989583333334,20.316802083333332,19.353114583333333,17.696104166666668,16.14045833333333,15.0798125,14.19090625
2017-06-05T00:00:00Z,25.24357291666667,24.910177083333334,23.263583333333333,20.951625,19.3325625,17.554604166666667,16.15484375,15.204947916666667,14.29825
2017-06-06T00:00:00Z,24.144708333333334,24.184375,24.03814583333333,23.764583333333334,22.660510416666668,18.862677083333335,16.644260416666665,15.39078125,14.52290625
2017-06-07T00:00:00Z,22.603447916666667,22.632354166666666,22.566041666666667,22.42228125,21.8703125,19.209979166666667,16.530625,15.287791666666667,14.558177083333334
2017-06-08T00:00:00Z,23.890125,23.373145833333332,21.561802083333333,21.252947916666667,20.863625,19.24278125,16.682927083333333,15.272958333333333,14.580291666666668
2017-06-09T00:00:00Z,23.684395833333333,22.91553125,21.5266875,21.04171875,20.633145833333334,19.494802083333333,16.567604166666666,15.184489583333333,14.429208333333333
2017-06-10T00:00:00Z,23.1148125,22.63721875,21.935479166666667,21.501791666666666,21.0413125,19.629552083333333,16.845864583333334,15.32965625,14.584854166666666
2017-06-11T00:00:00Z,23.604854166666666,23.21703125,22.39690625,21.958489583333332,21.442052083333333,20.161083333333334,17.08503125,15.327802083333333,14.625562500000001
2017-06-12T00:00:00Z,25.718802083333333,24.742541666666668,23.601,22.87190625,21.87440625,20.217760416666668,17.288072916666668,15.30809375,14.60496875
2017-06-13T00:00:00Z,25.908458333333332,25.539197916666666,23.832072916666668,22.700625,21.7465625,20.654208333333333,17.170333333333332,15.358083333333333,14.653708333333332
2017-06-14T00:00:00Z,24.221989583333333,24.041333333333334,23.33401041666667,22.93996875,22.561572916666666,21.138583333333333,17.52109375,15.629739583333333,14.71928125
2017-06-15T00:00:00Z,25.87778125,25.509729166666666,24.165791666666667,23.495604166666666,22.824135416666667,21.665916666666668,18.2246875,15.6670625,14.663114583333334
2017-06-16T00:00:00Z,26.29585416666667,24.88015625,23.699822916666665,23.160875,22.700364583333332,21.771322916666666,17.6005,15.636197916666667,14.73978125
2017-06-17T00:00:00Z,25.24440625,24.586916666666667,23.631177083333334,23.188708333333334,22.81203125,21.718364583333333,18.347437499999998,15.62371875,14.766364583333333
2017-06-18T00:00:00Z,26.153510416666666,25.989614583333335,25.56715625,24.6489375,23.640260416666667,21.877552083333335,18.658354166666665,15.931,14.735260416666666
2017-06-19T00:00:00Z,26.13996875,26.051354166666666,25.623927083333335,24.9836875,23.9823125,22.223822916666666,18.552822916666667,15.814958333333333,14.749135416666666
2017-06-20T00:00:00Z,25.967770833333333,25.915333333333333,25.604833333333332,25.229041666666667,24.693833333333334,22.839239583333335,18.828979166666667,15.902635416666667,14.945666666666666
2017-06-21T00:00:00Z,27.026625,26.444604166666668,24.7896875,24.111260416666667,23.639572916666665,22.946,18.93578125,16.0493125,14.853947916666666
2017-06-22T00:00:00Z,25.13628125,24.89434375,24.227625,24.0069375,23.850229166666665,23.144354166666666,18.933447916666665,15.80175,14.905770833333333
2017-06-23T00:00:00Z,24.665479166666668,24.7034375,24.371604166666668,24.231072916666665,23.984541666666665,22.990833333333335,20.861208333333334,17.2083125,15.159354166666667
2017-06-24T00:00:00Z,24.5756875,24.374166666666667,23.869208333333333,23.169479166666665,22.65821875,20.982,20.251552083333333,16.679291666666668,14.865916666666667
2017-06-25T00:00:00Z,23.350354166666666,23.33715625,23.006885416666666,22.784520833333332,22.542729166666668,21.91309375,20.79390625,17.080291666666668,14.898260416666666
2017-06-26T00:00:00Z,22.644614583333333,22.64103125,22.525583333333334,22.466885416666667,22.460427083333332,21.859604166666667,20.637958333333334,17.479354166666667,14.873572916666667
2017-06-27T00:00:00Z,23.181354166666665,23.0758125,22.480802083333334,22.11696875,21.764822916666667,21.2858125,20.29564583333333,18.278677083333335,15.338385416666666
2017-06-28T00:00:00Z,22.283572916666667,22.14084375,21.659375,21.458583333333333,21.30997916666667,20.91689583333333,20.152125,17.95446875,15.626895833333334
2017-06-29T00:00:00Z,23.051916666666667,22.756760416666665,22.084395833333332,21.80865625,21.624239583333335,21.017822916666667,20.036072916666665,17.79646875,15.062385416666666
2017-06-30T00:00:00Z,23.462364583333333,23.306697916666668,22.907125,22.75496875,22.549645833333333,21.351916666666668,20.136791666666667,18.046520833333332,15.3685625
2017-07-01T00:00:00Z,25.46375,25.099927083333334,23.517114583333335,22.872677083333333,22.376125000000002,21.032395833333332,20.260135416666667,17.949708333333334,15.309083333333334
2017-07-02T00:00:00Z,26.488729166666666,26.043947916666667,24.665479166666668,23.61340625,22.658552083333333,21.148072916666667,19.96366666666667,18.021489583333334,15.259375
2017-07-03T00:00:00Z,27.701125,25.785614583333334,23.765083333333333,22.8780625,22.276375,21.172166666666666,19.987041666666666,17.706947916666667,15.608062499999999
2017-07-04T00:00:00Z,26.993885416666668,25.889375,23.738916666666668,22.934604166666666,22.287197916666667,21.175135416666667,20.053583333333332,18.1843125,15.660552083333334
2017-07-05T00:00:00Z,27.227833333333333,25.944010416666668,23.862635416666667,22.980697916666667,22.399104166666667,21.406520833333335,20.084083333333332,17.6755,15.675739583333334
2017-07-06T00:00:00Z,26.25546875,26.070833333333333,24.90059375,23.647864583333334,22.67996875,21.7206875,20.25646875,17.891114583333334,15.7053125
2017-07-07T00:00:00Z,26.141375,25.933239583333332,25.319729166666665,24.794822916666668,24.0789375,22.766864583333334,20.83953125,18.759385416666667,16.944854166666666
2017-07-08T00:00:00Z,25.3833125,25.258239583333335,24.753395833333332,23.44038541666667,22.695916666666665,21.132760416666667,20.444520833333332,18.610947916666667,16.71728125
2017-07-09T00:00:00Z,26.1618125,24.158916666666666,22.404166666666665,21.885666666666665,21.493833333333335,20.70655208333333,20.200520833333332,18.318635416666666,16.728822916666665
2017-07-10T00:00:00Z,24.80334375,23.54328125,22.622802083333333,22.142479166666668,21.765677083333333,20.697489583333333,19.97984375,18.558510416666667,16.866541666666667
2017-07-11T00:00:00Z,23.3859375,23.031031914893617,22.669729166666666,22.34813541666667,22.009572916666666,21.240135416666668,20.378395833333332,19.207947916666665,17.642791666666668
2017-07-12T00:00:00Z,24.735635416666668,23.554520833333335,22.630416666666665,22.436520833333333,22.218177083333334,21.447364583333332,20.61609375,18.869812500000002,17.60298936170213
2017-07-13T00:00:00Z,26.49025,26.052854166666666,23.346447916666666,22.602072916666668,22.086447916666668,21.136916666666668,20.48651041666667,19.08711458333333,17.539697916666668
2017-07-14T00:00:00Z,27.299375,27.168802083333333,26.419552083333333,24.95013541666667,22.95603125,21.279104166666666,20.46140625,18.914427083333333,17.30634375
2017-07-15T00:00:00Z,28.136,26.93696875,24.07484375,23.164864583333333,22.428354166666665,21.426875,20.577333333333332,18.51809375,17.241520833333333
2017-07-16T00:00:00Z,27.67428125,26.858958333333334,24.918447916666665,24.115791666666667,23.46315625,21.60465625,20.41821875,18.773041666666668,17.320208333333333
2017-07-17T00:00:00Z,28.52584375,26.014447916666665,23.547208333333334,22.843531249999998,22.423635416666666,21.548322916666667,20.508635416666667,18.9053125,17.386364583333332
2017-07-18T00:00:00Z,26.9963125,25.7818125,24.34384375,23.47725,22.737458333333333,21.4158125,20.455385416666665,19.220916666666668,17.686808510638297
2017-07-19T00:00:00Z,29.145989583333332,28.382489583333335,24.789072916666665,23.254145833333332,22.637885416666666,21.596364583333333,20.429354166666666,18.588510416666665,17.367145833333332
2017-07-20T00:00:00Z,27.837635416666668,26.79875,25.34915625,24.321572916666668,23.457302083333335,21.901270833333335,20.922427083333332,19.419010416666666,17.618229166666666
2017-07-21T00:00:00Z,27.0118125,26.094697916666668,25.16721875,24.826635416666665,24.41590625,22.98575,20.73609375,19.108864583333332,17.801270833333334
2017-07-22T00:00:00Z,27.396072916666668,26.962875,25.756333333333334,24.980385416666667,24.3865625,22.7035625,20.801458333333333,19.1205,17.75303125
2017-07-23T00:00:00Z,27.34196875,27.23546875,26.666625,26.06796875,25.310479166666667,23.1024375,21.022645833333332,19.2361875,17.8576875
2017-07-24T00:00:00Z,27.187916666666666,27.206802083333333,27.0256875,26.692979166666667,26.197604166666668,23.50808333333333,20.8669375,19.253614583333334,17.932916666666667
2017-07-25T00:00:00Z,27.064229166666667,25.9625,25.48876041666667,25.091822916666665,24.807479166666667,23.497510416666668,20.59390625,19.145510416666667,17.83803125
2017-07-26T00:00:00Z,27.6108125,26.29329166666667,25.50440625,25.19259375,24.7641875,23.14490625,20.72409375,18.927447916666665,17.85975
2017-07-27T00:00:00Z,26.814697916666667,26.786572916666668,26.358010416666666,25.721677083333333,25.106541666666665,23.324802083333335,20.965041666666668,19.08235416666667,17.69703125
2017-07-28T00:00:00Z,26.79828125,26.8159375,26.729385416666666,26.572322916666668,26.4069375,25.607364583333332,21.57565625,19.154114583333335,17.7788125
2017-07-29T00:00:00Z,26.348583333333334,26.310791666666667,26.115239583333334,25.941364583333332,25.686708333333332,24.5176875,21.270989583333332,19.06203125,17.882458333333332
2017-07-30T00:00:00Z,27.140385416666668,26.241677083333332,25.585229166666668,24.938541666666666,24.57515625,24.011708333333335,21.426312499999998,19.0846875,17.794770833333335
2017-07-31T00:00:00Z,28.453510416666667,27.05296875,25.202979166666665,24.68496875,24.445416666666667,23.977229166666667,21.681416666666667,19.128625,17.81409375
2017-08-01T00:00:00Z,26.751,26.00778125,25.408072916666665,25.126583333333333,24.891197916666666,24.104895833333334,21.74034375,19.32703125,17.909427083333334
2017-08-02T00:00:00Z,27.30225,26.40353125,25.2374375,24.861125,24.651364583333333,24.114291666666666,21.940010416666667,19.216708333333333,17.888
2017-08-03T00:00:00Z,26.087895833333334,25.80021875,25.4763125,25.228322916666666,25.051635416666667,24.00103125,21.8856875,19.62571875,18.00625
2017-08-04T00:00:00Z,25.775677083333335,25.8073125,25.736291666666666,25.69334375,25.688385416666666,25.550958333333334,23.655302083333332,19.508187500000002,17.979187500000002
2017-08-05T00:00:00Z,26.12725,26.01589583333333,25.384,24.9958125,24.84477083333333,24.438739583333334,23.618979166666666,19.359895833333333,17.883177083333333
2017-08-06T00:00:00Z,24.712833333333332,24.760375,24.599864583333332,24.5084375,24.472239583333334,24.31065625,23.7179375,19.542875,17.901083333333332
2017-08-07T00:00:00Z,25.150489583333332,24.888010416666667,24.730416666666667,24.5641875,24.437947916666666,24.216041666666666,23.583020833333332,19.719697916666668,17.864541666666668
2017-08-08T00:00:00Z,26.1101875,25.54875,24.535552083333332,24.355916666666666,24.266104166666665,23.993645833333332,23.5411875,20.05934375,18.11940625
2017-08-09T00:00:00Z,25.051552083333334,24.52446875,24.229166666666668,24.130083333333335,24.091479166666666,23.93678125,23.585729166666667,20.186,18.085833333333333
2017-08-10T00:00:00Z,27.755739583333334,26.33821875,24.4771875,24.2444375,24.076552083333333,23.74341666666667,23.185114583333334,20.846447916666666,18.075583333333334
2017-08-11T00:00:00Z,26.66284375,25.477020833333334,24.871791666666667,24.679552083333334,24.474125,23.977177083333334,23.418875,20.664020833333332,18.059833333333334
2017-08-12T00:00:00Z,26.134479166666665,26.124583333333334,25.97515625,25.861177083333335,25.662541666666666,24.730770833333334,23.496697916666665,20.707072916666668,18.14480208333333
2017-08-13T00:00:00Z,26.436791666666668,25.309364583333334,24.963270833333333,24.77246875,24.534270833333334,24.19246875,23.689208333333333,20.792885416666667,18.3614375
2017-08-14T00:00:00Z,25.598770833333333,25.295708333333334,24.980385416666667,24.855416666666667,24.753822916666667,24.439875,23.572864583333335,21.37459375,18.553395833333333
2017-08-15T00:00:00Z,28.170697916666665,27.7761875,25.9026875,25.298875,24.914572916666668,24.198854166666667,23.686895833333335,21.499739583333334,18.556239583333333
2017-08-16T00:00:00Z,28.501958333333334,26.34347916666667,25.40584375,25.118739583333333,24.885239583333334,24.382229166666665,23.483875,21.40109375,18.681208333333334
2017-08-17T00:00:00Z,26.7820625,26.494125,25.875833333333333,25.443572916666668,25.154395833333332,24.4730625,23.36901041666667,20.719833333333334,18.236541666666668
2017-08-18T00:00:00Z,27.69940625,27.614791666666665,27.378041666666668,27.086260416666665,26.405322916666666,24.895979166666667,23.39290625,20.6901875,18.372260416666666
2017-08-19T00:00:00Z,29.04696875,28.580239583333334,26.85440625,26.34796875,25.878,24.853427083333333,23.070260416666667,20.79215625,18.406822916666666
2017-08-20T00:00:00Z,29.220489583333332,27.998114583333333,26.555979166666667,26.299364583333332,26.170427083333333,24.903020833333333,23.055333333333333,20.831708333333335,18.405697916666668
2017-08-21T00:00:00Z,28.361020833333335,27.60455208333333,26.754291666666667,26.501833333333334,26.205583333333333,24.924541666666666,23.183645833333333,20.979385416666666,18.617927083333335
2017-08-22T00:00:00Z,27.208604166666667,27.240760416666667,27.172145833333335,27.124791666666667,27.11603125,26.3224375,23.27884375,21.018552083333333,18.704239583333333
2017-08-23T00:00:00Z,26.971791666666668,26.992645833333334,26.905395833333333,26.871572916666665,26.88325,26.465802083333333,23.349916666666665,20.893958333333334,18.829395833333333
2017-08-24T00:00:00Z,26.773635416666668,26.781645833333332,26.687302083333332,26.64871875,26.618583333333333,25.726385416666666,23.532145833333335,20.933083333333332,18.89621875
2017-08-25T00:00:00Z,26.54044791666667,26.373916666666666,25.846927083333334,25.493885416666668,25.316739583333334,24.943916666666667,23.64740625,20.980125,18.944125
2017-08-26T00:00:00Z,25.812041666666666,25.369,25.038697916666667,24.944114583333334,24.9159375,24.706770833333334,23.795458333333332,20.911041666666666,18.848541666666666
2017-08-27T00:00:00Z,25.005104166666666,24.669020833333335,24.5585625,24.514822916666667,24.54325,24.439010416666665,23.983958333333334,20.901145833333334,18.858229166666668
2017-08-28T00:00:00Z,24.73184375,24.597125,24.459875,24.400010416666667,24.387822916666668,24.274947916666665,23.513677083333334,20.732322916666668,18.619114583333335
2017-08-29T00:00:00Z,24.506145833333335,24.32628125,24.2169375,24.177020833333334,24.193260416666668,24.15340625,23.919697916666667,20.838895833333332,18.697020833333333
2017-08-30T00:00:00Z,27.034385416666666,26.07153125,24.487072916666666,24.320645833333334,24.241125,24.064885416666666,23.7350625,21.122364583333333,18.651052083333333
2017-08-31T00:00:00Z,26.3175,26.111072916666668,25.13290625,24.589260416666665,24.25283333333333,23.94628125,23.521354166666665,20.9853125,18.70841666666667
2017-09-01T00:00:00Z,23.484625,23.555010416666665,23.515916666666666,23.49025,23.5146875,23.480822916666668,23.38371875,21.55178125,18.72571875
2017-09-02T00:00:00Z,22.369239583333332,22.4211875,22.349322916666665,22.26746875,22.257927083333332,22.06128125,21.70753125,21.12815625,18.797208333333334
2017-09-03T00:00:00Z,23.513822916666665,23.276135416666666,22.595510416666666,22.370291666666667,22.083177083333332,21.747260416666666,21.537197916666667,21.011958333333332,18.8965
2017-09-04T00:00:00Z,22.9208125,22.56184375,22.225145833333332,22.144770833333332,22.129520833333334,22.029822916666667,21.92728125,21.52060416666667,19.062958333333334
2017-09-05T00:00:00Z,22.860510416666667,22.93765625,22.857385416666666,22.797635416666665,22.811020833333334,22.71625,22.451427083333332,21.656302083333333,19.464260416666665
2017-09-06T00:00:00Z,22.44088888888889,22.463271739130434,22.385815217391304,22.34835106382979,22.372202127659573,22.358829787234043,22.335063829787234,22.094978723404257,20.310074468085105
2017-09-07T00:00:00Z,22.107712765957448,22.13675,22.050666666666668,22.008145833333334,22.006125,21.931760416666666,21.78090625,21.61857291666667,20.598354166666667
2017-09-08T00:00:00Z,22.682414893617022,22.139159574468085,21.6005,21.43704255319149,21.418010638297872,21.330148936170215,21.168159574468085,21.009117021276595,20.377744680851062
2017-09-09T00:00:00Z,22.31348936170213,21.844840425531913,21.522902173913042,21.431434782608697,21.38771739130435,21.16416304347826,20.85258695652174,20.468840425531916,20.000776595744682
2017-09-10T00:00:00Z,21.278802083333332,21.104395833333335,21.027697916666668,20.9915625,20.988020833333334,20.90025,20.80105208333333,20.639302083333334,20.270072916666667
2017-09-11T00:00:00Z,21.565854166666668,21.39453125,21.09796875,21.009114583333332,20.97915625,20.89359375,20.777041666666666,20.66379166666667,20.229885416666665
2017-09-12T00:00:00Z,20.965,20.907125,20.815489583333335,20.789645833333335,20.8065,20.76615625,20.699822916666665,20.63865625,20.206729166666666
2017-09-13T00:00:00Z,20.525020833333333,20.604520833333332,20.567375,20.55146875,20.580583333333333,20.574333333333332,20.557729166666668,20.5304375,20.275427083333334
2017-09-14T00:00:00Z,21.317854166666667,20.781395833333335,20.475135416666667,20.440145833333332,20.462489583333333,20.446635416666666,20.427104166666666,20.40109375,20.32728125
2017-09-15T00:00:00Z,21.44915625,20.5325,20.37065625,20.334541666666667,20.351604166666668,20.323708333333332,20.288239583333333,20.254020833333332,20.206
2017-09-16T00:00:00Z,22.67940625,21.17048958333333,20.756979166666667,20.616229166666667,20.508135416666665,20.345552083333335,20.28190625,20.245041666666665,20.148354166666667
2017-09-17T00:00:00Z,23.121393617021276,21.772041666666667,21.09353125,20.791958333333334,20.56515625,20.362645833333332,20.34825,20.418322916666668,20.126054054054055
2017-09-18T00:00:00Z,24.691851063829787,22.529968085106383,20.88631914893617,20.60505319148936,20.534765957446808,20.522255319148936,20.858893617021277,22.380053191489363,20.07976061776062
2017-09-19T00:00:00Z,22.76144791666667,22.163208333333333,21.558520833333333,21.229802083333333,20.938239583333335,20.927635416666668,21.541479166666665,22.084541666666667,20.03346718146718
2017-09-20T00:00:00Z,23.23608510638298,22.529202127659573,21.773989361702128,21.338021276595743,21.020755319148936,21.01067021276596,21.750808510638297,22.483755319148937,19.987173745173745
2017-09-21T00:00:00Z,25.337011904761905,23.634559523809525,22.32977906976744,21.607883720930232,21.183267441860465,21.167441860465118,22.32769318181818,23.572647727272727,19.94088030888031
2017-09-22T00:00:00Z,25.441625000000002,24.31,22.647295454545453,21.77046590909091,21.319238636363636,21.34026666666667,22.758344444444443,24.325,19.894586872586874
2017-09-23T00:00:00Z,26.07404761904762,24.642321428571428,23.06927380952381,22.061166666666665,21.49375,21.55429761904762,23.233559523809525,24.698941860465116,19.848293436293435
2017-09-24T00:00:00Z,24.837197916666668,24.25267708333333,23.3201875,22.563520833333335,21.770864583333335,21.824625,23.2180625,24.05330208333333,19.802
2017-09-25T00:00:00Z,25.508883720930232,24.42594318181818,23.63287777777778,22.77892222222222,21.840233333333334,20.846922222222222,20.347055555555556,20.04384090909091,19.542147727272727
2017-09-26T00:00:00Z,26.30473076923077,24.93025,23.8432375,23.02207317073171,22.043535714285714,20.70140476190476,20.31453488372093,20.02025581395349,19.611837209302326
2017-09-27T00:00:00Z,25.304510869565217,25.25507608695652,25.151673913043478,25.09444680851064,24.819670212765956,22.53046808510638,20.221882978723404,19.9235,19.545882978723405
2017-09-28T00:00:00Z,24.0485,24.086697916666665,23.9753125,23.887614583333335,23.663770833333334,21.379145833333332,20.262364583333333,19.97015625,19.500552083333332
2017-09-29T00:00:00Z,23.234166666666667,23.2303125,23.1365625,23.049177083333333,22.933395833333332,22.460208333333334,20.910854166666667,19.97896875,19.455197916666666
2017-09-30T00:00:00Z,21.7943125,21.660697916666667,21.45465625,21.350822916666665,21.2971875,20.962416666666666,20.632729166666667,20.10578125,19.437416666666667
2017-10-01T00:00:00Z,20.6739375,20.697239583333335,20.618052083333332,20.589177083333333,20.609197916666666,20.573958333333334,20.46546875,20.0745,19.4889375
2017-10-02T00:00:00Z,20.525864583333334,20.42310416666667,20.31075,20.270364583333333,20.280520833333334,20.247395833333332,20.222,20.14603125,19.533604166666667
2017-10-03T00:00:00Z,20.772645833333332,20.6695,20.447239583333335,20.379729166666667,20.3689375,20.293854166666666,20.183989583333332,20.048125,19.68278125
2017-10-04T00:00:00Z,21.620479166666666,21.565197916666666,21.373854166666668,21.1686875,20.9564375,20.40446875,20.137760416666666,19.985802083333333,19.700385416666666
2017-10-05T00:00:00Z,21.25025,21.2641875,20.949010416666667,20.75103125,20.593010416666665,20.401666666666667,20.233520833333333,20.034604166666668,19.599302083333335
2017-10-06T00:00:00Z,21.22496875,20.950177083333333,20.81553125,20.765916666666666,20.754270833333333,20.513375,20.216604166666666,19.948072916666668,19.547885416666666
2017-10-07T00:00:00Z,20.957572916666667,20.979614583333333,20.888572916666668,20.8219375,20.78728125,20.65834375,20.450885416666665,20.165229166666666,19.802302083333334
2017-10-08T00:00:00Z,20.823708333333332,20.87590625,20.81728125,20.77632291666667,20.775177083333332,20.694708333333335,20.538947916666668,20.29171875,19.962875
2017-10-09T00:00:00Z,20.87509375,20.915864583333335,20.85615625,20.827395833333334,20.84915625,20.8158125,20.742,20.459645833333333,19.879520833333334
2017-10-10T00:00:00Z,20.650229166666666,20.622447916666665,20.557125,20.5204375,20.523427083333335,20.429864583333334,20.330364583333335,20.166114583333332,19.790604166666668
2017-10-11T00:00:00Z,20.399635416666666,20.47259375,20.43290625,20.4131875,20.44075,20.433104166666666,20.4225,20.413135416666666,20.02246875
2017-10-12T00:00:00Z,20.268104166666667,20.236520833333334,20.18703125,20.165114583333335,20.192895833333335,20.183458333333334,20.162708333333335,20.119208333333333,19.948572916666667
2017-10-13T00:00:00Z,20.1340625,20.010458333333332,19.93834375,19.909645833333332,19.93165625,19.908395833333334,19.88447916666667,19.8498125,19.810697916666665
2017-10-14T00:00:00Z,20.168625,20.15507291666667,19.998104166666668,19.92809375,19.920520833333335,19.860229166666667,19.796291666666665,19.75634375,19.729552083333335
2017-10-15T00:00:00Z,19.762184782608696,19.81979347826087,19.758934782608694,19.737358695652173,19.761847826086957,19.75361956521739,19.74361956521739,19.73148913043478,19.74476086956522
2017-10-20T00:00:00Z,18.5,17.99,17.93,17.91,17.9,17.89,17.88,17.86,NA
2017-10-31T00:00:00Z,12.34,12.344999999999999,12.35,12.35,12.35,12.145,11.94,11.6,NA
2017-11-14T00:00:00Z,9.13,9.07,9.01,8.93,8.85,8.835,8.82,8.83,NA
2017-11-28T00:00:00Z,6.44,6.41,6.38,6.345,6.31,6.289999999999999,6.27,6.28,NA
2017-12-11T00:00:00Z,3.79,3.755,3.72,3.725,3.73,3.745,3.76,3.76,NA
2017-12-12T00:00:00Z,NaN,NaN,NaN,NaN,NaN,NaN,NaN,NaN,NaN
2017-12-13T00:00:00Z,NaN,NaN,NaN,NaN,NaN,NaN,NaN,NaN,NaN
2017-12-14T00:00:00Z,NaN,NaN,NaN,NaN,NaN,NaN,NaN,NaN,NaN
2017-12-15T00:00:00Z,NaN,NaN,NaN,NaN,NaN,NaN,NaN,NaN,NaN
2017-12-16T00:00:00Z,NaN,NaN,NaN,NaN,NaN,NaN,NaN,NaN,NaN
2017-12-17T00:00:00Z,NaN,NaN,NaN,NaN,NaN,NaN,NaN,NaN,NaN
2017-12-18T00:00:00Z,NaN,NaN,NaN,NaN,NaN,NaN,NaN,NaN,NaN
2017-12-19T00:00:00Z,NaN,NaN,NaN,NaN,NaN,NaN,NaN,NaN,NaN
2017-12-20T00:00:00Z,NaN,NaN,NaN,NaN,NaN,NaN,NaN,NaN,NaN
2017-12-21T00:00:00Z,NaN,NaN,NaN,NaN,NaN,NaN,NaN,NaN,NaN
2017-12-22T00:00:00Z,NaN,NaN,NaN,NaN,NaN,NaN,NaN,NaN,NaN
2017-12-23T00:00:00Z,NaN,NaN,NaN,NaN,NaN,NaN,NaN,NaN,NaN
2017-12-24T00:00:00Z,NaN,NaN,NaN,NaN,NaN,NaN,NaN,NaN,NaN
2017-12-25T00:00:00Z,NaN,NaN,NaN,NaN,NaN,NaN,NaN,NaN,NaN
2017-12-26T00:00:00Z,NaN,NaN,NaN,NaN,NaN,NaN,NaN,NaN,NaN
2017-12-27T00:00:00Z,NaN,NaN,NaN,NaN,NaN,NaN,NaN,NaN,NaN
2017-12-28T00:00:00Z,NaN,NaN,NaN,NaN,NaN,NaN,NaN,NaN,NaN
2017-12-29T00:00:00Z,NaN,NaN,NaN,NaN,NaN,NaN,NaN,NaN,NaN
2017-12-30T00:00:00Z,NaN,NaN,NaN,NaN,NaN,NaN,NaN,NaN,NaN
2017-12-31T00:00:00Z,NaN,NaN,NaN,NaN,NaN,NaN,NaN,NaN,NaN
2018-01-01T00:00:00Z,NaN,NaN,NaN,NaN,NaN,NaN,NaN,NaN,NaN
2018-01-02T00:00:00Z,NaN,NaN,NaN,NaN,NaN,NaN,NaN,NaN,NaN
2018-01-03T00:00:00Z,NaN,NaN,NaN,NaN,NaN,NaN,NaN,NaN,NaN
2018-01-04T00:00:00Z,NaN,NaN,NaN,NaN,NaN,NaN,NaN,NaN,NaN
2018-01-05T00:00:00Z,NaN,NaN,NaN,NaN,NaN,NaN,NaN,NaN,NaN
2018-01-06T00:00:00Z,NaN,NaN,NaN,NaN,NaN,NaN,NaN,NaN,NaN
2018-01-07T00:00:00Z,NaN,NaN,NaN,NaN,NaN,NaN,NaN,NaN,NaN
2018-01-08T00:00:00Z,NaN,NaN,NaN,NaN,NaN,NaN,NaN,NaN,NaN
2018-01-09T00:00:00Z,NaN,NaN,NaN,NaN,NaN,NaN,NaN,NaN,NaN
2018-01-10T00:00:00Z,NaN,NaN,NaN,NaN,NaN,NaN,NaN,NaN,NaN
2018-01-11T00:00:00Z,NaN,NaN,NaN,NaN,NaN,NaN,NaN,NaN,NaN
2018-01-12T00:00:00Z,NaN,NaN,NaN,NaN,NaN,NaN,NaN,NaN,NaN
2018-01-13T00:00:00Z,NaN,NaN,NaN,NaN,NaN,NaN,NaN,NaN,NaN
2018-01-14T00:00:00Z,NaN,NaN,NaN,NaN,NaN,NaN,NaN,NaN,NaN
2018-01-15T00:00:00Z,NaN,NaN,NaN,NaN,NaN,NaN,NaN,NaN,NaN
2018-01-16T00:00:00Z,NaN,NaN,NaN,NaN,NaN,NaN,NaN,NaN,NaN
2018-01-17T00:00:00Z,NaN,NaN,NaN,NaN,NaN,NaN,NaN,NaN,NaN
2018-01-18T00:00:00Z,NaN,NaN,NaN,NaN,NaN,NaN,NaN,NaN,NaN
2018-01-19T00:00:00Z,NaN,NaN,NaN,NaN,NaN,NaN,NaN,NaN,NaN
2018-01-20T00:00:00Z,NaN,NaN,NaN,NaN,NaN,NaN,NaN,NaN,NaN
2018-01-21T00:00:00Z,NaN,NaN,NaN,NaN,NaN,NaN,NaN,NaN,NaN
2018-01-22T00:00:00Z,NaN,NaN,NaN,NaN,NaN,NaN,NaN,NaN,NaN
2018-01-23T00:00:00Z,NaN,NaN,NaN,NaN,NaN,NaN,NaN,NaN,NaN
2018-01-24T00:00:00Z,NaN,NaN,NaN,NaN,NaN,NaN,NaN,NaN,NaN
2018-01-25T00:00:00Z,NaN,NaN,NaN,NaN,NaN,NaN,NaN,NaN,NaN
2018-01-26T00:00:00Z,NaN,NaN,NaN,NaN,NaN,NaN,NaN,NaN,NaN
2018-01-27T00:00:00Z,NaN,NaN,NaN,NaN,NaN,NaN,NaN,NaN,NaN
2018-01-28T00:00:00Z,NaN,NaN,NaN,NaN,NaN,NaN,NaN,NaN,NaN
2018-01-29T00:00:00Z,NaN,NaN,NaN,NaN,NaN,NaN,NaN,NaN,NaN
2018-01-30T00:00:00Z,NaN,NaN,NaN,NaN,NaN,NaN,NaN,NaN,NaN
2018-01-31T00:00:00Z,NaN,NaN,NaN,NaN,NaN,NaN,NaN,NaN,NaN
2018-02-01T00:00:00Z,NaN,NaN,NaN,NaN,NaN,NaN,NaN,NaN,NaN
2018-02-02T00:00:00Z,NaN,NaN,NaN,NaN,NaN,NaN,NaN,NaN,NaN
2018-02-03T00:00:00Z,NaN,NaN,NaN,NaN,NaN,NaN,NaN,NaN,NaN
2018-02-04T00:00:00Z,NaN,NaN,NaN,NaN,NaN,NaN,NaN,NaN,NaN
2018-02-05T00:00:00Z,NaN,NaN,NaN,NaN,NaN,NaN,NaN,NaN,NaN
2018-02-06T00:00:00Z,NaN,NaN,NaN,NaN,NaN,NaN,NaN,NaN,NaN
2018-02-07T00:00:00Z,NaN,NaN,NaN,NaN,NaN,NaN,NaN,NaN,NaN
2018-02-08T00:00:00Z,NaN,NaN,NaN,NaN,NaN,NaN,NaN,NaN,NaN
2018-02-09T00:00:00Z,NaN,NaN,NaN,NaN,NaN,NaN,NaN,NaN,NaN
2018-02-10T00:00:00Z,NaN,NaN,NaN,NaN,NaN,NaN,NaN,NaN,NaN
2018-02-11T00:00:00Z,NaN,NaN,NaN,NaN,NaN,NaN,NaN,NaN,NaN
2018-02-12T00:00:00Z,NaN,NaN,NaN,NaN,NaN,NaN,NaN,NaN,NaN
2018-02-13T00:00:00Z,NaN,NaN,NaN,NaN,NaN,NaN,NaN,NaN,NaN
2018-02-14T00:00:00Z,NaN,NaN,NaN,NaN,NaN,NaN,NaN,NaN,NaN
2018-02-15T00:00:00Z,NaN,NaN,NaN,NaN,NaN,NaN,NaN,NaN,NaN
2018-02-16T00:00:00Z,NaN,NaN,NaN,NaN,NaN,NaN,NaN,NaN,NaN
2018-02-17T00:00:00Z,NaN,NaN,NaN,NaN,NaN,NaN,NaN,NaN,NaN
2018-02-18T00:00:00Z,NaN,NaN,NaN,NaN,NaN,NaN,NaN,NaN,NaN
2018-02-19T00:00:00Z,NaN,NaN,NaN,NaN,NaN,NaN,NaN,NaN,NaN
2018-02-20T00:00:00Z,NaN,NaN,NaN,NaN,NaN,NaN,NaN,NaN,NaN
2018-02-21T00:00:00Z,NaN,NaN,NaN,NaN,NaN,NaN,NaN,NaN,NaN
2018-02-22T00:00:00Z,NaN,NaN,NaN,NaN,NaN,NaN,NaN,NaN,NaN
2018-02-23T00:00:00Z,NaN,NaN,NaN,NaN,NaN,NaN,NaN,NaN,NaN
2018-02-24T00:00:00Z,NaN,NaN,NaN,NaN,NaN,NaN,NaN,NaN,NaN
2018-02-25T00:00:00Z,NaN,NaN,NaN,NaN,NaN,NaN,NaN,NaN,NaN
2018-02-26T00:00:00Z,NaN,NaN,NaN,NaN,NaN,NaN,NaN,NaN,NaN
2018-02-27T00:00:00Z,NaN,NaN,NaN,NaN,NaN,NaN,NaN,NaN,NaN
2018-02-28T00:00:00Z,NaN,NaN,NaN,NaN,NaN,NaN,NaN,NaN,NaN
2018-03-01T00:00:00Z,NaN,NaN,NaN,NaN,NaN,NaN,NaN,NaN,NaN
2018-03-02T00:00:00Z,NaN,NaN,NaN,NaN,NaN,NaN,NaN,NaN,NaN
2018-03-03T00:00:00Z,NaN,NaN,NaN,NaN,NaN,NaN,NaN,NaN,NaN
2018-03-04T00:00:00Z,NaN,NaN,NaN,NaN,NaN,NaN,NaN,NaN,NaN
2018-03-05T00:00:00Z,NaN,NaN,NaN,NaN,NaN,NaN,NaN,NaN,NaN
2018-03-06T00:00:00Z,NaN,NaN,NaN,NaN,NaN,NaN,NaN,NaN,NaN
2018-03-07T00:00:00Z,NaN,NaN,NaN,NaN,NaN,NaN,NaN,NaN,NaN
2018-03-08T00:00:00Z,NaN,NaN,NaN,NaN,NaN,NaN,NaN,NaN,NaN
2018-03-09T00:00:00Z,NaN,NaN,NaN,NaN,NaN,NaN,NaN,NaN,NaN
2018-03-10T00:00:00Z,NaN,NaN,NaN,NaN,NaN,NaN,NaN,NaN,NaN
2018-03-11T00:00:00Z,NaN,NaN,NaN,NaN,NaN,NaN,NaN,NaN,NaN
2018-03-12T00:00:00Z,NaN,NaN,NaN,NaN,NaN,NaN,NaN,NaN,NaN
2018-03-13T00:00:00Z,NaN,NaN,NaN,NaN,NaN,NaN,NaN,NaN,NaN
2018-03-14T00:00:00Z,NaN,NaN,NaN,NaN,NaN,NaN,NaN,NaN,NaN
2018-03-15T00:00:00Z,NaN,NaN,NaN,NaN,NaN,NaN,NaN,NaN,NaN
2018-03-16T00:00:00Z,NaN,NaN,NaN,NaN,NaN,NaN,NaN,NaN,NaN
2018-03-17T00:00:00Z,NaN,NaN,NaN,NaN,NaN,NaN,NaN,NaN,NaN
2018-03-18T00:00:00Z,NaN,NaN,NaN,NaN,NaN,NaN,NaN,NaN,NaN
2018-03-19T00:00:00Z,NaN,NaN,NaN,NaN,NaN,NaN,NaN,NaN,NaN
2018-03-20T00:00:00Z,NaN,NaN,NaN,NaN,NaN,NaN,NaN,NaN,NaN
2018-03-21T00:00:00Z,NaN,NaN,NaN,NaN,NaN,NaN,NaN,NaN,NaN
2018-03-22T00:00:00Z,NaN,NaN,NaN,NaN,NaN,NaN,NaN,NaN,NaN
2018-03-23T00:00:00Z,NaN,NaN,NaN,NaN,NaN,NaN,NaN,NaN,NaN
2018-03-24T00:00:00Z,NaN,NaN,NaN,NaN,NaN,NaN,NaN,NaN,NaN
2018-03-25T00:00:00Z,NaN,NaN,NaN,NaN,NaN,NaN,NaN,NaN,NaN
2018-03-26T00:00:00Z,NaN,NaN,NaN,NaN,NaN,NaN,NaN,NaN,NaN
2018-03-27T00:00:00Z,NaN,NaN,NaN,NaN,NaN,NaN,NaN,NaN,NaN
2018-03-28T00:00:00Z,NaN,NaN,NaN,NaN,NaN,NaN,NaN,NaN,NaN
2018-03-29T00:00:00Z,NaN,NaN,NaN,NaN,NaN,NaN,NaN,NaN,NaN
2018-03-30T00:00:00Z,NaN,NaN,NaN,NaN,NaN,NaN,NaN,NaN,NaN
2018-03-31T00:00:00Z,NaN,NaN,NaN,NaN,NaN,NaN,NaN,NaN,NaN
2018-04-01T00:00:00Z,NaN,NaN,NaN,NaN,NaN,NaN,NaN,NaN,NaN
2018-04-02T00:00:00Z,NaN,NaN,NaN,NaN,NaN,NaN,NaN,NaN,NaN
2018-04-03T00:00:00Z,NaN,NaN,NaN,NaN,NaN,NaN,NaN,NaN,NaN
2018-04-04T00:00:00Z,NaN,NaN,NaN,NaN,NaN,NaN,NaN,NaN,NaN
2018-04-05T00:00:00Z,NaN,NaN,NaN,NaN,NaN,NaN,NaN,NaN,NaN
2018-04-06T00:00:00Z,NaN,NaN,NaN,NaN,NaN,NaN,NaN,NaN,NaN
2018-04-07T00:00:00Z,NaN,NaN,NaN,NaN,NaN,NaN,NaN,NaN,NaN
2018-04-08T00:00:00Z,NaN,NaN,NaN,NaN,NaN,NaN,NaN,NaN,NaN
2018-04-09T00:00:00Z,NaN,NaN,NaN,NaN,NaN,NaN,NaN,NaN,NaN
2018-04-10T00:00:00Z,NaN,NaN,NaN,NaN,NaN,NaN,NaN,NaN,NaN
2018-04-11T00:00:00Z,NaN,NaN,NaN,NaN,NaN,NaN,NaN,NaN,NaN
2018-04-12T00:00:00Z,9.324106382978723,9.313468085106383,9.018393617021276,8.860063829787235,8.815010638297872,9.036127659574468,9.246765957446808,9.06409574468085,8.851936170212765
2018-04-13T00:00:00Z,10.445322916666667,10.3951875,10.138864583333334,9.981114583333333,9.92065625,10.1551875,10.341208333333334,10.185635416666667,9.944416666666667
2018-04-14T00:00:00Z,11.3011875,11.266229166666667,10.836760416666667,10.53446875,10.435604166666666,10.870854166666666,11.210427083333334,10.936625,10.4444375
2018-04-15T00:00:00Z,11.488322916666666,11.52940625,11.447614583333333,11.391697916666667,11.40040625,11.464708333333334,11.49115625,11.4696875,11.438552083333333
2018-04-16T00:00:00Z,10.530916666666666,10.631947916666666,10.5939375,10.569510416666667,10.599770833333334,10.607020833333333,10.592322916666667,10.60178125,10.642520833333334
2018-04-17T00:00:00Z,9.921364583333334,10.00490625,9.95425,9.924239583333334,9.951239583333333,9.968729166666666,9.965635416666666,9.965520833333333,9.9916875
2018-04-18T00:00:00Z,9.75221875,9.766520833333333,9.638239583333334,9.580875,9.598916666666668,9.664541666666667,9.723020833333333,9.678260416666667,9.642833333333334
2018-04-19T00:00:00Z,9.818645833333333,9.877333333333333,9.827125,9.80259375,9.834229166666667,9.84234375,9.838052083333334,9.836447916666666,9.87553125
2018-04-20T00:00:00Z,12.678458333333333,12.018708333333333,10.521302083333333,9.8346875,9.704260416666667,10.7361875,12.0130625,10.903208333333334,9.717197916666667
2018-04-21T00:00:00Z,10.860572916666667,10.450979166666666,10.24746875,10.123802083333333,10.091395833333333,10.286489583333333,10.41721875,10.297260416666667,10.1239375
2018-04-22T00:00:00Z,10.873739583333334,10.674520833333334,10.317979166666667,10.132822916666667,10.1023125,10.382239583333334,10.625479166666667,10.413458333333333,10.13703125
2018-04-23T00:00:00Z,10.202510416666668,10.222833333333334,9.98084375,9.901979166666667,9.910083333333333,10.008854166666667,10.185052083333334,10.027385416666666,9.9499375
2018-04-24T00:00:00Z,11.070916666666667,11.012854166666667,10.901885416666667,10.836697916666667,10.843041666666666,10.922958333333334,10.973666666666666,10.925739583333334,10.881989583333333
2018-04-25T00:00:00Z,11.82596875,11.858802083333334,11.796583333333333,11.759447916666666,11.786197916666667,11.747,11.701083333333333,11.654770833333334,11.638385416666667
2018-04-26T00:00:00Z,15.776041666666666,14.222135416666667,11.849666666666666,11.335072916666666,11.297770833333333,11.2283125,11.114,11.005510416666667,10.837625
2018-04-27T00:00:00Z,14.373489583333333,14.098895833333334,13.365708333333334,13.122625,12.969270833333333,12.66453125,12.21803125,11.753760416666667,11.319416666666667
2018-04-28T00:00:00Z,12.406510416666666,12.472354166666667,12.4315625,12.4095,12.440416666666666,12.439416666666666,12.425677083333333,12.426052083333333,12.46265625
2018-04-29T00:00:00Z,14.119458333333332,13.860041666666667,13.513114583333333,12.913145833333333,12.457916666666666,12.040833333333333,11.958041666666666,11.838729166666667,11.795260416666666
2018-04-30T00:00:00Z,13.531541666666666,12.7899375,12.317916666666667,12.194552083333333,12.118979166666668,11.923979166666667,11.796645833333333,11.69459375,11.65084375
2018-05-01T00:00:00Z,14.336875,13.883197916666667,13.021520833333334,12.706260416666666,12.461895833333333,12.022125,11.733072916666666,11.631052083333334,11.59140625
2018-05-02T00:00:00Z,15.56146875,15.084364583333333,13.939052083333333,13.469052083333333,13.135833333333334,12.323010416666667,11.81934375,11.62571875,11.548114583333334
2018-05-03T00:00:00Z,17.480416666666667,17.248239583333334,15.691322916666667,14.572322916666666,13.632645833333333,12.3671875,11.748604166666667,11.5715625,11.5165
2018-05-04T00:00:00Z,18.777,18.733,18.350322916666666,17.946291666666667,16.3135,12.915375,11.67921875,11.506291666666666,11.451125
2018-05-05T00:00:00Z,18.256958333333333,18.079875,17.15515625,16.476177083333333,15.6179375,12.609052083333333,11.809125,11.568302083333334,11.470791666666667
2018-05-06T00:00:00Z,19.4028125,18.8856875,18.474,18.219489583333335,17.077333333333332,13.005041666666667,11.733552083333333,11.50784375,11.436739583333333
2018-05-07T00:00:00Z,19.529802083333333,19.529947916666668,19.40596875,19.322489583333333,18.812927083333335,13.357885416666667,11.7863125,11.524395833333333,11.432572916666667
2018-05-08T00:00:00Z,20.084677083333332,18.977197916666668,18.35125,17.95940625,17.20921875,13.615791666666667,11.767572916666667,11.489635416666667,11.382083333333334
2018-05-09T00:00:00Z,18.80235,18.7523,18.12755,17.437575,16.291825,14.326425,12.4248625,11.7087375,11.579975
2018-05-16T00:00:00Z,23.907625,23.762249999999998,23.672875,23.6015,23.281625,17.397375,12.593375,11.577125,11.41975
2018-05-17T00:00:00Z,24.38178125,23.97072916666667,23.624989583333335,23.063572916666665,21.636145833333334,17.431135416666667,12.994895833333333,11.693583333333333,11.485552083333333
2018-05-18T00:00:00Z,23.203541666666666,23.15175,22.341625,21.643177083333335,20.867677083333334,17.824416666666668,13.37640625,11.947083333333333,11.523302083333332
2018-05-19T00:00:00Z,23.230125,23.179583333333333,22.75803125,22.429677083333335,21.955572916666668,18.563791666666667,13.373958333333333,11.878718749999999,11.5124375
2018-05-20T00:00:00Z,25.481375,24.4264375,22.99475,22.597083333333334,21.929166666666667,18.784229166666666,13.218364583333333,11.818802083333333,11.5190625
2018-05-21T00:00:00Z,24.096958333333333,23.40553125,22.735197916666667,22.450875,22.077739583333333,20.06515625,14.997833333333332,12.361375,11.622239583333334
2018-05-22T00:00:00Z,25.779927083333334,25.424666666666667,24.675677083333333,23.73705208333333,22.432458333333333,19.98625,14.327937499999999,12.178145833333334,11.588291666666667
2018-05-23T00:00:00Z,26.121020833333333,25.72490625,23.547697916666667,22.675072916666668,21.965875,20.31688541666667,14.182802083333334,12.167406249999999,11.6741875
2018-05-24T00:00:00Z,24.76728125,24.1101875,23.382916666666667,23.00958333333333,22.580520833333335,20.446666666666665,14.399333333333333,12.359739583333333,11.748229166666667
2018-05-25T00:00:00Z,25.865708333333334,24.630770833333333,23.48059375,22.856239583333334,22.3003125,20.69459375,14.377875,12.310541666666667,11.711697916666667
2018-05-26T00:00:00Z,25.511333333333333,24.759135416666666,23.564364583333333,22.98930208333333,22.441416666666665,20.666447916666666,14.946479166666666,12.413760416666667,11.772197916666666
2018-05-27T00:00:00Z,27.426697916666665,25.61627083333333,24.082552083333333,23.108333333333334,22.555395833333332,21.172177083333334,14.59540625,12.354041666666667,11.736302083333333
2018-05-28T00:00:00Z,27.45564583333333,26.0831875,24.082979166666668,23.215802083333333,22.675645833333334,20.858645833333334,15.092916666666667,12.49771875,11.812447916666667
2018-05-29T00:00:00Z,25.855135416666666,25.096708333333332,23.886895833333334,23.3913125,22.98390625,20.7085625,15.426854166666667,12.674270833333333,11.885854166666666
2018-05-30T00:00:00Z,24.826041666666665,24.704229166666668,24.193385416666665,23.784739583333334,23.4413125,21.517489583333333,15.8739375,13.228760416666667,12.241322916666666
2018-05-31T00:00:00Z,26.1418125,25.797458333333335,25.396260416666667,25.1655625,24.492322916666666,21.051125,15.66353125,12.728229166666667,11.958270833333334
2018-06-01T00:00:00Z,27.2300625,27.05815625,26.588833333333334,25.546875,24.592541666666666,20.947552083333335,15.445552083333332,12.705729166666666,11.900145833333333
2018-06-02T00:00:00Z,28.0923125,27.025395833333334,25.643104166666667,25.119979166666667,24.447375,21.232708333333335,15.660979166666667,12.842770833333333,11.9251875
2018-06-03T00:00:00Z,26.394,26.436958333333333,26.374979166666666,26.32096875,26.30096875,24.648697916666666,16.371645833333332,13.045229166666667,11.97784375
2018-06-04T00:00:00Z,25.5941875,25.6485,25.599739583333335,25.566010416666668,25.584802083333333,25.35521875,18.04171875,13.4686875,12.290916666666666
2018-06-05T00:00:00Z,25.129395833333334,25.154989583333332,25.074895833333333,25.024729166666667,25.01625,24.677208333333333,17.238875,13.331020833333334,12.24378125
2018-06-06T00:00:00Z,25.085364583333334,24.580385416666665,24.296854166666666,24.14178125,24.03559375,23.382208333333335,17.57825,13.477635416666667,12.306614583333333
2018-06-07T00:00:00Z,24.61145833333333,24.374208333333332,24.069166666666668,23.938510416666666,23.891135416666668,23.531885416666668,19.779989583333332,13.78053125,12.42303125
2018-06-08T00:00:00Z,26.323458333333335,25.846947916666668,25.064520833333333,24.5620625,24.18275,23.04003125,20.1850625,13.83971875,12.408895833333334
2018-06-09T00:00:00Z,25.70325,25.39096875,25.17364583333333,24.978,24.7165,23.507135416666667,19.444177083333333,14.52340625,12.85290625
2018-06-10T00:00:00Z,25.311791666666668,25.31834375,25.240645833333332,25.133614583333333,24.686218750000002,23.237145833333333,19.67778125,14.689572916666666,12.990166666666667
2018-06-11T00:00:00Z,25.0435,24.975427083333333,24.647260416666665,24.37992708333333,24.155875,22.842635416666667,18.436822916666667,14.499458333333333,12.775
2018-06-12T00:00:00Z,24.836885416666668,24.77940625,24.507270833333333,24.374197916666667,24.323,23.539572916666668,18.677,14.349104166666667,12.718833333333333
2018-06-13T00:00:00Z,26.378375,26.214333333333332,25.43359375,24.911864583333333,24.65946875,23.1073125,18.7116875,14.300760416666666,12.825927083333333
2018-06-14T00:00:00Z,27.357854166666666,25.973125,25.1711875,24.838354166666665,24.470166666666668,23.134708333333332,18.472479166666666,14.579270833333334,12.875322916666667
2018-06-15T00:00:00Z,27.321708333333333,26.14089583333333,25.253770833333334,24.88134375,24.538604166666666,22.972135416666667,18.703822916666667,14.675104166666667,12.922520833333333
2018-06-16T00:00:00Z,28.82223958333333,26.949239583333334,25.58971875,25.02301041666667,24.588864583333333,22.94115625,18.720354166666667,14.750947916666666,13.145239583333334
2018-06-17T00:00:00Z,30.665364583333332,28.882697916666668,26.095427083333334,25.113260416666666,24.758145833333334,23.097520833333334,19.108552083333333,15.11171875,13.503541666666667
2018-06-18T00:00:00Z,31.048260416666665,30.885916666666667,26.813114583333334,25.4424375,24.665,22.684645833333335,18.9335625,14.746916666666667,13.134135416666666
2018-06-19T00:00:00Z,30.921083333333332,30.8481875,28.24834375,26.06234375,24.8734375,22.706895833333334,19.009364583333333,14.93803125,13.188395833333333
2018-06-20T00:00:00Z,30.519739583333333,30.470479166666667,28.967197916666667,27.152979166666668,25.282,22.589395833333334,19.10271875,15.275010416666667,13.42634375
2018-06-21T00:00:00Z,28.387177083333334,28.358666666666668,27.51578125,26.846208333333333,25.71009375,22.676614583333333,19.198677083333333,15.33128125,13.388260416666666
2018-06-22T00:00:00Z,27.270895833333334,27.235291666666665,26.714947916666667,26.404322916666665,25.818666666666665,22.728885416666667,19.099458333333335,15.53134375,13.370697916666666
2018-06-23T00:00:00Z,26.913375,26.906822916666666,26.78028125,26.64325,25.938645833333332,22.72665625,19.22165625,15.32540625,13.29684375
2018-06-24T00:00:00Z,27.521416666666667,27.462447916666665,27.15028125,26.738729166666666,26.073427083333332,22.856593750000002,19.071635416666666,15.4901875,13.5175625
2018-06-25T00:00:00Z,26.214614583333333,26.193854166666668,25.772541666666665,25.513385416666665,25.230947916666665,22.988916666666665,19.040760416666668,15.605125,13.686979166666667
2018-06-26T00:00:00Z,25.205395833333334,25.241802083333333,25.163104166666667,25.057677083333335,24.840125,23.082604166666666,19.362583333333333,15.58215625,13.734447916666667
2018-06-27T00:00:00Z,25.987750000000002,25.847510416666665,25.145947916666668,24.833385416666665,24.664177083333332,23.621135416666668,19.39334375,15.7394375,13.680145833333333
2018-06-28T00:00:00Z,28.46240625,26.63425,25.155541666666668,24.730989583333333,24.390270833333332,23.31021875,19.25996875,15.620208333333334,13.783885416666667
2018-06-29T00:00:00Z,27.455229166666665,26.524822916666665,25.553885416666667,25.08440625,24.60090625,23.125291666666666,19.301614583333333,15.9674375,13.89815625
2018-06-30T00:00:00Z,29.68253125,27.894229166666666,25.883270833333334,25.077322916666667,24.567635416666665,23.15096875,19.437458333333332,15.744739583333333,13.90509375
2018-07-01T00:00:00Z,28.442125,27.470395833333335,26.20325,25.496052083333332,24.878104166666667,22.98553125,19.4090625,16.02203125,13.99375
2018-07-02T00:00:00Z,30.089739583333333,28.914229166666665,27.1154375,26.153770833333333,25.108729166666667,22.890375,19.616229166666667,16.065770833333332,14.3698125
2018-07-03T00:00:00Z,28.737697916666665,28.510302083333332,27.785395833333332,27.1476875,25.862333333333332,23.514385416666666,20.594416666666667,16.811729166666666,14.67896875
2018-07-04T00:00:00Z,31.185,29.419572916666667,28.15159375,27.25025,26.106177083333332,23.468614583333334,20.152802083333334,16.80546875,14.495708333333333
2018-07-05T00:00:00Z,31.079739583333332,30.993083333333335,30.46021875,29.465520833333333,27.745010416666666,23.486770833333335,20.495895833333332,16.627833333333335,14.71634375
2018-07-06T00:00:00Z,29.36025,29.48653125,29.40296875,29.288802083333334,28.42103125,23.540177083333333,20.325010416666668,16.864385416666668,14.671395833333333
2018-07-07T00:00:00Z,28.195552083333332,27.855249999999998,27.412572916666665,27.190791666666666,26.868822916666666,24.042333333333332,19.989416666666667,16.963354166666665,14.725989583333334
2018-07-08T00:00:00Z,29.389354166666667,28.25803125,27.117510416666665,26.905708333333333,26.703020833333333,23.832229166666668,20.2694375,16.993604166666668,14.671260416666666
2018-07-09T00:00:00Z,30.182677083333335,29.89915625,28.364927083333335,27.292,26.470125,23.567687499999998,19.532083333333333,16.196822916666665,14.56796875
2018-07-10T00:00:00Z,30.47088541666667,30.322572916666665,29.215416666666666,28.142260416666666,26.802697916666666,23.247927083333334,19.676635416666667,16.4506875,14.593322916666667
2018-07-11T00:00:00Z,29.884510416666668,29.74946875,28.927989583333332,28.052739583333334,26.8548125,23.391072916666666,19.87384375,16.463447916666667,14.58440625
2018-07-12T00:00:00Z,29.46621875,29.071520833333334,28.0695,27.516885416666668,26.990010416666667,23.490989583333334,19.724489583333334,16.552791666666668,14.59715625
2018-07-13T00:00:00Z,30.5975,29.700229166666666,27.854552083333335,27.453510416666667,26.87275,23.662197916666667,19.538520833333333,16.675010416666666,14.567760416666667
2018-07-14T00:00:00Z,31.129770833333332,29.63815625,27.914572916666668,27.53990625,27.14028125,23.490552083333334,19.650312500000002,16.548916666666667,14.5990625
2018-07-15T00:00:00Z,29.524447916666666,28.986197916666665,28.33940625,27.895114583333335,27.142260416666666,23.563822916666666,19.785104166666667,16.718979166666667,14.717
2018-07-16T00:00:00Z,29.761302083333334,29.55153125,29.119979166666667,28.871552083333334,28.381760416666665,24.087604166666665,23.560333333333332,27.95121875,15.121714285714287
2018-07-17T00:00:00Z,29.203322916666668,29.224125,29.15246875,29.1099375,29.101510416666667,25.080604166666667,24.879822916666665,29.097791666666666,15.526428571428571
2018-07-18T00:00:00Z,28.67559375,28.24059375,27.939354166666668,27.76878125,27.43990625,24.4750625,24.213208333333334,27.368208333333335,15.931142857142857
2018-07-19T00:00:00Z,27.496333333333332,27.4091875,27.227010416666666,27.051510416666666,26.778364583333335,25.364125,25.090447916666665,26.742645833333334,16.335857142857144
2018-07-20T00:00:00Z,26.096875,26.161989583333334,26.119739583333335,26.083927083333332,26.028520833333335,24.52765625,24.43684375,26.011510416666667,16.740571428571428
2018-07-21T00:00:00Z,25.825697916666666,25.854729166666665,25.778208333333332,25.70875,25.681645833333334,25.30125,25.253020833333334,25.678635416666665,17.145285714285716
2018-07-22T00:00:00Z,25.91990625,25.919541666666667,25.80725,25.732666666666667,25.722489583333335,25.63253125,25.468958333333333,25.433895833333334,17.55
2018-07-23T00:00:00Z,26.7569375,26.613916666666668,26.383635416666667,26.066114583333334,25.63546875,24.994802083333333,21.395479166666668,17.3091875,15.3513125
2018-07-24T00:00:00Z,26.697072916666666,26.56728125,26.366322916666668,26.0774375,25.749208333333332,24.7779375,21.66175,17.463833333333334,15.526583333333333
2018-07-25T00:00:00Z,27.35021875,27.257489583333335,27.011260416666666,26.703020833333333,26.314291666666666,25.098770833333333,21.6166875,17.576177083333334,15.41753125
2018-07-26T00:00:00Z,27.904510416666668,27.513791666666666,26.7374375,25.925354166666665,25.526864583333335,24.90265625,21.525552083333334,17.733385416666668,15.660291666666668
2018-07-27T00:00:00Z,27.246979166666666,27.21934375,27.014979166666667,26.824989583333334,26.537645833333332,25.532239583333332,21.824614583333332,17.547614583333335,15.583229166666667
2018-07-28T00:00:00Z,28.330291666666668,27.966552083333333,26.302114583333335,26.073479166666665,25.8896875,25.067083333333333,21.681229166666668,17.717916666666667,15.611291666666666
2018-07-29T00:00:00Z,27.76159375,27.236260416666667,26.508875,26.024739583333332,25.763541666666665,25.143520833333334,21.425947916666665,17.779625,15.516229166666667
2018-07-30T00:00:00Z,26.567697916666667,26.50658333333333,26.267864583333335,26.032447916666666,25.811541666666667,24.840625,20.9496875,16.995677083333334,15.006489583333334
2018-07-31T00:00:00Z,25.883114583333334,25.872208333333333,25.727677083333333,25.583072916666666,25.52025,25.01859375,21.092239583333335,17.00815625,15.17328125
2018-08-01T00:00:00Z,26.120145833333332,25.95784375,25.42628125,25.280177083333335,25.233791666666665,24.7436875,21.310333333333332,16.957927083333335,15.234989583333332
2018-08-02T00:00:00Z,26.008541666666666,25.44490625,25.208385416666665,25.095166666666668,25.04615625,24.801875,20.878916666666665,17.145739583333334,15.253833333333333
2018-08-03T00:00:00Z,28.014427083333334,26.701635416666665,25.388802083333335,25.190572916666667,25.05909375,24.55725,21.35596875,17.154989583333332,15.246208333333334
2018-08-04T00:00:00Z,29.589114583333334,28.426697916666665,25.756229166666667,25.266708333333334,25.093885416666666,24.549885416666665,21.25290625,17.130354166666667,15.22703125
2018-08-05T00:00:00Z,29.283666666666665,28.168375,26.142354166666667,25.596583333333335,25.30978125,24.4793125,21.18784375,17.25134375,15.331489583333333
2018-08-06T00:00:00Z,29.3949375,28.566447916666668,27.031989583333335,26.4920625,26.145489583333333,24.727416666666667,21.185479166666667,17.5913125,15.429072916666666
2018-08-07T00:00:00Z,28.843697916666667,28.700427083333334,27.6668125,26.714885416666668,25.90725,24.542895833333333,21.748447916666667,17.523885416666666,15.702625
2018-08-08T00:00:00Z,28.988135416666665,28.84867708333333,28.14019791666667,27.489125,26.595177083333333,24.310864583333334,21.6904375,17.648822916666667,15.714520833333333
2018-08-09T00:00:00Z,29.58475,29.287,27.64110416666667,27.06221875,26.544760416666666,24.6459375,21.225010416666667,17.794916666666666,15.785
2018-08-10T00:00:00Z,29.337197916666668,29.057552083333334,27.989239583333333,27.241989583333332,26.637052083333334,24.415489583333333,21.668083333333332,17.80253125,15.696208333333333
2018-08-11T00:00:00Z,28.84075,28.7706875,28.56671875,27.891364583333335,27.1438125,24.39378125,21.466802083333334,17.910114583333332,15.773302083333332
2018-08-12T00:00:00Z,28.240697916666665,28.117677083333334,27.7338125,27.3625625,26.859083333333334,24.678979166666668,21.258864583333335,18.21446875,15.914052083333333
2018-08-13T00:00:00Z,27.644,27.288,27.201,27.114,26.959,23.565,20.957,18.448,15.397
2018-08-26T00:00:00Z,26.222,25.2855,25.2455,24.978,26.522,24.964,25.1145,26.4265,16.150796875
2018-08-27T00:00:00Z,26.542239583333334,25.96971875,25.199395833333334,25.019520833333335,24.907354166666668,24.616239583333332,24.001260416666668,19.611697916666667,16.90459375
2018-08-28T00:00:00Z,27.35271875,26.62015625,25.547041666666665,25.17740625,24.935885416666668,24.555166666666665,23.70044791666667,19.635510416666666,16.8131875
2018-08-29T00:00:00Z,27.145572916666666,27.087947916666668,26.723666666666666,26.505,26.089145833333333,24.80128125,23.4359375,19.9813125,16.847885416666667
2018-08-30T00:00:00Z,27.736854166666667,27.46609375,27.0160625,26.743291666666668,26.415041666666667,24.74771875,23.265770833333335,19.447958333333332,17.0455625
2018-08-31T00:00:00Z,27.191916666666668,26.562020833333335,26.211677083333335,25.980260416666667,25.79278125,24.91321875,23.17471875,19.544270833333332,16.874114583333334
2018-09-01T00:00:00Z,26.2270625,26.150114583333334,25.975385416666665,25.912541666666666,25.884854166666667,25.196458333333332,22.96975,19.65203125,16.893864583333333
2018-09-02T00:00:00Z,26.934541666666668,26.51175,26.206895833333334,26.098708333333335,26.00288541666667,25.322927083333333,22.987572916666668,19.665,17.00015625
2018-09-03T00:00:00Z,27.851510416666667,27.119135416666666,26.730854166666667,26.483989583333333,26.186104166666667,25.203572916666666,23.0818125,19.722447916666667,17.0073125
2018-09-04T00:00:00Z,28.04325,27.441947916666667,26.898864583333335,26.616677083333332,26.354416666666665,25.20103125,23.206166666666668,19.916833333333333,17.482645833333333
2018-09-05T00:00:00Z,27.448229166666668,27.05721875,26.62703125,26.368791666666667,26.183854166666666,25.50078125,23.378,19.893572916666667,17.543135416666665
2018-09-06T00:00:00Z,28.340854166666666,28.20415625,27.696270833333333,27.251635416666666,26.715447916666665,25.48565625,23.650645833333332,20.586739583333333,18.03178125
2018-09-07T00:00:00Z,27.186395833333332,27.132437499999998,26.907260416666666,26.836729166666668,26.806947916666665,26.3164375,23.406,20.926666666666666,18.217322916666667
2018-09-08T00:00:00Z,25.43678125,25.517916666666665,25.48409375,25.461864583333334,25.489697916666668,25.239677083333333,23.573822916666668,20.76884375,18.144083333333334
2018-09-09T00:00:00Z,23.70690625,23.780760416666666,23.7404375,23.660114583333332,23.375208333333333,21.165229166666666,20.243854166666665,19.640239583333333,18.988333333333333
2018-09-10T00:00:00Z,22.400479166666667,22.464208333333332,22.401802083333333,22.149791666666665,21.303875,19.750864583333332,19.055395833333332,18.855270833333332,18.574875
2018-09-11T00:00:00Z,21.981260416666668,21.700947916666667,20.9465625,20.505802083333332,20.077697916666665,19.372052083333333,18.975083333333334,18.699885416666667,18.366104166666666
2018-09-12T00:00:00Z,22.114208333333334,21.950833333333332,21.47334375,20.951479166666665,19.99821875,19.084114583333335,18.874041666666667,18.706052083333333,18.31896875
2018-09-13T00:00:00Z,23.439687499999998,22.092125,21.3818125,20.659302083333333,20.2778125,19.52001041666667,18.966947916666665,18.654822916666667,18.239354166666665
2018-09-14T00:00:00Z,25.16471875,24.50871875,22.28771875,20.55159375,20.00003125,19.318010416666667,18.956395833333332,18.787635416666667,18.303697916666668
2018-09-15T00:00:00Z,25.550802083333334,24.339020833333333,21.61790625,20.757020833333332,20.40059375,19.564177083333334,18.919395833333333,18.677291666666665,18.215916666666665
2018-09-16T00:00:00Z,24.297572916666667,23.453729166666665,22.25478125,21.326385416666668,20.534958333333332,19.551760416666667,19.000260416666666,18.69615625,18.147041666666667
2018-09-17T00:00:00Z,24.53553125,24.471041666666665,24.2764375,23.491489583333333,21.525135416666668,19.708666666666666,19.109677083333334,18.67871875,18.019677083333335
2018-09-18T00:00:00Z,25.446010416666667,24.23346875,23.18215625,22.29809375,21.423614583333332,19.697875,19.040864583333335,18.559541666666668,18.012822916666668
2018-09-19T00:00:00Z,25.872927083333334,24.354791666666667,23.234229166666665,22.330729166666668,21.435322916666667,19.674333333333333,19.066229166666666,18.620677083333334,18.020708333333335
2018-09-20T00:00:00Z,24.92084375,24.161,23.219291666666667,22.559479166666666,21.551635416666667,19.626447916666667,19.023583333333335,18.61584375,18.110354166666667
2018-09-21T00:00:00Z,24.622072916666667,24.563708333333334,24.195072916666668,24.058010416666665,23.82148958333333,20.903135416666668,19.064197916666668,18.52609375,17.69921875
2018-09-22T00:00:00Z,23.351427083333334,23.419364583333333,23.356385416666665,23.147947916666666,22.4859375,19.978104166666668,19.05511458333333,18.489864583333333,17.73275
2018-09-23T00:00:00Z,22.478625,22.333083333333335,22.21840625,22.115885416666668,21.962104166666666,20.290677083333332,19.06925,18.4865625,17.727802083333334
2018-09-24T00:00:00Z,21.587083333333332,21.651979166666667,21.536583333333333,21.293385416666666,20.9724375,20.072947916666667,19.186010416666665,18.5664375,17.828635416666668
2018-09-25T00:00:00Z,21.64975,21.698489583333334,21.583708333333334,21.496083333333335,21.46565625,21.1851875,19.787041666666667,18.56015625,17.911708333333333
2018-09-26T00:00:00Z,21.607541666666666,21.673479166666667,21.630041666666667,21.605875,21.635625,21.630166666666668,21.180802083333333,19.319697916666666,17.829739583333332
2018-09-27T00:00:00Z,20.8165625,20.883479166666667,20.840791666666668,20.82103125,20.848739583333334,20.547166666666666,19.832875,18.73925,17.683677083333333
2018-09-28T00:00:00Z,20.772125,20.349520833333333,20.21003125,20.116802083333333,20.082364583333334,19.89591666666667,19.548447916666667,18.701458333333335,17.733072916666668
2018-09-29T00:00:00Z,20.345739583333334,20.021666666666665,19.886729166666665,19.825864583333335,19.813083333333335,19.5481875,19.012375,18.429322916666667,17.811208333333333
2018-09-30T00:00:00Z,20.31971875,20.036697916666668,19.836,19.771958333333334,19.7315,19.517708333333335,18.996197916666667,18.411645833333335,17.883604166666668
2018-10-01T00:00:00Z,21.063468750000002,20.294135416666666,19.970416666666665,19.827322916666667,19.714052083333332,19.273697916666666,18.938708333333334,18.478625,17.867041666666665
2018-10-02T00:00:00Z,22.29303125,21.90928125,20.78302083333333,20.251083333333334,19.873020833333335,19.370729166666667,18.845864583333334,18.36836458333333,17.868739583333333
2018-10-03T00:00:00Z,21.714552083333334,21.0696875,20.48303125,20.281072916666666,20.023,19.48865625,18.945885416666666,18.3493125,17.86390625
2018-10-04T00:00:00Z,22.438166666666667,22.402770833333335,21.967541666666666,21.483229166666668,21.0031875,19.88146875,18.962427083333335,18.463645833333334,17.9588125
2018-10-05T00:00:00Z,21.925541666666668,21.737322916666667,21.13871875,20.877125,20.66015625,19.7591875,19.092864583333334,18.446979166666665,17.8303125
2018-10-06T00:00:00Z,22.1535625,21.796833333333332,21.4374375,21.29303125,21.14576041666667,19.8070625,18.903947916666667,18.378677083333333,17.739958333333334
2018-10-07T00:00:00Z,23.08194680851064,22.47836170212766,22.076840425531916,21.568031914893616,20.989563829787233,19.729425531914895,19.008382978723404,18.495063829787235,17.91740425531915
2018-10-18T00:00:00Z,16.08,15.87,15.79,15.77,15.76,15.75,15.74,15.72,15.72
2018-10-30T00:00:00Z,11.85,11.81,11.8,11.72,11.7,11.7,11.68,11.66,11.69
2018-11-15T00:00:00Z,6.55,6.54,6.52,6.5,6.44,6.48,6.48,6.45,6.42
2018-11-30T00:00:00Z,4.82,4.2,4.11,4.05,4.01,3.97,3.91,3.89,3.9
2018-12-13T00:00:00Z,3.2,3.13,3.11,3.1,3.11,3.22,3.27,3.3,3.38
