"Lake","Site","Sample.Date","Sample.depth.ft","Sample.depth.m","Temp.C","DO.percent","DO.mg/L","sp.Cond.us/cm","pH","ORP","chl.a","Turbidity.ntu","flag.DO.percent","flag.DO.mg/L","flag.sp.Cond.us/cm","flag.pH","flag.ORP","flag.chl.a","flag.Turbidity.ntu","salinity","Temp.K"
"acton","u14",2017-05-10,1.4599738,0.445,15.4,93.8,9.45,460,8.14,194.8,5.2,19,NA,NA,NA,NA,NA,NA,NA,0.200447026142227,288.55
"acton","u14",2017-05-10,16.4042,5,13.03,91.9,9.68,525,8.07,200.1,3.1,12.6,NA,NA,NA,NA,NA,NA,NA,0.231441341705524,286.18
"acton","u12",2017-05-10,0.3,0.0914399970739201,13.34,86.7,9.09,373,7.82,178.1,4.2,20.7,NA,NA,NA,NA,NA,NA,NA,0.159571936437874,286.49
"acton","u12",2017-05-10,3.359,1.02382316723766,12.75,86.1,9.11,376,7.81,179.5,5.2,18.6,NA,NA,NA,NA,NA,NA,NA,0.160968532889408,285.9
"acton","u12",2017-05-10,6.83,2.08178393338291,12.66,85.2,9.04,382,7.78,181.3,4.8,18.8,NA,NA,NA,NA,NA,NA,NA,0.163764654862248,285.81
"acton","u12",2017-05-10,10.26,3.12724789992807,12.51,84.1,8.94,424,7.76,183.2,4,16.5,NA,NA,NA,NA,NA,NA,NA,0.183442612545825,285.66
"acton","u12",2017-05-10,13.48,4.10870386852148,12.18,81.4,8.71,407,7.78,182.6,4.3,16.4,NA,NA,NA,NA,NA,NA,NA,0.175456089783217,285.33
"acton","u12",2017-05-10,16.76,5.10844783652967,11.9,79.3,8.55,372,7.75,184.3,4.6,16.5,NA,NA,NA,NA,NA,NA,NA,0.159106623016652,285.05
"acton","u12",2017-05-10,21.3,6.49223979224833,11.6,76.3,8.27,361,7.73,185.2,5,16.7,NA,NA,NA,NA,NA,NA,NA,0.153995483010858,284.75
"acton","u12",2017-05-10,24.97,7.61085575645262,11.59,66.6,7.19,364,7.68,186.9,5.7,18.6,NA,NA,NA,NA,NA,NA,NA,0.155388091702438,284.74
"acton","u14",2017-05-26,0.328084,0.1,16.84,84,8.14,470,7.73,179.9,3.1,49.3,NA,NA,NA,NA,NA,NA,NA,0.205191656699278,289.99
"acton","u14",2017-05-26,3.772966,1.15,14.99,88,8.87,543,7.79,182.2,4,27.1,NA,NA,NA,NA,NA,NA,NA,0.240086036864127,288.14
"acton","u12",2017-05-26,0.328084,0.1,20.11,117.2,10.63,445,8.49,155.09,7.5,26,NA,NA,NA,NA,NA,NA,NA,0.193347102458843,293.26
"acton","u12",2017-05-26,3.1,0.944879969763841,19.51,114.9,10.52,442,8.45,158.6,21.7,26.9,NA,NA,NA,NA,NA,NA,NA,0.19192961524157,292.66
"acton","u12",2017-05-26,6.1,1.85927994050304,18.77,100.4,9.28,439,8.37,162,16.4,30,NA,NA,NA,NA,NA,NA,NA,0.190512972498607,291.92
"acton","u12",2017-05-26,9.2,2.80415991026688,17.36,80.7,7.7,419,8.21,167.8,12.2,43.8,NA,NA,NA,NA,NA,NA,NA,0.181090664465463,290.51
"acton","u12",2017-05-26,12.2,3.71855988100608,16.5,74.7,7.28,382,8.1,168.9,9.8,68.1,NA,NA,NA,NA,NA,NA,NA,0.163764654862248,289.65
"acton","u12",2017-05-26,15.2,4.63295985174528,16.06,64.9,6.37,401,8.01,169.7,8.9,53.1,NA,NA,NA,NA,NA,NA,NA,0.172644241286011,289.21
"acton","u12",2017-05-26,18,5.48639982443521,15.05,45.1,4.48,412,7.92,171.1,6.1,36.1,NA,NA,NA,NA,NA,NA,NA,0.177802081010624,288.2
"acton","u12",2017-05-26,21.05,6.41603979468673,13.59,26.6,2.71,457,7.8,174.2,4,8.8,NA,NA,NA,NA,NA,NA,NA,0.199025393164465,286.74
"acton","u12",2017-05-26,23,7.01039977566721,13.21,22,2.23,453,7.74,175.1,3.1,6.1,NA,NA,NA,NA,NA,NA,NA,0.19713115761644,286.36
"acton","u12",2017-05-26,25.1,7.65047975518465,12.63,13,1.32,448,7.68,177,3.7,5.6,NA,NA,NA,NA,NA,NA,NA,0.194765428955577,285.78
"acton","u12",2017-06-09,0.328084,0.1,24.72,250.4,20.83,362,8.98,142.3,12.1,7,NA,NA,NA,NA,NA,NA,NA,0.154459573427416,297.87
"acton","u12",2017-06-09,3.28084,1,24.46,262.1,21.86,360,8.91,145.4,31.3,8.7,NA,NA,NA,NA,NA,NA,NA,0.153531505453672,297.61
"acton","u12",2017-06-09,6.56168,2,21.53,131,11.4,411,8.57,153.6,16.7,6.4,NA,NA,NA,NA,NA,NA,NA,0.177332681788119,294.68
"acton","u12",2017-06-09,9.84252,3,20.8,76.2,6.78,428,8.26,156.6,12.6,7.7,NA,NA,NA,NA,NA,NA,NA,0.185325926520147,293.95
"acton","u12",2017-06-09,13.12336,4,19.48,26.3,2.37,439,8.04,158.6,10,7.2,NA,NA,NA,NA,NA,NA,NA,0.190512972498607,292.63
"acton","u12",2017-06-09,16.4042,5,16.41,9.8,0.92,436,7.89,156.8,8.4,9.1,NA,NA,NA,NA,NA,NA,NA,0.189097179492666,289.56
"acton","u12",2017-06-09,19.68504,6,15.15,7.3,0.72,436,7.79,152.1,7.8,12.1,NA,NA,NA,NA,NA,NA,NA,0.189097179492666,288.3
"acton","u12",2017-06-09,22.96588,7,14.23,6,0.61,438,7.59,142.1,8.7,9.9,NA,NA,NA,NA,NA,NA,NA,0.190040946819534,287.38
"acton","u12",2017-06-09,26.24672,8,13.57,5.5,0.57,445,7.61,95,8.2,12.3,NA,NA,NA,NA,NA,NA,NA,0.193347102458843,286.72
"acton","u14",2017-06-09,0.328084,0.1,23.36,177.2,15.11,418,8.72,120.3,17.8,19.7,NA,NA,NA,NA,NA,NA,NA,0.18062056954785,296.51
"acton","u14",2017-06-09,3.28084,1,23.26,178.7,15.26,417,8.76,125.1,23.7,22.8,NA,NA,NA,NA,NA,NA,NA,0.180150573362383,296.41
"acton","u14",2017-06-26,0.347,0.105765596615501,21.59,90.4,7.96,424,7.87,170.1,2.2,25.1,NA,NA,NA,NA,NA,NA,NA,0.183442612545825,294.74
"acton","u14",2017-06-26,3,0.914399970739201,20.45,90.7,8.07,488,7.97,169.5,3.8,27.5,NA,NA,NA,NA,NA,NA,NA,0.213754236242252,293.6
"acton","u12",2017-06-26,0.356,0.108508796527719,22.77,91.8,7.91,375,8.11,184,4.1,24.1,NA,NA,NA,NA,NA,NA,NA,0.160502891640781,295.92
"acton","u12",2017-06-26,23.3,7.10183977274113,14.24,6.2,0.64,481,7.81,195.8,5.5,6.5,NA,NA,NA,NA,NA,NA,NA,0.210420991259715,287.39
"acton","u12",2017-06-26,3.28084,1,22.73,89,7.67,375,8.16,173.7,7.1,25.1,NA,NA,NA,NA,NA,NA,NA,0.160502891640781,295.88
"acton","u12",2017-06-26,6.56168,2,22.56,86.9,7.52,375,8.18,174.4,7.8,24.9,NA,NA,NA,NA,NA,NA,NA,0.160502891640781,295.71
"acton","u12",2017-06-26,9.84252,3,22.46,84.1,7.28,375,8.17,175.4,6.5,25,NA,NA,NA,NA,NA,NA,NA,0.160502891640781,295.61
"acton","u12",2017-06-26,13.12336,4,22.45,83.5,7.23,376,8.17,176.5,7.6,24.7,NA,NA,NA,NA,NA,NA,NA,0.160968532889408,295.6
"acton","u12",2017-06-26,16.4042,5,22.45,83.7,7.25,375,8.16,177.6,6.4,24.8,NA,NA,NA,NA,NA,NA,NA,0.160502891640781,295.6
"acton","u12",2017-06-26,19.68504,6,15.05,5.8,0.59,469,7.76,194.5,3.6,6,NA,NA,NA,NA,NA,NA,NA,0.204716791545816,288.2
"acton","u12",2017-06-26,22.96588,7,14.55,5.1,0.52,473,7.71,193.7,3.6,6.3,NA,NA,NA,NA,NA,NA,NA,0.206616783776222,287.7
"acton","u14",2017-07-10,0.396,0.120700796137575,24.56,148.7,12.38,389,8.39,134.6,16.1,43.7,NA,NA,NA,NA,NA,NA,NA,0.167031670441462,297.71
"acton","u14",2017-07-10,1.345,0.409955986881408,24.52,149.5,12.44,389,8.46,142.4,17.1,44.4,NA,NA,NA,NA,NA,NA,NA,0.167031670441462,297.67
"acton","u17",2017-07-10,0.38,0.115823996293632,24.91,146.9,12.13,390,8.63,141.6,13.9,19,NA,NA,NA,NA,NA,NA,NA,0.167498810647736,298.06
"acton","u17",2017-07-10,7.63,2.32562392558003,24.79,147.1,12.18,383,8.59,162.6,17.9,21,NA,NA,NA,NA,NA,NA,NA,0.164231051845914,297.94
"acton","u06",2017-07-10,0.386,0.117652796235111,24.52,143.5,11.95,387,8.63,154.1,12.2,53.1,NA,NA,NA,NA,NA,NA,NA,0.166097706551744,297.67
"acton","u06",2017-07-10,4.135,1.26034795966887,22.32,118.8,10.3,346,8.53,164.7,10.3,98.6,NA,NA,NA,NA,NA,NA,NA,0.147047832839893,295.47
"acton","u09",2017-07-10,0.37,0.112775996391168,23.94,137.1,11.52,395,8.75,155.5,15.9,54.9,NA,NA,NA,NA,NA,NA,NA,0.169836084464621,297.09
"acton","u09",2017-07-10,3.1,0.944879969763841,23.51,131.1,11.12,387,8.71,160.4,13.6,61.1,NA,NA,NA,NA,NA,NA,NA,0.166097706551744,296.66
"acton","u05",2017-07-10,0.576,0.175564794381927,26.1,146.3,11.97,409,8.75,159.2,9.4,29.5,NA,NA,NA,NA,NA,NA,NA,0.17639418436097,299.25
"acton","u05",2017-07-10,9.3,2.83463990929152,22.49,97.7,8.49,404,8.58,169.3,10.2,87.8,NA,NA,NA,NA,NA,NA,NA,0.174049707213218,295.64
"acton","u16",2017-07-10,0.328084,0.1,25.2,149.6,12.32,388,8.8,165.2,16.1,21.3,NA,NA,NA,NA,NA,NA,NA,0.166564635660188,298.35
"acton","u13",2017-07-10,0.328084,0.1,25.26,148.9,12.26,378,8.81,160.3,17.2,19.5,NA,NA,NA,NA,NA,NA,NA,0.161900141358518,298.41
"acton","u01",2017-07-10,0.328084,0.1,25.01,143.4,11.86,377,8.81,154.3,19.1,23.1,NA,NA,NA,NA,NA,NA,NA,0.161434282883038,298.16
"acton","u18",2017-07-10,0.328084,0.1,24.91,149.6,12.39,370,8.8,165.6,20.2,20.6,NA,NA,NA,NA,NA,NA,NA,0.158176325877598,298.06
"acton","u07",2017-07-10,0.328084,0.1,25.45,152.6,12.49,378,8.75,170.4,18.7,36.3,NA,NA,NA,NA,NA,NA,NA,0.161900141358518,298.6
"acton","u11",2017-07-10,0.328084,0.1,26.15,185,14.99,370,8.92,164.6,24.2,15.9,NA,NA,NA,NA,NA,NA,NA,0.158176325877598,299.3
"acton","u15",2017-07-10,0.328084,0.1,25.59,170.8,13.96,375,8.84,152.9,18.7,15.9,NA,NA,NA,NA,NA,NA,NA,0.160502891640781,298.74
"acton","u08",2017-07-10,0.328084,0.1,26.12,186.6,15.11,370,8.83,162.5,18.6,15.7,NA,NA,NA,NA,NA,NA,NA,0.158176325877598,299.27
"acton","u04",2017-07-10,0.328084,0.1,24.69,140.6,11.67,378,8.79,159.1,13.9,20.6,NA,NA,NA,NA,NA,NA,NA,0.161900141358518,297.84
"acton","u12",2017-07-10,0.328084,0.1,25.51,172.1,14.1,372,8.94,156.3,20.5,17.6,NA,NA,NA,NA,NA,NA,NA,0.159106623016652,298.66
"acton","u12",2017-07-10,3.28084,1,23.63,109.8,9.22,387,8.54,176.5,14,31.3,NA,NA,NA,NA,NA,NA,NA,0.166097706551744,296.78
"acton","u12",2017-07-10,6.56168,2,21.88,57.6,5.02,377,8.28,182.1,5.7,26.9,NA,NA,NA,NA,NA,NA,NA,0.161434282883038,295.03
"acton","u12",2017-07-10,9.84252,3,20.67,41.2,3.68,301,8.18,183.6,4.5,38.6,NA,NA,NA,NA,NA,NA,NA,0.1263677584731,293.82
"acton","u12",2017-07-10,13.12336,4,20.52,1.92,21.4,347,7.99,186.3,4.1,33,NA,NA,NA,NA,NA,NA,NA,0.147510199632036,293.67
"acton","u12",2017-07-10,16.4042,5,19.85,1.41,16.2,351,7.93,188.1,3.9,29.8,NA,NA,NA,NA,NA,NA,NA,0.14936083379905,293
"acton","u12",2017-07-10,19.68504,6,18.46,0.54,5.8,467,7.81,193.5,4.3,16.5,NA,NA,NA,NA,NA,NA,NA,0.203767328081357,291.61
"acton","u12",2017-07-10,22.96588,7,16.6,0.49,5,489,7.76,194.3,4.9,12.7,NA,NA,NA,NA,NA,NA,NA,0.214230758296763,289.75
"acton","u12",2017-07-10,26.24672,8,15.66,0.47,4.8,499,7.72,183.6,4.5,10.5,NA,NA,NA,NA,NA,NA,NA,0.219000658961618,288.81
"acton","u12",2017-07-14,0.328084,0.1,27.31,220.1,17.43,336,8.92,138.2,19.5,9.4,NA,NA,NA,NA,NA,NA,NA,0.142430668948579,300.46
"acton","u12",2017-07-14,3.28084,1,26.3,213.8,17.2,353,8.93,141.7,22.2,10.1,NA,NA,NA,NA,NA,NA,NA,0.150286846828145,299.45
"acton","u12",2017-07-14,6.56168,2,24.87,144,11.87,366,8.74,149.1,19.2,8.2,NA,NA,NA,NA,NA,NA,NA,0.156317058021219,298.02
"acton","u12",2017-07-14,9.84252,3,22.11,48.5,4.2,372,8.33,161.4,6.7,7.8,NA,NA,NA,NA,NA,NA,NA,0.159106623016652,295.26
"acton","u12",2017-07-14,13.12336,4,21.28,30.9,2.73,366,7.99,173.1,4,9.6,NA,NA,NA,NA,NA,NA,NA,0.156317058021219,294.43
"acton","u12",2017-07-14,16.4042,5,20.6,14.7,1.32,372,7.82,176.7,4.3,9.7,NA,NA,NA,NA,NA,NA,NA,0.159106623016652,293.75
"acton","u12",2017-07-14,19.68504,6,18.71,6,0.56,417,7.72,181.2,4.6,13,NA,NA,NA,NA,NA,NA,NA,0.180150573362383,291.86
"acton","u12",2017-07-14,22.96588,7,17,5.3,0.51,470,7.64,182.6,4.2,11.9,NA,NA,NA,NA,NA,NA,NA,0.205191656699278,290.15
"acton","u12",2017-07-14,26.24672,8,16.17,5,0.49,482,7.6,134.8,4.3,10.3,NA,NA,NA,NA,NA,NA,NA,0.210896909829401,289.32
"acton","u14",2017-07-14,0.328084,0.1,26.74,179.5,14.32,414,8.54,138.8,11,16.2,NA,NA,NA,NA,NA,NA,NA,0.178741179363399,299.89
"acton","u14",2017-07-14,3.28084,1,24.56,96.4,7.84,457,8.11,155.5,15,67.4,NA,NA,NA,NA,NA,NA,NA,0.199025393164465,297.71
"acton","u12",2017-07-26,0.328084,0.1,27.64,175.7,13.81,380,8.4,163.2,7.9,8.1,NA,NA,NA,NA,NA,NA,NA,0.16283218270906,300.79
"acton","u12",2017-07-26,3.28084,1,25.79,191.6,15.59,374,8.5,165.6,27.6,11.9,NA,NA,NA,NA,NA,NA,NA,0.160037359401654,298.94
"acton","u12",2017-07-26,6.56168,2,25.33,145.4,11.93,381,8.35,172.1,22.9,11.3,NA,NA,NA,NA,NA,NA,NA,0.16329836506443,298.48
"acton","u12",2017-07-26,9.84252,3,25.07,74.6,6.19,422,8.09,179.5,16.3,12.5,NA,NA,NA,NA,NA,NA,NA,0.182501539466346,298.22
"acton","u12",2017-07-26,13.12336,4,23.43,9.4,0.78,404,7.84,184.2,9.6,9.1,NA,NA,NA,NA,NA,NA,NA,0.174049707213218,296.58
"acton","u12",2017-07-26,16.4042,5,20.84,6.6,0.57,392,7.61,193.1,7.4,16.4,NA,NA,NA,NA,NA,NA,NA,0.168433406350032,293.99
"acton","u12",2017-07-26,19.68504,6,19.14,5.6,0.51,411,7.34,193.9,6.7,15.6,NA,NA,NA,NA,NA,NA,NA,0.177332681788119,292.29
"acton","u12",2017-07-26,22.96588,7,17.69,5.3,0.5,446,7.43,195.8,6.8,13.4,NA,NA,NA,NA,NA,NA,NA,0.193819784959088,290.84
"acton","u14",2017-07-26,0.328084,0.1,28.54,225,17.5,364,8.79,25.4,11.4,19.6,NA,NA,NA,NA,NA,NA,NA,0.155388091702438,301.69
"acton","u14",2017-07-26,3.28084,1,26.85,224.6,17.87,381,8.66,50.1,16.6,30.7,NA,NA,NA,NA,NA,NA,NA,0.16329836506443,300
"acton","u12",2017-08-09,0.328084,0.1,25.91,178.7,14.47,359,8.88,216.3,11.9,8.8,NA,NA,NA,NA,NA,NA,NA,0.153067641041799,299.06
"acton","u12",2017-08-09,3.28084,1,24.98,186.3,15.34,354,8.89,236.9,24.9,8.9,NA,NA,NA,NA,NA,NA,NA,0.150750026277273,298.13
"acton","u12",2017-08-09,6.56168,2,24.64,126.2,10.67,374,8.32,257,20,7.7,NA,NA,NA,NA,NA,NA,NA,0.160037359401654,297.79
"acton","u12",2017-08-09,9.84252,3,24.1,57.2,4.84,388,7.92,250.5,15,8.1,NA,NA,NA,NA,NA,NA,NA,0.166564635660188,297.25
"acton","u12",2017-08-09,13.12336,4,23.88,22.2,1.94,392,7.65,258,12.4,8.3,NA,NA,NA,NA,NA,NA,NA,0.168433406350032,297.03
"acton","u12",2017-08-09,16.4042,5,23.33,5.6,0.48,396,7.55,242.6,10.5,8.2,NA,NA,NA,NA,NA,NA,NA,0.170303852083893,296.48
"acton","u12",2017-08-09,19.68504,6,19.57,5,0.46,424,7.38,189.2,8,6.2,NA,NA,NA,NA,NA,NA,NA,0.183442612545825,292.72
"acton","u12",2017-08-09,22.96588,7,17.71,4.6,0.44,459,7.31,-190.1,8.6,6.5,NA,NA,NA,NA,NA,NA,NA,0.199973057768163,290.86
"acton","u12",2017-08-09,26.24672,8,16.7,4.4,0.43,509,7.24,-249.5,8.5,11.3,NA,NA,NA,NA,NA,NA,NA,0.223778960283548,289.85
"acton","u14",2017-08-09,0.328084,0.1,25.68,183.8,15.01,372,8.89,198.8,24.6,17.3,NA,NA,NA,NA,NA,NA,NA,0.159106623016652,298.83
"acton","u14",2017-08-09,3.28084,1,23.77,160.2,13.54,394,8.67,216.3,27.7,26.4,NA,NA,NA,NA,NA,NA,NA,0.169368420808577,296.92
"acton","u12",2017-08-24,0.328084,0.1,26.48,123.4,9.94,316,8.79,138.6,19.2,9.4,NA,NA,NA,NA,NA,NA,NA,0.13323283113805,299.63
"acton","u12",2017-08-24,3.28084,1,26.3,111.4,8.97,317,8.67,159.2,24.4,9.6,NA,NA,NA,NA,NA,NA,NA,0.133691536165656,299.45
"acton","u12",2017-08-24,6.56168,2,26.26,107,8.63,317,8.63,162.8,24,9.5,NA,NA,NA,NA,NA,NA,NA,0.133691536165656,299.41
"acton","u12",2017-08-24,9.84252,3,26.2,98,7.9,316,8.55,171.5,24.1,9.6,NA,NA,NA,NA,NA,NA,NA,0.13323283113805,299.35
"acton","u12",2017-08-24,13.12336,4,26,82.5,6.71,324,8.34,178.1,22.3,10.4,NA,NA,NA,NA,NA,NA,NA,0.136906008946004,299.15
"acton","u12",2017-08-24,16.4042,5,23.73,6.5,0.55,375,7.53,155,7.8,6.9,NA,NA,NA,NA,NA,NA,NA,0.160502891640781,296.88
"acton","u12",2017-08-24,19.68504,6,20.9,5.4,0.48,411,7.32,-58,9.2,15.2,NA,NA,NA,NA,NA,NA,NA,0.177332681788119,294.05
"acton","u12",2017-08-24,22.96588,7,18.76,4.8,0.44,456,7.24,-182.3,10.2,13,NA,NA,NA,NA,NA,NA,NA,0.198551697296665,291.91
"acton","u12",2017-08-24,26.24672,8,17.55,4.5,0.43,484,7.17,-214,17.3,19,NA,NA,NA,NA,NA,NA,NA,0.211849006905544,290.7
"acton","u14",2017-08-24,0.328084,0.1,25.86,109.1,8.86,327,8.47,96.6,23.1,35.6,NA,NA,NA,NA,NA,NA,NA,0.138285515637239,299.01
"acton","u14",2017-08-24,3.28084,1,24.99,77.5,6.41,325,8.19,119.1,26.9,50.1,NA,NA,NA,NA,NA,NA,NA,0.137365720415831,298.14
"acton","u14",2017-08-31,0.328084,0.1,24.08,146.5,12.31,310,8.85,120.5,38.8,23.5,NA,NA,NA,NA,NA,NA,NA,0.130483290054978,297.23
"acton","u14",2017-08-31,3.28084,1,23.66,120.8,10.21,312,8.36,132.4,31.3,36.8,NA,NA,NA,NA,NA,NA,NA,0.131399289056872,296.81
"acton","u17",2017-08-31,0.328084,0.1,25.11,168.3,13.89,312,9.02,97.6,25.9,9.9,NA,NA,NA,NA,NA,NA,NA,0.131399289056872,298.26
"acton","u06",2017-08-31,0.328084,0.1,24.78,159.5,13.24,313,8.98,105.2,33.9,13.6,NA,NA,NA,NA,NA,NA,NA,0.131857482130316,297.93
"acton","u09",2017-08-31,0.328084,0.1,25.28,157,12.91,314,8.97,124.4,22.9,12.5,NA,NA,NA,NA,NA,NA,NA,0.132315803750278,298.43
"acton","u05",2017-08-31,0.328084,0.1,25.31,172.6,14.17,310,9.07,113.8,27.7,9.7,NA,NA,NA,NA,NA,NA,NA,0.130483290054978,298.46
"acton","u16",2017-08-31,0.328084,0.1,25.57,185.9,15.19,309,9.13,100.8,24.7,9.7,NA,NA,NA,NA,NA,NA,NA,0.130025484885045,298.72
"acton","u13",2017-08-31,0.328084,0.1,25.44,155.9,12.77,316,8.98,111.9,18,8.8,NA,NA,NA,NA,NA,NA,NA,0.13323283113805,298.59
"acton","u01",2017-08-31,0.328084,0.1,25.61,181.3,14.84,312,8.97,135.1,28.9,10,NA,NA,NA,NA,NA,NA,NA,0.131399289056872,298.76
"acton","u18",2017-08-31,0.328084,0.1,26.1,128,10.39,319,8.83,141.5,26.4,8.8,NA,NA,NA,NA,NA,NA,NA,0.134609327054522,299.25
"acton","u07",2017-08-31,0.328084,0.1,25.22,139.9,11.48,319,8.88,146.1,29.1,21.1,NA,NA,NA,NA,NA,NA,NA,0.134609327054522,298.37
"acton","u11",2017-08-31,0.328084,0.1,26.35,157.4,12.71,316,9.01,131.1,20.5,8.1,NA,NA,NA,NA,NA,NA,NA,0.13323283113805,299.5
"acton","u15",2017-08-31,0.328084,0.1,27,261.2,20.9,298,9.4,119.8,45.8,13.3,NA,NA,NA,NA,NA,NA,NA,0.124998298152699,300.15
"acton","u08",2017-08-31,0.328084,0.1,27.12,233.5,18.57,304,9.29,118.6,17,10.6,NA,NA,NA,NA,NA,NA,NA,0.12773841772851,300.27
"acton","u04",2017-08-31,0.328084,0.1,26.86,239.5,19.08,303,9.31,128.4,27.3,11.7,NA,NA,NA,NA,NA,NA,NA,0.12728139876578,300.01
"acton","u12",2017-08-31,0.328084,0.1,27.04,225.8,18.02,305,9.27,130.9,20,10.4,NA,NA,NA,NA,NA,NA,NA,0.128195568704823,300.19
"acton","u12",2017-08-31,3.28084,1,25.7,190.6,15.6,310,9.1,145.8,40.8,10.8,NA,NA,NA,NA,NA,NA,NA,0.130483290054978,298.85
"acton","u12",2017-08-31,6.56168,2,24.8,101.3,8.12,317,8.64,180.5,24.4,8.8,NA,NA,NA,NA,NA,NA,NA,0.133691536165656,297.95
"acton","u12",2017-08-31,9.84252,3,24.1,33.4,2.8,330,7.87,203.1,15.6,8,NA,NA,NA,NA,NA,NA,NA,0.139666133990016,297.25
"acton","u12",2017-08-31,13.12336,4,23.89,71.5,0.62,338,7.65,208.9,61.1,12.4,NA,NA,NA,NA,NA,NA,NA,0.143353148084811,297.04
"acton","u12",2017-08-31,16.4042,5,23.53,0.55,6.6,350,7.54,210.2,12.1,17.9,NA,NA,NA,NA,NA,NA,NA,0.148898000817662,296.68
"acton","u12",2017-08-31,19.68504,6,21.16,0.55,5.7,418,7.24,-105.9,9.5,15.5,NA,NA,NA,NA,NA,NA,NA,0.18062056954785,294.31
"acton","u12",2017-08-31,22.96588,7,18.7,0.47,5.1,462,7.13,-147.7,8.6,13.4,NA,NA,NA,NA,NA,NA,NA,0.201395234135829,291.85
"acton","u12",2017-09-15,0.328084,0.1,20.79,92.1,8.24,343,8.36,154.6,27.1,7.4,NA,NA,NA,NA,NA,NA,NA,0.145661437590885,293.94
"acton","u12",2017-09-15,3.28084,1,20.42,72.6,6.54,344,8.13,163.9,33,7.5,NA,NA,NA,NA,NA,NA,NA,0.146123451508309,293.57
"acton","u12",2017-09-15,6.56168,2,20.35,58,5.22,345,7.92,172.4,26.1,8,NA,NA,NA,NA,NA,NA,NA,0.146585583361935,293.5
"acton","u12",2017-09-15,9.84252,3,20.34,47.7,4.3,346,7.84,178,24.6,7.7,NA,NA,NA,NA,NA,NA,NA,0.147047832839893,293.49
"acton","u12",2017-09-15,13.12336,4,20.32,48.3,4.37,346,7.84,179.1,25.7,7.7,NA,NA,NA,NA,NA,NA,NA,0.147047832839893,293.47
"acton","u12",2017-09-15,16.4042,5,20.29,50.5,4.55,345,7.89,180.4,24.6,10,NA,NA,NA,NA,NA,NA,NA,0.146585583361935,293.44
"acton","u12",2017-09-15,19.68504,6,20.19,34.4,3.09,349,7.75,185.8,23.3,17.5,NA,NA,NA,NA,NA,NA,NA,0.148435283926823,293.34
"acton","u12",2017-09-15,22.96588,7,20,15.2,1.44,364,7.52,2.2,22.4,20.5,NA,NA,NA,NA,NA,NA,NA,0.155388091702438,293.15
"acton","u14",2017-09-15,0.328084,0.1,22.75,182,15.66,333,9.1,142.7,26.8,11.4,NA,NA,NA,NA,NA,NA,NA,0.141047854781694,295.9
"acton","u14",2017-09-15,3.28084,1,21.05,156.9,13.95,345,9,150.8,42.8,16.6,NA,NA,NA,NA,NA,NA,NA,0.146585583361935,294.2
"acton","u12",2017-09-21,0.328084,0.1,24.5,191.3,15.97,292,9.15,103.7,32.7,8.5,NA,NA,NA,NA,NA,NA,NA,0.122263018553219,297.65
"acton","u12",2017-09-21,3.28084,1,22.99,157.3,13.45,298,8.97,117.7,38.6,8.6,NA,NA,NA,NA,NA,NA,NA,0.124998298152699,296.14
"acton","u12",2017-09-21,6.56168,2,22.19,106.4,9.3,310,8.67,133.4,37.3,7.3,NA,NA,NA,NA,NA,NA,NA,0.130483290054978,295.34
"acton","u12",2017-09-21,9.84252,3,20.92,8.3,0.74,337,7.95,152.3,24.1,6.2,NA,NA,NA,NA,NA,NA,NA,0.142891848432287,294.07
"acton","u12",2017-09-21,13.12336,4,20.33,6.6,0.6,342,7.65,43,15.5,5.7,NA,NA,NA,NA,NA,NA,NA,0.145199541923274,293.48
"acton","u12",2017-09-21,16.4042,5,20.2,5.7,0.52,342,7.61,-13,13.2,7.1,NA,NA,NA,NA,NA,NA,NA,0.145199541923274,293.35
"acton","u12",2017-09-21,19.68504,6,20.1,5.4,0.49,345,7.56,-14.9,13.9,8.9,NA,NA,NA,NA,NA,NA,NA,0.146585583361935,293.25
"acton","u12",2017-09-21,22.96588,7,19.84,5.4,0.49,355,7.51,-11.2,12.3,11.9,NA,NA,NA,NA,NA,NA,NA,0.151213320619765,292.99
"acton","u14",2017-09-21,0.328084,0.1,26.49,212.5,17.11,293,9.22,73.9,36.2,23.4,NA,NA,NA,NA,NA,NA,NA,0.122718558573762,299.64
"acton","u14",2017-09-21,3.28084,1,23.06,152,12.82,299,8.87,122.5,36.1,20.3,NA,NA,NA,NA,NA,NA,NA,0.125454651036149,296.21
"acton","u14",2017-10-04,0.328084,0.1,21.78,115,10.14,326,8.79,143.3,38.7,18.2,NA,NA,NA,NA,NA,NA,NA,0.137825556095445,294.93
"acton","u17",2017-10-04,0.328084,0.1,21.56,126.4,11.15,324,8.85,141.4,37,11,NA,NA,NA,NA,NA,NA,NA,0.136906008946004,294.71
"acton","u06",2017-10-04,0.328084,0.1,21.71,124.6,10.89,329,8.86,144.6,41.5,23,NA,NA,NA,NA,NA,NA,NA,0.139205804927085,294.86
"acton","u09",2017-10-04,0.328084,0.1,21.75,132,11.6,325,8.95,144.8,45.9,18.4,NA,NA,NA,NA,NA,NA,NA,0.137365720415831,294.9
"acton","u05",2017-10-04,0.328084,0.1,21.77,128.7,11.37,325,8.91,148.7,43.6,17.2,NA,NA,NA,NA,NA,NA,NA,0.137365720415831,294.92
"acton","u16",2017-10-04,0.328084,0.1,21.23,114.4,10.49,326,8.79,151.7,37.4,9.1,NA,NA,NA,NA,NA,NA,NA,0.137825556095445,294.38
"acton","u13",2017-10-04,0.328084,0.1,21.5,133.7,11.78,323,8.91,145.9,33.3,8.6,NA,NA,NA,NA,NA,NA,NA,0.13644642203562,294.65
"acton","u01",2017-10-04,0.328084,0.1,21.56,134.1,11.83,324,8.9,136.3,27.2,7.2,NA,NA,NA,NA,NA,NA,NA,0.136906008946004,294.71
"acton","u18",2017-10-04,0.328084,0.1,21.57,132.3,11.66,324,8.89,153.3,26.3,6.4,NA,NA,NA,NA,NA,NA,NA,0.136906008946004,294.72
"acton","u07",2017-10-04,0.328084,0.1,22,139.5,12.22,324,8.93,148,30.2,7.8,NA,NA,NA,NA,NA,NA,NA,0.136906008946004,295.15
"acton","u11",2017-10-04,0.328084,0.1,21.93,144.3,12.63,322,8.96,137.2,23.1,7.7,NA,NA,NA,NA,NA,NA,NA,0.135986960036408,295.08
"acton","u15",2017-10-04,0.328084,0.1,21.82,142.3,12.5,322,8.99,143.5,27.1,9.3,NA,NA,NA,NA,NA,NA,NA,0.135986960036408,294.97
"acton","u08",2017-10-04,0.328084,0.1,21.52,124.4,10.95,324,8.86,150.9,30.3,8,NA,NA,NA,NA,NA,NA,NA,0.136906008946004,294.67
"acton","u04",2017-10-04,0.328084,0.1,21.78,141.8,12.46,322,8.96,90.2,27.4,7.3,NA,NA,NA,NA,NA,NA,NA,0.135986960036408,294.93
"acton","u12",2017-10-04,0.328084,0.1,21.6,127.6,11.23,324,8.88,154.4,27.2,8.7,NA,NA,NA,NA,NA,NA,NA,0.136906008946004,294.75
"acton","u12",2017-10-04,3.28084,1,21.56,127.6,11.25,324,8.88,157.4,35.2,8.3,NA,NA,NA,NA,NA,NA,NA,0.136906008946004,294.71
"acton","u12",2017-10-04,6.56168,2,21.32,117.4,10.4,325,8.81,162.5,35.1,8.3,NA,NA,NA,NA,NA,NA,NA,0.137365720415831,294.47
"acton","u12",2017-10-04,9.84252,3,20.6,73.2,6.56,331,8.42,174.4,29,6.5,NA,NA,NA,NA,NA,NA,NA,0.140126585544851,293.75
"acton","u12",2017-10-04,13.12336,4,20.32,45.2,4.04,335,7.49,191.4,24.2,6.9,NA,NA,NA,NA,NA,NA,NA,0.141969609959889,293.47
"acton","u12",2017-10-04,16.4042,5,20.1,17,1.55,341,7.71,199.5,18,8.3,NA,NA,NA,NA,NA,NA,NA,0.144737764820837,293.25
"acton","u12",2017-10-04,19.68504,6,20.02,9.5,0.85,343,7.64,201.3,16.1,8.5,NA,NA,NA,NA,NA,NA,NA,0.145661437590885,293.17
"acton","u12",2017-10-04,22.96588,7,18.85,5.4,0.49,362,7.48,98.2,12.6,11.5,NA,NA,NA,NA,NA,NA,NA,0.154459573427416,292
"acton","u12",2017-10-20,0.328084,0.1,18.5,79.6,7.46,345,8.09,52.9,15.8,7.2,NA,NA,NA,NA,NA,NA,NA,0.146585583361935,291.65
"acton","u12",2017-10-20,3.28084,1,17.99,77,7.27,345,8.06,59.5,19.5,6.8,NA,NA,NA,NA,NA,NA,NA,0.146585583361935,291.14
"acton","u12",2017-10-20,6.56168,2,17.93,70.1,6.67,346,8,64.5,15.5,7.3,NA,NA,NA,NA,NA,NA,NA,0.147047832839893,291.08
"acton","u12",2017-10-20,9.84252,3,17.91,65,6.16,346,7.97,68.4,14.7,8.1,NA,NA,NA,NA,NA,NA,NA,0.147047832839893,291.06
"acton","u12",2017-10-20,13.12336,4,17.9,63.4,6.02,346,7.95,71.1,14.6,7.8,NA,NA,NA,NA,NA,NA,NA,0.147047832839893,291.05
"acton","u12",2017-10-20,16.4042,5,17.89,61,5.78,346,7.92,75,13.9,8.9,NA,NA,NA,NA,NA,NA,NA,0.147047832839893,291.04
"acton","u12",2017-10-20,19.68504,6,17.88,60,5.7,346,7.92,77.3,13.7,11.7,NA,NA,NA,NA,NA,NA,NA,0.147047832839893,291.03
"acton","u12",2017-10-20,22.96588,7,17.86,62,5.88,346,7.92,78.7,13,13.1,NA,NA,NA,NA,NA,NA,NA,0.147047832839893,291.01
"acton","u14",2017-10-20,0.328084,0.1,19.33,192.6,17.74,334,9.05,30,64.4,12,NA,NA,NA,NA,NA,NA,NA,0.14150867179428,292.48
"acton","u14",2017-10-20,3.28084,1,17.01,107.3,10.37,382,8.43,57,20.6,24.6,NA,NA,NA,NA,NA,NA,NA,0.163764654862248,290.16
"acton","u12",2017-10-31,0.328084,0.1,12.34,76.2,8.14,354,8.01,27.2,17.3,4.2,NA,NA,NA,NA,NA,NA,NA,0.150750026277273,285.49
"acton","u12",2017-10-31,6.56168,2,12.35,74.5,7.97,354,8.01,40.9,15.9,4.2,NA,NA,NA,NA,NA,NA,NA,0.150750026277273,285.5
"acton","u12",2017-10-31,13.12336,4,12.35,73.4,7.82,355,8.01,50.1,16.3,4.3,NA,NA,NA,NA,NA,NA,NA,0.151213320619765,285.5
"acton","u12",2017-10-31,19.68504,6,11.94,66.4,7.18,378,7.89,59.1,14.6,6.1,NA,NA,NA,NA,NA,NA,NA,0.161900141358518,285.09
"acton","u12",2017-10-31,22.96588,7,11.6,64.9,7.04,393,7.89,63.7,13.1,5.9,NA,NA,NA,NA,NA,NA,NA,0.168900861356433,284.75
"acton","u14",2017-10-31,0.328084,0.1,10.04,86.9,9.81,386,8.2,66.3,9,2.3,NA,NA,NA,NA,NA,NA,NA,0.165630883365184,283.19
"acton","u14",2017-10-31,2.46063,0.75,10.04,86.1,9.7,386,8.21,63.4,16.5,2.2,NA,NA,NA,NA,NA,NA,NA,0.165630883365184,283.19
"acton","u14",2017-10-31,4.265092,1.3,10.04,85.5,9.63,386,8.22,60.7,16.7,2.2,NA,NA,NA,NA,NA,NA,NA,0.165630883365184,283.19
"acton","u12",2017-11-14,22.96588,7,8.83,69.2,8.05,394,7.13,133.2,4.9,1,NA,NA,NA,NA,NA,NA,NA,0.169368420808577,281.98
"acton","u12",2017-11-14,19.68504,6,8.82,68.3,7.92,389,7.38,117.4,6,1,NA,NA,NA,NA,NA,NA,NA,0.167031670441462,281.97
"acton","u12",2017-11-14,13.12336,4,8.85,68.3,7.91,387,7.48,105.5,6,1.1,NA,NA,NA,NA,NA,NA,NA,0.166097706551744,282
"acton","u12",2017-11-14,6.56168,2,9.01,69,7.96,386,7.56,89,6.2,1.3,NA,NA,NA,NA,NA,NA,NA,0.165630883365184,282.16
"acton","u12",2017-11-14,0.328084,0.1,9.13,70,8.03,387,7.61,66,5,1.6,NA,NA,NA,NA,NA,NA,NA,0.166097706551744,282.28
"acton","u14",2017-11-14,0.328084,0.1,8.49,79.9,9.4,450,7.95,-19.6,4.6,0.3,NA,NA,NA,NA,NA,NA,NA,0.19571144368457,281.64
"acton","u14",2017-11-14,2.46063,0.75,8.37,80.7,9.49,459,7.84,-18.9,4.8,0,NA,NA,NA,NA,NA,NA,NA,0.199973057768163,281.52
"acton","u14",2017-11-14,4.265092,1.3,7.85,82.4,9.91,489,7.83,22.4,3.1,-1,NA,NA,NA,NA,NA,NA,NA,0.214230758296763,281
"acton","u12",2017-11-28,0.328084,0.1,6.44,71.2,8.78,446,7.72,189.1,5.1,14.4,NA,NA,NA,NA,NA,NA,NA,0.193819784959088,279.59
"acton","u12",2017-11-28,6.56168,2,6.38,70.4,8.68,446,7.74,183.7,6.9,15.1,NA,NA,NA,NA,NA,NA,NA,0.193819784959088,279.53
"acton","u12",2017-11-28,13.12336,4,6.31,69.6,8.58,446,7.75,181.5,7,14.1,NA,NA,NA,NA,NA,NA,NA,0.193819784959088,279.46
"acton","u12",2017-11-28,19.68504,6,6.27,69.5,8.55,448,7.79,176.8,6.6,14.5,NA,NA,NA,NA,NA,NA,NA,0.194765428955577,279.42
"acton","u12",2017-11-28,22.96588,7,6.28,69.8,8.6,450,7.81,171.8,6.8,14.7,NA,NA,NA,NA,NA,NA,NA,0.19571144368457,279.43
"acton","u14",2017-11-28,0.328084,0.1,6.73,81.9,10,528,8,165.7,6.5,17.8,NA,NA,NA,NA,NA,NA,NA,0.232880341353177,279.88
"acton","u14",2017-11-28,2.46063,0.75,6.71,82.2,10.04,529,7.91,162.9,5.8,18.4,NA,NA,NA,NA,NA,NA,NA,0.233360167652097,279.86
"acton","u14",2017-11-28,4.265092,1.3,6.73,82.2,10.03,527,7.88,161.8,4.4,23.3,NA,NA,NA,NA,NA,NA,NA,0.232400594836967,279.88
"acton","u12",2017-12-11,0.328084,0.1,3.79,86.2,11.37,495,7.83,136,15.2,4.4,NA,NA,NA,NA,NA,NA,NA,0.217091681983405,276.94
"acton","u12",2017-12-11,6.56168,2,3.72,85.3,11.27,495,7.71,145.4,18.3,4.5,NA,NA,NA,NA,NA,NA,NA,0.217091681983405,276.87
"acton","u12",2017-12-11,13.12336,4,3.73,86.3,11.35,495,7.67,156,17.6,4.6,NA,NA,NA,NA,NA,NA,NA,0.217091681983405,276.88
"acton","u12",2017-12-11,19.68504,6,3.76,85.1,11.23,495,7.61,180.7,16.3,4.4,NA,NA,NA,NA,NA,NA,NA,0.217091681983405,276.91
"acton","u12",2017-12-11,22.96588,7,3.76,84.7,11.1,495,7.56,208.6,15.4,5,NA,NA,NA,NA,NA,NA,NA,0.217091681983405,276.91
"acton","u14",2017-12-11,0.328084,0.1,2.69,91.6,12.38,532,7.76,171.9,9.8,4.4,NA,NA,NA,NA,NA,NA,NA,0.234800123871715,275.84
"acton","u14",2017-12-11,2.46063,0.75,2.69,90.4,12.26,532,7.76,186.3,13.4,8.7,NA,NA,NA,NA,NA,NA,NA,0.234800123871715,275.84
"acton","u14",2017-12-11,4.265092,1.3,2.68,90.6,12.28,529,7.77,197.3,13,11,NA,NA,NA,NA,NA,NA,NA,0.233360167652097,275.83
"acton","u12",2018-06-07,NA,0.1,24.35,71.2,5.95,0.387,8.1,192.2,9.2,5.6,NA,NA,NA,NA,NA,NA,NA,9.0565676563733e-05,297.5
"acton","u12",2018-06-07,NA,1,24.24,68.8,5.76,0.387,8.15,195.8,9.1,6.2,NA,NA,NA,NA,NA,NA,NA,9.0565676563733e-05,297.39
"acton","u12",2018-06-07,NA,2,24.08,64.3,5.4,0.387,8.14,197.6,11.7,6.5,NA,NA,NA,NA,NA,NA,NA,9.0565676563733e-05,297.23
"acton","u12",2018-06-07,NA,3,23.78,63.6,5.38,0.385,8.13,198.6,8.7,4.5,NA,NA,NA,NA,NA,NA,NA,9.0056658699167e-05,296.93
"acton","u12",2018-06-07,NA,4,23.04,43.7,3.75,0.404,8,203.4,8,11.4,NA,NA,NA,NA,NA,NA,NA,9.49015481112266e-05,296.19
"acton","u12",2018-06-07,NA,5,17.99,3.4,0.32,0.417,7.62,216.2,13.7,10.3,NA,NA,NA,NA,NA,NA,NA,9.82280785124865e-05,291.14
"acton","u12",2018-06-07,NA,6,14.19,2.3,0.23,0.427,7.45,216.7,9.5,6.2,NA,NA,NA,NA,NA,NA,NA,0.000100793166825117,287.34
"acton","u12",2018-06-07,NA,7,12.36,2,0.21,0.433,7.39,203.5,7.6,6.8,NA,NA,NA,NA,NA,NA,NA,0.00010233476149891,285.51
"acton","u12",2018-06-07,NA,8,11.59,NA,NA,0.456,7.32,NA,NA,NA,NA,NA,NA,NA,NA,NA,NA,0.000108261391273022,284.74
"acton","u14",2018-06-07,NA,0.1,25.98,115,9.35,0.402,8.56,198.3,10.3,12.6,NA,NA,NA,NA,NA,NA,NA,9.43906004147095e-05,299.13
"acton","u14",2018-06-07,NA,1,25.74,112.9,9.18,0.404,8.56,201.8,12.8,16.9,NA,NA,NA,NA,NA,NA,NA,9.49015481112266e-05,298.89
"acton","u12",2018-06-15,NA,0.1,27.17,231.9,19.88,0.345,9.05,149.2,18.7,4.8,NA,NA,NA,NA,NA,NA,NA,7.99265854253525e-05,300.32
"acton","u12",2018-06-15,NA,1,26.25,258,20.73,0.348,9.05,151,43.2,6.8,NA,NA,NA,NA,NA,NA,NA,8.06829092706802e-05,299.4
"acton","u12",2018-06-15,NA,2,24.92,127.9,10.56,0.39,8.63,163,33.7,8.2,NA,NA,NA,NA,NA,NA,NA,9.13296361813827e-05,298.07
"acton","u12",2018-06-15,NA,3,24.3,14.6,1.2,0.411,8.16,179.5,21.8,8.3,NA,NA,NA,NA,NA,NA,NA,9.66916078278234e-05,297.45
"acton","u12",2018-06-15,NA,4,23.11,5.5,0.46,0.415,7.8,158.1,12.7,11.6,NA,NA,NA,NA,NA,NA,NA,9.7715704541459e-05,296.26
"acton","u12",2018-06-15,NA,5,20.02,4.8,0.42,0.426,7.71,100.2,10.6,14.7,NA,NA,NA,NA,NA,NA,NA,0.00010053641851967,293.17
"acton","u12",2018-06-15,NA,6,15.4,2.5,0.24,0.451,7.37,-73.1,13.2,21.2,NA,NA,NA,NA,NA,NA,NA,0.000106970712947689,288.55
"acton","u12",2018-06-15,NA,7,12.64,1.8,0.19,0.463,7.31,-92.1,12,10.5,NA,NA,NA,NA,NA,NA,NA,0.000110070426710925,285.79
"acton","u12",2018-06-15,NA,7.9,12.35,1.7,0.17,0.473,7.55,-129.2,14.2,14.7,NA,NA,NA,NA,NA,NA,NA,0.000112658923476988,285.5
"acton","u14",2018-06-15,NA,0.1,27.72,224.3,17.53,0.38,9.06,144.6,39.5,14.4,NA,NA,NA,NA,NA,NA,NA,8.87851319536511e-05,300.87
"acton","u14",2018-06-15,NA,1,26.62,241.2,19.53,0.365,9.08,147.7,46.1,13.4,NA,NA,NA,NA,NA,NA,NA,8.49794324082695e-05,299.77
"acton","u12",2018-06-28,NA,0.1,27.13,158.7,NA,0.354,8.95,145,15.9,4.9,NA,NA,NA,NA,NA,NA,NA,8.21972705417733e-05,300.28
"acton","u12",2018-06-28,NA,1,26.34,175.4,NA,0.351,9.05,143.3,43.7,6.1,NA,NA,NA,NA,NA,NA,NA,8.14398057984038e-05,299.49
"acton","u12",2018-06-28,NA,2,25.58,182.1,NA,0.354,8.95,147.3,30.8,6.4,NA,NA,NA,NA,NA,NA,NA,8.21972705417733e-05,298.73
"acton","u12",2018-06-28,NA,3,25.26,106.4,NA,0.364,8.66,157.2,23.4,6.3,NA,NA,NA,NA,NA,NA,NA,8.47262009038913e-05,298.41
"acton","u12",2018-06-28,NA,4,23.63,18.7,NA,0.393,8.18,180,13.8,11.7,NA,NA,NA,NA,NA,NA,NA,9.20941119447505e-05,296.78
"acton","u12",2018-06-28,NA,5,19.88,4.4,NA,0.422,7.55,-129,9.1,8.8,NA,NA,NA,NA,NA,NA,NA,9.95099555486243e-05,293.03
"acton","u12",2018-06-28,NA,6,16,2.6,NA,0.448,7.31,-135.4,13.1,11.5,NA,NA,NA,NA,NA,NA,NA,0.000106196907897054,289.15
"acton","u12",2018-06-28,NA,7,13.85,2.4,NA,0.455,7.24,-148.9,16.4,9.1,NA,NA,NA,NA,NA,NA,NA,0.00010800315575498,287
"acton","u12",2018-06-28,NA,7.3,13.44,1.6,NA,0.463,7.14,-174.2,17.4,9,NA,NA,NA,NA,NA,NA,NA,0.000110070426710925,286.59
"acton","u12",2018-06-28,NA,7.6,13.01,1.7,NA,0.468,7.12,-180.8,16.1,8.1,NA,NA,NA,NA,NA,NA,NA,0.000111364068058344,286.16
"acton","u12",2018-06-28,NA,7.9,12.83,1.3,NA,0.476,7.09,-183.7,17.1,8.4,NA,NA,NA,NA,NA,NA,NA,0.000113436414600001,285.98
"acton","u14",2018-06-28,NA,0.1,28.25,171.5,NA,0.37,8.88,31.3,18.9,17.1,NA,NA,NA,NA,NA,NA,NA,8.62465007306253e-05,301.4
"acton","u14",2018-06-28,NA,1,25.01,145.2,NA,0.364,8.78,56.4,29.5,14.1,NA,NA,NA,NA,NA,NA,NA,8.47262009038913e-05,298.16
"acton","u12",2018-07-13,NA,0.1,29.51,155.7,11.83,0.325,8.96,150.8,9.7,4.7,NA,NA,NA,NA,NA,NA,NA,7.4899405081483e-05,302.66
"acton","u12",2018-07-13,NA,1,29.51,136.7,10.65,0.328,8.95,154,23.2,5.8,NA,NA,NA,NA,NA,NA,NA,7.56517912075814e-05,302.66
"acton","u12",2018-07-13,NA,2,28.17,65.9,5.08,0.341,8.57,171.3,31,5.8,NA,NA,NA,NA,NA,NA,NA,7.89190523304306e-05,301.32
"acton","u12",2018-07-13,NA,3,26.9,6.1,0.5,0.365,8.35,66.9,29.7,6.7,NA,NA,NA,NA,NA,NA,NA,8.49794324082695e-05,300.05
"acton","u12",2018-07-13,NA,4,23.69,3.7,0.31,0.406,8.37,-94.5,13.5,5.6,NA,NA,NA,NA,NA,NA,NA,9.54127179420704e-05,296.84
"acton","u12",2018-07-13,NA,5,21.3,2.7,0.24,0.434,8.38,-116.8,8.3,6.5,NA,NA,NA,NA,NA,NA,NA,0.000102591877045955,294.45
"acton","u12",2018-07-13,NA,6,16.78,11.2,1.09,0.47,8.31,-109.6,11.2,6.9,NA,NA,NA,NA,NA,NA,NA,0.000111881865198506,289.93
"acton","u12",2018-07-13,NA,7,14.88,2.1,0.22,0.48,8.31,-114.9,11.6,6.4,NA,NA,NA,NA,NA,NA,NA,0.00011447373844636,288.03
"acton","u12",2018-07-13,NA,7.9,13.66,1.5,0.16,0.506,8.17,-110.4,13.8,6.4,NA,NA,NA,NA,NA,NA,NA,0.000121234598996793,286.81
"acton","u14",2018-07-13,NA,0.1,30.61,177.7,13.88,0.332,9.14,97.8,21.4,18.7,NA,NA,NA,NA,NA,NA,NA,7.66559121034129e-05,303.76
"acton","u14",2018-07-13,NA,1,28.76,156.1,12.24,0.333,9.01,106,32.4,24.4,NA,NA,NA,NA,NA,NA,NA,7.69071088419141e-05,301.91
"acton","u14",2018-07-13,NA,1.4,28.23,125.2,9.76,0.338,8.78,116.4,33.8,30.9,NA,NA,NA,NA,NA,NA,NA,7.8164082535344e-05,301.38
"acton","u12",2018-07-25,NA,0.1,26.6,166.8,13.47,0.354,8.95,162.3,25.2,5,NA,NA,NA,NA,NA,NA,NA,8.21972705417733e-05,299.75
"acton","u12",2018-07-25,NA,1,26.24,157.8,12.85,0.355,8.96,158.2,35.5,5.6,NA,NA,NA,NA,NA,NA,NA,8.24498842981402e-05,299.39
"acton","u12",2018-07-25,NA,2,25.97,146.9,11.92,0.357,8.91,159.6,28.2,5.2,NA,NA,NA,NA,NA,NA,NA,8.29552991064527e-05,299.12
"acton","u12",2018-07-25,NA,3,25.84,143.1,11.63,0.357,8.88,160.5,28.9,4.9,NA,NA,NA,NA,NA,NA,NA,8.29552991064527e-05,298.99
"acton","u12",2018-07-25,NA,4,25.27,15.1,1.26,0.37,8.03,197.1,18.8,4.7,NA,NA,NA,NA,NA,NA,NA,8.62465007306253e-05,298.42
"acton","u12",2018-07-25,NA,5,22.6,3.5,0.3,0.416,8.76,-119.2,11.7,11.5,NA,NA,NA,NA,NA,NA,NA,9.7971864491831e-05,295.75
"acton","u12",2018-07-25,NA,6,20.69,3.6,0.32,0.461,8.66,-117.3,11.7,11.3,NA,NA,NA,NA,NA,NA,NA,0.000109553312781428,293.84
"acton","u12",2018-07-25,NA,7,15.41,1.9,0.19,0.513,7.38,-154.5,10.4,7.8,NA,NA,NA,NA,NA,NA,NA,0.000123060115354088,288.56
"acton","u12",2018-07-25,NA,7.9,13.95,1.5,0.17,0.543,7.27,-156.9,15.7,10,NA,NA,NA,NA,NA,NA,NA,0.000130908215492616,287.1
"acton","u14",2018-07-25,NA,0.1,26.74,113.9,9.1,0.382,8.3,63.5,20.2,25.5,NA,NA,NA,NA,NA,NA,NA,8.92935674593754e-05,299.89
"acton","u14",2018-07-25,NA,1,25.92,118.8,9.65,0.369,8.43,70.3,28.2,21.2,NA,NA,NA,NA,NA,NA,NA,8.59929661283437e-05,299.07
"acton","u12",2018-08-09,NA,0.1,28.74,125.7,9.75,0.342,8.95,106.3,8.5,3.2,NA,NA,NA,NA,NA,NA,NA,7.91708388034173e-05,301.89
"acton","u12",2018-08-09,NA,1,28.34,122.7,9.63,0.342,8.98,105.2,11.9,7.7,NA,NA,NA,NA,NA,NA,NA,7.91708388034173e-05,301.49
"acton","u12",2018-08-09,NA,2,28.04,91,7.17,0.346,8.86,108.3,14.5,4,NA,NA,NA,NA,NA,NA,NA,8.01786294636576e-05,301.19
"acton","u12",2018-08-09,NA,3,26.92,28.4,2.26,0.359,8.41,130.1,14.1,4.4,NA,NA,NA,NA,NA,NA,NA,8.34609625789536e-05,300.07
"acton","u12",2018-08-09,NA,4,25.17,4.2,0.34,0.37,8.48,-64.6,11.7,9.7,NA,NA,NA,NA,NA,NA,NA,8.62465007306253e-05,298.32
"acton","u12",2018-08-09,NA,5,23.14,3.4,0.29,0.403,8.37,-125.3,11.3,18.5,NA,NA,NA,NA,NA,NA,NA,9.46460464334075e-05,296.29
"acton","u12",2018-08-09,NA,6,18.22,2.4,0.23,0.493,8.28,-108.4,11,12.9,NA,NA,NA,NA,NA,NA,NA,0.000117850255081592,291.37
"acton","u12",2018-08-09,NA,7,15.84,1.9,0.19,0.525,7.84,-96.1,20.3,17.3,NA,NA,NA,NA,NA,NA,NA,0.000126194648508582,288.99
"acton","u14",2018-08-09,NA,0.1,30,115.6,8.82,0.371,8.43,63.8,14.6,22.1,NA,NA,NA,NA,NA,NA,NA,8.65000955031917e-05,303.15
"acton","u14",2018-08-09,NA,1,27.13,46.6,3.69,0.359,8.26,76.8,18.5,56.4,NA,NA,NA,NA,NA,NA,NA,8.34609625789536e-05,300.28
"acton","u12",2018-08-28,NA,0.1,26.71,145.9,11.7,0.35,8.66,133.2,26.9,5.7,NA,NA,NA,NA,NA,NA,NA,8.11874436016846e-05,299.86
"acton","u12",2018-08-28,NA,1,26.3,121.9,10.01,0.353,8.61,133.5,26.3,5.7,NA,NA,NA,NA,NA,NA,NA,8.19447194316373e-05,299.45
"acton","u12",2018-08-28,NA,2,25.96,114.7,9.31,0.356,8.5,137.4,23.2,6.8,NA,NA,NA,NA,NA,NA,NA,8.27025605397433e-05,299.11
"acton","u12",2018-08-28,NA,3,24.82,25.3,2.15,0.362,8.07,154.8,17.3,6.3,NA,NA,NA,NA,NA,NA,NA,8.42199212717105e-05,297.97
"acton","u12",2018-08-28,NA,4,24.51,7.4,0.62,0.365,7.76,147.4,14.2,7.6,NA,NA,NA,NA,NA,NA,NA,8.49794324082695e-05,297.66
"acton","u12",2018-08-28,NA,5,23.21,3.6,0.32,0.396,8.06,-69,15.2,11.9,NA,NA,NA,NA,NA,NA,NA,9.28591002584538e-05,296.36
"acton","u12",2018-08-28,NA,6,20.21,3,0.28,0.485,7.94,-78.3,16.1,18.1,NA,NA,NA,NA,NA,NA,NA,0.000115771460292646,293.36
"acton","u12",2018-08-28,NA,7,16.98,2.6,0.25,0.533,7.85,-79.6,19.3,19.5,NA,NA,NA,NA,NA,NA,NA,0.000128287843881746,290.13
"acton","u12",2018-08-28,NA,7.75,15.44,2,0.21,0.573,7.54,-90.2,47.2,78.6,NA,NA,NA,NA,NA,NA,NA,0.000138794496534429,288.59
"acton","u14",2018-08-28,NA,0.1,28.71,153.2,11.84,0.351,8.86,49.3,23.6,19.5,NA,NA,NA,NA,NA,NA,NA,8.14398057984038e-05,301.86
"acton","u14",2018-08-28,NA,1,27.9,127,9.93,0.35,8.78,58.1,32.3,35.3,NA,NA,NA,NA,NA,NA,NA,8.11874436016846e-05,301.05
"acton","u14",2018-08-28,NA,1.3,27.86,136.8,10.72,0.351,8.7,65.3,31.4,50,NA,NA,NA,NA,NA,NA,NA,8.14398057984038e-05,301.01
"acton","u12",2018-09-13,NA,0.1,23.06,175.3,14.95,0.315,8.64,118.2,28.7,6.5,NA,NA,NA,NA,NA,NA,NA,7.23958828332426e-05,296.21
"acton","u12",2018-09-13,NA,1,21.51,135.5,11.94,0.321,8.5,112.3,26.2,8.1,NA,NA,NA,NA,NA,NA,NA,7.3897172647675e-05,294.66
"acton","u12",2018-09-13,NA,2,21.39,107.5,9.55,0.322,8.37,113.2,21.2,8.5,NA,NA,NA,NA,NA,NA,NA,7.41476284966399e-05,294.54
"acton","u12",2018-09-13,NA,3,20.03,12.5,1.2,0.346,7.87,132.4,13.1,31.8,NA,NA,NA,NA,NA,NA,NA,8.01786294636576e-05,293.18
"acton","u12",2018-09-13,NA,4,19.32,5.8,0.53,0.316,7.73,133.5,14.1,41.3,NA,NA,NA,NA,NA,NA,NA,7.26459247573062e-05,292.47
"acton","u12",2018-09-13,NA,5,18.99,4.9,0.45,0.305,7.61,130.4,12.4,34.5,NA,NA,NA,NA,NA,NA,NA,6.98993300585278e-05,292.14
"acton","u12",2018-09-13,NA,6,18.66,8.6,0.81,0.319,7.54,129.4,13.6,43.7,NA,NA,NA,NA,NA,NA,NA,7.33964666314266e-05,291.81
"acton","u12",2018-09-13,NA,7,18.15,4.1,0.44,0.446,7.29,-77.2,24.3,41.7,NA,NA,NA,NA,NA,NA,NA,0.000105681290372234,291.3
"acton","u12",2018-09-13,NA,8,16.6,2.1,0.26,0.539,7.16,-96.9,49,72.7,NA,NA,NA,NA,NA,NA,NA,0.000129859553966788,289.75
"acton","u14",2018-09-13,NA,0.1,23.88,162.8,13.74,0.335,8.57,66.1,24.3,11.4,NA,NA,NA,NA,NA,NA,NA,7.74097008588202e-05,297.03
"acton","u14",2018-09-13,NA,1,21.32,104.4,9.74,0.343,8.38,74.5,27.9,26.6,NA,NA,NA,NA,NA,NA,NA,7.94226899247093e-05,294.47
"acton","u14",2018-09-13,NA,1.3,20.13,96.5,8.75,0.414,8.22,77.9,16.1,37.6,NA,NA,NA,NA,NA,NA,NA,9.74595987802086e-05,293.28
"acton","u12",2018-10-03,NA,0.1,22.3,181.6,15.72,15.72,8.61,145.1,62.7,4,NA,NA,NA,NA,NA,NA,NA,0.00509275428603399,295.45
"acton","u12",2018-10-03,NA,1,21.74,152.2,13.22,13.22,8.61,148,43.1,3.3,NA,NA,NA,NA,NA,NA,NA,0.00421820055986983,294.89
"acton","u12",2018-10-03,NA,2,20.02,62.3,5.64,5.64,8.21,163.9,19.8,3.3,NA,NA,NA,NA,NA,NA,NA,0.00166990996912589,293.17
"acton","u12",2018-10-03,NA,3,19.63,13.4,3.53,3.53,7.99,170.8,13.5,4.2,NA,NA,NA,NA,NA,NA,NA,0.00100304628234135,292.78
"acton","u12",2018-10-03,NA,4,19.45,16.3,1.51,1.51,7.81,174.8,10.3,4.8,NA,NA,NA,NA,NA,NA,NA,0.000398238067084293,292.6
"acton","u12",2018-10-03,NA,5,19.18,17.1,5.2,0.47,7.72,173.6,11.6,7.4,NA,NA,NA,NA,NA,NA,NA,0.000111881865198506,292.33
"acton","u12",2018-10-03,NA,6,18.7,0.35,3.7,3.7,7.65,166.1,10.5,14.6,NA,NA,NA,NA,NA,NA,NA,0.00105570233839137,291.85
"acton","u12",2018-10-03,NA,7,18.1,0.31,3.3,3.3,7.55,109.1,14.7,25.7,NA,NA,NA,NA,NA,NA,NA,0.000932161392858759,291.25
"acton","u12",2018-10-03,NA,8,17.05,0.28,2.9,2.9,7.09,-125.9,31.9,40.7,NA,NA,NA,NA,NA,NA,NA,0.000809931313961952,290.2
"acton","u14",2018-10-03,NA,0.1,22.78,175.3,15.27,15.72,8.54,62,54.2,8,NA,NA,NA,NA,NA,NA,NA,0.00509275428603399,295.93
"acton","u14",2018-10-03,NA,1,22.64,171.9,14.91,14.91,8.65,67.8,51.4,10.1,NA,NA,NA,NA,NA,NA,NA,0.00480795759488169,295.79
"acton","u12",2018-10-18,NA,0.1,16.08,75.6,7.43,0.398,7.42,184,15.2,13,NA,NA,NA,NA,NA,NA,NA,9.33693754658985e-05,289.23
"acton","u12",2018-10-18,NA,1,15.87,70.6,7.02,0.398,7.55,183.1,17.6,13.6,NA,NA,NA,NA,NA,NA,NA,9.33693754658985e-05,289.02
"acton","u12",2018-10-18,NA,2,15.79,65.6,6.53,0.398,7.62,183,15.7,13.8,NA,NA,NA,NA,NA,NA,NA,9.33693754658985e-05,288.94
"acton","u12",2018-10-18,NA,3,15.77,65.1,6.46,0.398,7.66,182.8,16.5,13.7,NA,NA,NA,NA,NA,NA,NA,9.33693754658985e-05,288.92
"acton","u12",2018-10-18,NA,4,15.76,65.2,6.46,0.398,7.68,182.7,18.1,14.7,NA,NA,NA,NA,NA,NA,NA,9.33693754658985e-05,288.91
"acton","u12",2018-10-18,NA,5,15.75,65.1,6.47,0.398,7.71,182.2,16.7,14.6,NA,NA,NA,NA,NA,NA,NA,9.33693754658985e-05,288.9
"acton","u12",2018-10-18,NA,6,15.74,64.2,6.41,0.397,7.73,182.1,15.9,16,NA,NA,NA,NA,NA,NA,NA,9.31142096491986e-05,288.89
"acton","u12",2018-10-18,NA,7,15.72,64.3,6.4,0.397,7.75,181.8,16,15.5,NA,NA,NA,NA,NA,NA,NA,9.31142096491986e-05,288.87
"acton","u12",2018-10-18,NA,7.9,15.72,61.6,6.11,0.398,7.76,153,20.7,63.1,NA,NA,NA,NA,NA,NA,NA,9.33693754658985e-05,288.87
"acton","u14",2018-10-18,NA,0.1,15.66,89.1,8.83,0.402,8.02,118.8,9,16.2,NA,NA,NA,NA,NA,NA,NA,9.43906004147095e-05,288.81
"acton","u14",2018-10-18,NA,1,15.58,86.2,8.8,0.412,8,124,14.9,16.9,NA,NA,NA,NA,NA,NA,NA,9.69475503031729e-05,288.73
"acton","u12",2018-10-30,NA,0.1,11.85,98.7,10.72,0.385,7.65,226.3,42.6,13.1,NA,NA,NA,NA,NA,NA,NA,9.0056658699167e-05,285
"acton","u12",2018-10-30,NA,1,11.81,97.3,10.51,0.385,7.74,225.7,38.2,13.5,NA,NA,NA,NA,NA,NA,NA,9.0056658699167e-05,284.96
"acton","u12",2018-10-30,NA,2,11.8,96.8,10.45,0.385,7.83,224.6,37.3,13.3,NA,NA,NA,NA,NA,NA,NA,9.0056658699167e-05,284.95
"acton","u12",2018-10-30,NA,3,11.72,95.5,10.35,0.386,7.88,223.9,37.9,13.6,NA,NA,NA,NA,NA,NA,NA,9.03111386859733e-05,284.87
"acton","u12",2018-10-30,NA,4,11.7,94.8,10.27,0.386,7.92,223.2,39.6,12.9,NA,NA,NA,NA,NA,NA,NA,9.03111386859733e-05,284.85
"acton","u12",2018-10-30,NA,5,11.7,94.3,10.23,0.386,7.96,222.3,38,13.3,NA,NA,NA,NA,NA,NA,NA,9.03111386859733e-05,284.85
"acton","u12",2018-10-30,NA,6,11.68,94.3,10.21,0.386,8.01,221.2,38.2,13.2,NA,NA,NA,NA,NA,NA,NA,9.03111386859733e-05,284.83
"acton","u12",2018-10-30,NA,7,11.66,92.1,10,0.386,8.03,220.7,33.9,12.9,NA,NA,NA,NA,NA,NA,NA,9.03111386859733e-05,284.81
"acton","u12",2018-10-30,NA,7.8,11.69,90,9.76,0.387,8.04,168.2,35.6,32.4,NA,NA,NA,NA,NA,NA,NA,9.0565676563733e-05,284.84
"acton","u14",2018-10-30,NA,0.1,11.15,100,10.98,0.393,8.15,207.9,24.9,12.7,NA,NA,NA,NA,NA,NA,NA,9.20941119447505e-05,284.3
"acton","u14",2018-10-30,NA,1,11.14,100.4,11.03,0.393,8.15,208.4,28,13,NA,NA,NA,NA,NA,NA,NA,9.20941119447505e-05,284.29
"acton","u14",2018-10-30,NA,1.5,11.15,100.6,11.04,0.393,8.17,207.1,29.3,19.3,NA,NA,NA,NA,NA,NA,NA,9.20941119447505e-05,284.3
"acton","u12",2018-11-15,NA,0.1,6.55,79.7,9.75,0.402,7.41,228.9,13.1,13.6,NA,NA,NA,NA,NA,NA,NA,9.43906004147095e-05,279.7
"acton","u12",2018-11-15,NA,1,6.54,78.9,9.68,0.402,7.5,226.8,12.4,13.4,NA,NA,NA,NA,NA,NA,NA,9.43906004147095e-05,279.69
"acton","u12",2018-11-15,NA,2,6.52,78.3,9.6,0.402,7.57,225.6,12.9,13.4,NA,NA,NA,NA,NA,NA,NA,9.43906004147095e-05,279.67
"acton","u12",2018-11-15,NA,3,6.5,77.6,9.57,0.402,7.63,223.9,13,13.7,NA,NA,NA,NA,NA,NA,NA,9.43906004147095e-05,279.65
"acton","u12",2018-11-15,NA,4,6.44,78,9.57,0.402,7.64,222.8,13.9,13.8,NA,NA,NA,NA,NA,NA,NA,9.43906004147095e-05,279.59
"acton","u12",2018-11-15,NA,5,6.48,77.9,9.58,0.402,7.73,221.4,12.4,14.1,NA,NA,NA,NA,NA,NA,NA,9.43906004147095e-05,279.63
"acton","u12",2018-11-15,NA,6,6.48,77.6,9.52,0.402,7.77,220.4,13,13.9,NA,NA,NA,NA,NA,NA,NA,9.43906004147095e-05,279.63
"acton","u12",2018-11-15,NA,7,6.45,77.8,9.56,0.403,7.8,219.3,11.2,14.3,NA,NA,NA,NA,NA,NA,NA,9.46460464334075e-05,279.6
"acton","u12",2018-11-15,NA,8,6.42,73,8.98,0.44,7.79,218,14,35.8,NA,NA,NA,NA,NA,NA,"hit bottom",0.000104135658964223,279.57
"acton","u14",2018-11-15,NA,0.1,4.98,84.7,10.85,0.424,7.91,154,12,11.3,NA,NA,"ice storm the night before",NA,NA,NA,NA,0.00010002308075612,278.13
"acton","u14",2018-11-15,NA,1,4.96,83.8,10.72,0.425,7.96,150.2,11.4,10.9,NA,NA,NA,NA,NA,NA,NA,0.000100279723125486,278.11
"acton","u14",2018-11-15,NA,1.2,4.29,85.1,10.96,0.48,7.98,144.7,6.9,9.3,NA,NA,NA,NA,NA,NA,NA,0.00011447373844636,277.44
"acton","u12",2018-11-30,NA,0.1,4.82,91.9,11.71,0.491,7,116.5,18,9.9,NA,NA,NA,NA,NA,NA,NA,0.000117330276792983,277.97
"acton","u12",2018-11-30,NA,1,4.2,91.4,11.87,0.49,7.13,120.3,20.4,10.3,NA,NA,NA,NA,NA,NA,NA,0.000117070357329569,277.35
"acton","u12",2018-11-30,NA,2,4.11,90.1,11.78,0.49,7.14,116.1,13.2,10.3,NA,NA,NA,NA,NA,NA,NA,0.000117070357329569,277.26
"acton","u12",2018-11-30,NA,3,4.05,89.5,11.75,0.49,7.23,113.6,14.9,10.6,NA,NA,NA,NA,NA,NA,NA,0.000117070357329569,277.2
"acton","u12",2018-11-30,NA,4,4.01,88.1,11.53,0.491,7.38,114.2,14.1,10.7,NA,NA,NA,NA,NA,NA,NA,0.000117330276792983,277.16
"acton","u12",2018-11-30,NA,5,3.97,88.1,11.54,0.492,7.47,114.5,14.4,10.8,NA,NA,NA,NA,NA,NA,NA,0.000117590242739054,277.12
"acton","u12",2018-11-30,NA,6,3.91,88.8,11.64,0.492,7.53,112.7,13.2,10.8,NA,NA,NA,NA,NA,NA,NA,0.000117590242739054,277.06
"acton","u12",2018-11-30,NA,7,3.89,88.6,11.63,0.493,7.59,113.1,12.3,10.3,NA,NA,NA,NA,NA,NA,NA,0.000117850255081592,277.04
"acton","u12",2018-11-30,NA,7.9,3.9,86.7,11.4,0.499,7.63,112.7,13.2,12,NA,NA,NA,NA,NA,NA,NA,0.000119411298677887,277.05
"acton","u14",2018-11-30,NA,0.1,4.63,97.4,12.49,0.503,7.98,109,9,8,NA,NA,NA,NA,NA,NA,NA,0.000120452911587474,277.78
"acton","u14",2018-11-30,NA,1,4.56,96.5,12.51,0.502,7.99,107.1,2.8,4,NA,NA,NA,NA,NA,NA,NA,0.000120192439948106,277.71
"acton","u14",2018-11-30,NA,1.2,3.86,95.3,12.56,0.586,8.04,104,2.3,2.5,NA,NA,NA,NA,NA,NA,NA,0.000142223274932312,277.01
"acton","u12",2018-12-13,NA,0.1,3.2,87.5,11.69,0.486,7.01,116.5,10.5,16.6,NA,NA,NA,NA,NA,NA,NA,0.000116031146038089,276.35
"acton","u12",2018-12-13,NA,1,3.13,88.6,11.85,0.486,7.23,117,13.5,16.7,NA,NA,NA,NA,NA,NA,NA,0.000116031146038089,276.28
"acton","u12",2018-12-13,NA,2,3.11,88.1,11.87,0.469,7.3,116.2,12.9,17.2,NA,NA,NA,NA,NA,NA,NA,0.000111622942394618,276.26
"acton","u12",2018-12-13,NA,3,3.1,87.6,11.75,0.473,7.4,115.2,11.9,16.9,NA,NA,NA,NA,NA,NA,NA,0.000112658923476988,276.25
"acton","u12",2018-12-13,NA,4,3.11,87.4,11.65,0.473,7.51,114.5,11.7,16.7,NA,NA,NA,NA,NA,NA,NA,0.000112658923476988,276.26
"acton","u12",2018-12-13,NA,5,3.22,86.7,11.63,0.474,7.58,114.1,10.7,15.9,NA,NA,NA,NA,NA,NA,NA,0.000112918039214366,276.37
"acton","u12",2018-12-13,NA,6,3.27,86.5,11.56,0.475,7.64,112.6,10.8,16.1,NA,NA,NA,NA,NA,NA,NA,0.000113177202952767,276.42
"acton","u12",2018-12-13,NA,7,3.3,86,11.5,0.477,7.69,113.5,9.4,15.4,NA,NA,NA,NA,NA,NA,NA,0.000113695674064246,276.45
"acton","u12",2018-12-13,NA,8,3.38,84,11.14,0.489,7.72,109.9,8.9,15,NA,NA,NA,NA,NA,NA,"hit bottom",0.000116810484435338,276.53
"acton","u14",2018-12-13,NA,0.1,2.94,95.8,12.88,0.525,8.14,106.2,4.1,9.3,NA,NA,"ice storm the night before",NA,NA,NA,NA,0.000126194648508582,276.09
"acton","u14",2018-12-13,NA,1,2.79,95.3,12.85,0.537,8.15,107.4,5.5,8.4,NA,NA,NA,NA,NA,NA,NA,0.000129335479064539,275.94
"acton","u12",2018-07-10,NA,0.1,29.58,219.7,16.66,0.314,9.15,116.8,27.1,6.2,NA,NA,NA,NA,NA,NA,NA,7.2145910593804e-05,302.73
"acton","u12",2018-07-10,NA,1,29.5,220.9,16.81,0.314,9.19,114.8,32.5,6.8,NA,NA,NA,NA,NA,NA,NA,7.2145910593804e-05,302.65
"acton","u12",2018-07-10,NA,2,28.88,174.5,13.4,0.321,9,122.2,33.4,7,NA,NA,NA,NA,NA,NA,NA,7.3897172647675e-05,302.03
"acton","u12",2018-07-10,NA,3,26.85,34.2,2.78,0.361,8.38,151.1,25.3,5.1,NA,NA,NA,NA,NA,NA,NA,8.39668734516355e-05,300
"acton","u12",2018-07-10,NA,4,25.52,5.8,0.46,0.385,8.37,-11,21.9,4.5,NA,NA,NA,NA,NA,NA,NA,9.0056658699167e-05,298.67
"acton","u12",2018-07-10,NA,5,19.57,2.6,0.24,0.438,8.37,-149.5,7.2,5.8,NA,NA,NA,NA,NA,NA,NA,0.000103620858354006,292.72
"acton","u12",2018-07-10,NA,6,16.81,2.4,0.23,0.46,7.81,-152.3,10.4,7.11,NA,NA,NA,NA,NA,NA,NA,0.000109294829619479,289.96
"acton","u12",2018-07-10,NA,7,15.29,2,0.2,0.471,7.47,-166.7,13.2,7.4,NA,NA,NA,NA,NA,NA,NA,0.000112140836375931,288.44
"acton","u04",2018-07-10,NA,0.1,29.84,231.3,17.59,0.312,9.24,60.5,19.1,5.9,NA,NA,NA,NA,NA,NA,NA,7.16461759796898e-05,302.99
"acton","u08",2018-07-10,NA,0.1,29.9,228.5,17.3,0.314,9.19,115.5,19.8,6.2,NA,NA,NA,NA,NA,NA,NA,7.2145910593804e-05,303.05
"acton","u15",2018-07-10,NA,0.1,29.77,233,17.56,0.316,9.19,122.4,23.7,6.9,NA,NA,NA,NA,NA,NA,NA,7.26459247573062e-05,302.92
"acton","u11",2018-07-10,NA,0.1,30.42,227.8,17.16,0.315,9.19,103,19.2,6.4,NA,NA,NA,NA,NA,NA,NA,7.23958828332426e-05,303.57
"acton","u07",2018-07-10,NA,0.1,30.31,214.9,16.15,0.316,9.17,97.2,18.6,7.2,NA,NA,NA,NA,NA,NA,NA,7.26459247573062e-05,303.46
"acton","u18",2018-07-10,NA,0.1,29.66,221.6,16.7,0.319,9.16,104.6,26.9,7.3,NA,NA,NA,NA,NA,NA,NA,7.33964666314266e-05,302.81
"acton","u01",2018-07-10,NA,0.1,30.05,222.9,16.78,0.318,9.14,111.4,16.5,6.8,NA,NA,NA,NA,NA,NA,NA,7.3146216855771e-05,303.2
"acton","u13",2018-07-10,NA,0.1,30.1,221.2,16.68,0.318,9.15,101.3,16.1,6.8,NA,NA,NA,NA,NA,NA,NA,7.3146216855771e-05,303.25
"acton","u16",2018-07-10,NA,0.1,29.98,220.5,16.69,0.325,9.14,105.2,19.6,8.9,NA,NA,NA,NA,NA,NA,NA,7.4899405081483e-05,303.13
"acton","u05",2018-07-10,NA,0.1,30.3,219.2,16.47,0.325,9.1,101.5,12.7,9.8,NA,NA,NA,NA,NA,NA,NA,7.4899405081483e-05,303.45
"acton","u09",2018-07-10,NA,0.1,30.28,195.6,14.58,0.328,9.02,118.8,18.9,19.2,NA,NA,NA,NA,NA,NA,NA,7.56517912075814e-05,303.43
"acton","u06",2018-07-10,NA,0.1,30.56,199.8,14.94,0.328,9.1,109.3,20,19.1,NA,NA,NA,NA,NA,NA,NA,7.56517912075814e-05,303.71
"acton","u17",2018-07-10,NA,0.1,30.41,215.4,16.19,0.323,9.13,102,14.3,9,NA,NA,NA,NA,NA,NA,NA,7.43981526470199e-05,303.56
"acton","u14",2018-07-10,NA,0.1,29.96,210.7,15.83,0.327,9.1,96.8,18.6,13,NA,NA,NA,NA,NA,NA,NA,7.54009284213065e-05,303.11
"acton","u14",2018-07-10,NA,1,28.33,160.7,12.52,0.334,8.86,110.7,40.6,50.6,NA,NA,NA,NA,NA,NA,NA,7.71583718206951e-05,301.48
"acton","u12",2018-08-13,NA,0.1,27.71,89.9,7.04,0.353,8.57,167,12.8,4.1,NA,NA,NA,NA,NA,NA,NA,8.19447194316373e-05,300.86
"acton","u12",2018-08-13,NA,1,27.28,90.9,7.2,0.352,8.65,162,14.2,4.7,NA,NA,NA,NA,NA,NA,NA,8.16922311295988e-05,300.43
"acton","u12",2018-08-13,NA,2,27.21,74.6,6,0.355,8.62,163.7,13.6,4.8,NA,NA,NA,NA,NA,NA,NA,8.24498842981402e-05,300.36
"acton","u12",2018-08-13,NA,3,27.09,70.4,5.59,0.358,8.5,171.1,14.1,5.7,NA,NA,NA,NA,NA,NA,NA,8.32080998389965e-05,300.24
"acton","u12",2018-08-13,NA,4,25.67,5,0.41,0.369,8.73,-56.8,12.2,6.3,NA,NA,NA,NA,NA,NA,NA,8.59929661283437e-05,298.82
"acton","u12",2018-08-13,NA,5,21.81,3.2,0.28,0.435,8.57,-109.8,9.1,12.3,NA,NA,NA,NA,NA,NA,NA,0.000102849044613848,294.96
"acton","u12",2018-08-13,NA,6,19.33,2.6,0.24,0.484,8.15,-88.9,11,14.3,NA,NA,NA,NA,NA,NA,NA,0.000115511821554131,292.48
"acton","u12",2018-08-13,NA,7,16.3,2.2,0.21,0.528,7.95,-86.1,18.9,171.7,NA,NA,NA,NA,NA,NA,NA,0.000126979270881583,289.45
"acton","u12",2018-08-13,NA,7.75,15.06,1.8,0.18,0.551,7.81,-85.5,31.4,25.2,NA,NA,NA,NA,NA,NA,NA,0.000133007569443666,288.21
"acton","u04",2018-08-13,NA,0.1,28.02,99.1,7.72,0.352,8.84,36.7,9.4,3.8,NA,NA,NA,NA,NA,NA,NA,8.16922311295988e-05,301.17
"acton","u08",2018-08-13,NA,0.1,28.4,110.3,8.55,0.353,8.86,50.1,10.4,4.3,NA,NA,NA,NA,NA,NA,NA,8.19447194316373e-05,301.55
"acton","u15",2018-08-13,NA,0.1,28.84,116.7,8.94,0.351,8.89,61.8,8.3,4,NA,NA,NA,NA,NA,NA,NA,8.14398057984038e-05,301.99
"acton","u11",2018-08-13,NA,0.1,28.94,106.2,8.09,0.352,8.83,71.3,8.4,4.8,NA,NA,NA,NA,NA,NA,NA,8.16922311295988e-05,302.09
"acton","u07",2018-08-13,NA,0.1,28.89,112.8,8.72,0.351,8.87,71.4,10.5,4.3,NA,NA,NA,NA,NA,NA,NA,8.14398057984038e-05,302.04
"acton","u18",2018-08-13,NA,0.1,28.82,127.2,9.85,0.35,8.93,69.9,13.9,4.5,NA,NA,NA,NA,NA,NA,NA,8.11874436016846e-05,301.97
"acton","u01",2018-08-13,NA,0.1,28.55,131.7,10.19,0.348,8.96,70.2,12.4,5,NA,NA,NA,NA,NA,NA,NA,8.06829092706802e-05,301.7
"acton","u13",2018-08-13,NA,0.1,28.73,130,10.03,0.349,8.95,72,8.5,5.2,NA,NA,NA,NA,NA,NA,NA,8.09351447039675e-05,301.88
"acton","u16",2018-08-13,NA,0.1,28.6,132.9,10.19,0.354,8.88,75.9,15.5,10.4,NA,NA,NA,NA,NA,NA,NA,8.21972705417733e-05,301.75
"acton","u05",2018-08-13,NA,0.1,29.44,129.1,9.81,0.354,8.92,73.4,10.3,8.9,NA,NA,NA,NA,NA,NA,NA,8.21972705417733e-05,302.59
"acton","u09",2018-08-13,NA,0.1,30.79,155,11.56,0.353,9.02,67.9,10.8,14.5,NA,NA,NA,NA,NA,NA,NA,8.19447194316373e-05,303.94
"acton","u06",2018-08-13,NA,0.1,29.74,143.8,10.9,0.35,8.98,72.9,8.9,7,NA,NA,NA,NA,NA,NA,NA,8.11874436016846e-05,302.89
"acton","u17",2018-08-13,NA,0.1,28.64,133.6,10.29,0.35,8.89,76.1,10.5,7.2,NA,NA,NA,NA,NA,NA,NA,8.11874436016846e-05,301.79
"acton","u14",2018-08-13,NA,0.1,29.54,145,11.05,0.35,8.96,69.5,17.5,18.5,NA,NA,NA,NA,NA,NA,NA,8.11874436016846e-05,302.69
"acton","u14",2018-08-13,NA,1,27.83,130.4,10.24,0.352,8.92,72.7,25.8,24.1,NA,NA,NA,NA,NA,NA,NA,8.16922311295988e-05,300.98
"acton","u14",2018-08-13,NA,1.3,27.17,79.9,6.36,0.358,8.73,81.4,26,48.4,NA,NA,NA,NA,NA,NA,NA,8.32080998389965e-05,300.32
"acton","u12",2018-09-19,NA,0.1,25.56,180.2,14.79,0.313,9,113.1,10.4,6.1,NA,NA,NA,NA,NA,NA,NA,7.18960082414033e-05,298.71
"acton","u12",2018-09-19,NA,1,24.45,187.5,15.7,0.312,9.03,116.9,31.7,4.7,NA,NA,NA,NA,NA,NA,NA,7.16461759796898e-05,297.6
"acton","u12",2018-09-19,NA,2,23.87,136.6,11.53,0.322,8.84,125.9,20.2,4.1,NA,NA,NA,NA,NA,NA,NA,7.41476284966399e-05,297.02
"acton","u12",2018-09-19,NA,3,21.91,10.8,0.91,0.346,8.35,148.5,14.9,5,NA,NA,NA,NA,NA,NA,NA,8.01786294636576e-05,295.06
"acton","u12",2018-09-19,NA,4,19.43,6.3,0.58,0.334,7.97,111,13,14,NA,NA,NA,NA,NA,NA,NA,7.71583718206951e-05,292.58
"acton","u12",2018-09-19,NA,5,18.94,4.7,0.43,0.337,7.83,65.8,12.2,24,NA,NA,NA,NA,NA,NA,NA,7.79125563945159e-05,292.09
"acton","u12",2018-09-19,NA,6,18.65,4,0.38,0.355,7.67,66.5,14.2,33.1,NA,NA,NA,NA,NA,NA,NA,8.24498842981402e-05,291.8
"acton","u12",2018-09-19,NA,7,17.89,3.8,0.35,0.432,7.27,-89.9,18.5,31.9,NA,NA,NA,NA,NA,NA,NA,0.000102077698082293,291.04
"acton","u12",2018-09-19,NA,7.9,17.09,2.7,0.26,0.509,7.05,-117.1,34,37.9,NA,NA,NA,NA,NA,NA,NA,0.000122016693424328,290.24
"acton","u04",2018-09-19,NA,0.1,25.52,203.6,16.72,0.31,9.15,72.1,18.8,3.7,NA,NA,NA,NA,NA,NA,NA,7.11467225491733e-05,298.67
"acton","u08",2018-09-19,NA,0.1,26.58,188.3,15.07,316,9.07,84.6,10.5,2.9,NA,NA,NA,NA,NA,NA,NA,0.13323283113805,299.73
"acton","u08",2018-09-19,NA,7.4,17.42,18.5,1.62,472,7.98,-111.9,25.3,33.1,NA,NA,NA,NA,NA,NA,NA,0.20614165298597,290.57
"acton","u15",2018-09-19,NA,0.1,26.05,205.2,16.61,318,9.13,47.8,17.9,3.8,NA,NA,NA,NA,NA,NA,NA,0.134150368259329,299.2
"acton","u15",2018-09-19,NA,6,18.84,37.3,3.1,363,8.52,56,22.7,41,NA,NA,NA,NA,NA,NA,NA,0.15492377641892,291.99
"acton","u11",2018-09-19,NA,0.1,27.09,187.3,14.89,317,9.1,61.6,10.6,2.8,NA,NA,NA,NA,NA,NA,NA,0.133691536165656,300.24
"acton","u11",2018-09-19,NA,5,18.96,27,2.51,345,8.55,5.1,12.5,30.8,NA,NA,NA,NA,NA,NA,NA,0.146585583361935,292.11
"acton","u07",2018-09-19,NA,0.1,26.84,198.9,15.79,311,9.13,65.2,12.7,2.4,NA,NA,NA,NA,NA,NA,NA,0.130941224905729,299.99
"acton","u07",2018-09-19,NA,1,25.05,189.3,15.63,320,9.01,72.9,18,5,NA,NA,NA,NA,NA,NA,NA,0.135068412188872,298.2
"acton","u18",2018-09-19,NA,0.1,26.44,207.5,16.68,319,9.16,75.2,18,3.9,NA,NA,NA,NA,NA,NA,NA,0.134609327054522,299.59
"acton","u18",2018-09-19,NA,5,19.04,12.1,1.05,346,8.53,-5.7,15.5,37.7,NA,NA,NA,NA,NA,NA,NA,0.147047832839893,292.19
"acton","u01",2018-09-19,NA,0.1,27.39,206.8,16.37,323,9.17,48.4,12.213,4,NA,NA,NA,NA,NA,NA,NA,0.13644642203562,300.54
"acton","u01",2018-09-19,NA,4.5,19.66,34.7,2.75,343,8.57,36,13.6,25.1,NA,NA,NA,NA,NA,NA,NA,0.145661437590885,292.81
"acton","u13",2018-09-19,NA,0.1,26.86,221.3,17.74,319,9.19,36.2,15.6,4.7,NA,NA,NA,NA,NA,NA,NA,0.134609327054522,300.01
"acton","u13",2018-09-19,NA,4,20.35,23.2,1.93,339,8.52,59.6,14.1,9.2,NA,NA,NA,NA,NA,NA,NA,0.143814567581792,293.5
"acton","u16",2018-09-19,NA,0.1,26.68,218.7,17.62,326,9.18,64,15.9,6,NA,NA,NA,NA,NA,NA,NA,0.137825556095445,299.83
"acton","u16",2018-09-19,NA,4,20.4,14.8,1.26,343,8.62,82.3,14.5,21.4,NA,NA,NA,NA,NA,NA,NA,0.145661437590885,293.55
"acton","u05",2018-09-19,NA,0.1,27.88,200.6,15.98,325,9.14,69.2,15.9,5.3,NA,NA,NA,NA,NA,NA,NA,0.137365720415831,301.03
"acton","u05",2018-09-19,NA,3,22.28,26.5,2.22,353,8.61,92.9,14.1,12.5,NA,NA,NA,NA,NA,NA,NA,0.150286846828145,295.43
"acton","u09",2018-09-19,NA,0.1,26.32,170.2,13.59,332,9.01,85.5,14.5,10.9,NA,NA,NA,NA,NA,NA,NA,0.140587159253969,299.47
"acton","u09",2018-09-19,NA,0.5,24.74,134.5,11.08,339,8.89,92.2,12.9,23.3,NA,NA,NA,NA,NA,NA,NA,0.143814567581792,297.89
"acton","u06",2018-09-19,NA,0.1,27.72,196.2,15.49,331,9.08,94.8,16.7,6.5,NA,NA,NA,NA,NA,NA,NA,0.140126585544851,300.87
"acton","u06",2018-09-19,NA,1.5,23.76,105.7,8.94,373,8.58,113.2,23.5,20.7,NA,NA,NA,NA,NA,NA,NA,0.159571936437874,296.91
"acton","u17",2018-09-19,NA,0.1,27.55,219.1,7.57,323,9.17,102.9,15.1,5.2,NA,NA,NA,NA,NA,NA,NA,0.13644642203562,300.7
"acton","u17",2018-09-19,NA,3,22.22,24.2,2.07,348,8.44,129.5,14.2,13.3,NA,NA,NA,NA,NA,NA,NA,0.147972683429927,295.37
"acton","u14",2018-09-19,NA,0.1,27.66,200.5,15.7,338,9.07,105.6,21.6,8.4,NA,NA,NA,NA,NA,NA,NA,0.143353148084811,300.81
"acton","u14",2018-09-19,NA,1,24.8,137.7,11.42,366,8.86,113.7,23.7,9.5,NA,NA,NA,NA,NA,NA,NA,0.156317058021219,297.95
