"RDateTime","buoyMeanT_0.1","buoyMeanT_0.5","buoyMeanT_01","buoyMeanT_01.5","buoyMeanT_02","buoyMeanT_03","buoyMeanT_04","buoyMeanT_05","buoyMeanT_06","buoyMeanT_07","buoyMeanT_08","date"
"2017-04-25 10:00:00",17.6091489361702,17.4891276595745,17.3451914893617,17.1134468085106,16.8684361702128,16.7364893617021,16.6679255319149,16.2591276595745,15.0402659574468,12.9309893617021,11.8330638297872,2017-04-25
"2017-04-26 10:00:00",17.8316979166667,17.7938229166667,17.7666979166667,17.63959375,17.3656770833333,17.1173645833333,16.86725,16.2141875,15.27609375,13.9472291666667,12.426,2017-04-26
"2017-04-27 10:00:00",18.5688541666667,18.5842916666667,18.6302604166667,18.6605104166667,18.5273645833333,18.4393229166667,18.3309270833333,17.21584375,15.40175,13.7603229166667,12.4141875,2017-04-27
"2017-04-28 10:00:00",18.0494166666667,18.0613958333333,18.1022604166667,18.1338020833333,17.98528125,17.8121979166667,17.64865625,17.0651145833333,15.9311875,14.34871875,12.4159479166667,2017-04-28
"2017-04-29 10:00:00",18.20234375,18.1095729166667,18.046125,18.0118854166667,17.8611041666667,17.7898854166667,17.7086979166667,16.8961875,15.8273854166667,15.1260416666667,14.361125,2017-04-29
"2017-04-30 10:00:00",17.4443541666667,17.4284791666667,17.441625,17.4119166666667,17.14909375,16.8933333333333,16.70853125,16.2366041666667,15.8222916666667,15.4476458333333,14.9376354166667,2017-04-30
"2017-05-01 10:00:00",17.04325,17.05803125,17.10759375,17.14453125,17.0230625,16.9739375,16.9340833333333,16.6686041666667,16.1295833333333,15.47321875,14.6531145833333,2017-05-01
"2017-05-02 10:00:00",16.71321875,16.7157604166667,16.7596770833333,16.7998229166667,16.7014166666667,16.6798854166667,16.7033020833333,16.68084375,16.6066979166667,16.4431354166667,16.27575,2017-05-02
"2017-05-03 10:00:00",16.26459375,16.0493333333333,16.0234479166667,16.0434270833333,15.93121875,15.8958229166667,15.89371875,15.7868541666667,15.6324895833333,15.4115416666667,15.3204583333333,2017-05-03
"2017-05-04 10:00:00",15.2853020833333,15.3016354166667,15.3616770833333,15.41471875,15.32740625,15.3098333333333,15.3278645833333,15.2281145833333,15.1539791666667,15.0154479166667,14.9221458333333,2017-05-04
"2017-05-05 10:00:00",13.764375,13.7956770833333,13.8517291666667,13.88903125,13.75975,13.6955520833333,13.5766458333333,13.248375,12.9072083333333,12.57540625,12.5041770833333,2017-05-05
"2017-05-06 10:00:00",13.0140833333333,13.0295,13.07584375,13.11084375,13.0056875,12.9599791666667,12.9431979166667,12.73490625,12.3691666666667,11.9408645833333,11.5495729166667,2017-05-06
"2017-05-07 10:00:00",12.3266458333333,12.45965625,12.5187083333333,12.5759479166667,12.4495625,12.3971354166667,12.3789479166667,12.2478333333333,12.15140625,12.08553125,12.0693333333333,2017-05-07
"2017-05-08 10:00:00",13.5347916666667,13.460875,13.40075,13.28540625,13.0540833333333,12.8725208333333,12.7694583333333,12.553375,12.30271875,12.0441041666667,11.8244375,2017-05-08
"2017-05-09 10:00:00",12.9184583333333,12.8408229166667,12.82225,12.7421979166667,12.5094375,12.3840625,12.2800729166667,12.0958020833333,11.9110520833333,11.7195208333333,11.7225208333333,2017-05-09
"2017-05-10 10:00:00",15.1944375,13.29065625,13.0987708333333,13.0431875,12.854125,12.7765,12.7008229166667,12.4518020833333,12.1891875,11.87459375,11.7578125,2017-05-10
"2017-05-11 10:00:00",15.0688020833333,15.0765208333333,15.11384375,15.1402395833333,15.0149895833333,14.9327291666667,14.7884166666667,14.22090625,13.1143541666667,12.30665625,11.928125,2017-05-11
"2017-05-12 10:00:00",15.4285833333333,15.349875,15.35053125,15.36196875,15.2488541666667,15.1913125,15.04275,14.0235208333333,12.81353125,12.2079479166667,11.9514895833333,2017-05-12
"2017-05-13 10:00:00",18.5410729166667,18.3238645833333,17.9662604166667,17.2997916666667,15.8633333333333,14.6883854166667,14.2757916666667,13.292625,12.6627083333333,12.1478229166667,11.9525208333333,2017-05-13
"2017-05-14 10:00:00",18.2562708333333,18.088875,17.7365416666667,17.3769270833333,17.0114166666667,16.5915104166667,16.3580625,15.8194479166667,15.0294895833333,13.3661041666667,12.3040833333333,2017-05-14
"2017-05-15 10:00:00",17.29640625,16.7390625,16.5641875,16.4263229166667,16.1459791666667,15.9853958333333,15.88446875,15.03715625,14.12809375,13.0750208333333,12.4487916666667,2017-05-15
"2017-05-16 10:00:00",18.8283229166667,18.3380729166667,17.9297916666667,17.59825,17.0510729166667,16.63265625,16.2905625,15.00896875,14.0103020833333,13.1385104166667,12.5364583333333,2017-05-16
"2017-05-17 10:00:00",18.6551354166667,18.6090833333333,18.498875,18.0381354166667,17.4193333333333,16.9603854166667,16.6522708333333,15.1708854166667,14.0258645833333,13.2364270833333,12.73159375,2017-05-17
"2017-05-18 10:00:00",20.9668333333333,20.7640625,20.5796354166667,20.14759375,19.5145625,18.9570416666667,18.0553229166667,15.6724791666667,13.9262604166667,13.06934375,12.6323020833333,2017-05-18
"2017-05-19 10:00:00",22.3469166666667,21.9841770833333,21.7355833333333,21.45784375,20.8657708333333,19.951875,18.0672291666667,15.6472291666667,14.24659375,13.3218020833333,12.76971875,2017-05-19
"2017-05-20 10:00:00",21.5233229166667,21.3411875,20.9769479166667,20.2276666666667,19.3937395833333,18.5561458333333,17.7949270833333,15.7834583333333,14.3678854166667,13.4661354166667,12.8994166666667,2017-05-20
"2017-05-21 10:00:00",21.9134895833333,21.8769479166667,21.81171875,21.63015625,21.1972604166667,20.8128020833333,20.3207083333333,17.2285833333333,14.2547604166667,13.3815520833333,12.8240729166667,2017-05-21
"2017-05-22 10:00:00",22.1830833333333,21.9208125,21.7577604166667,21.5633854166667,21.2097916666667,20.8234479166667,20.29978125,17.2273541666667,14.6603020833333,13.6320625,12.9684479166667,2017-05-22
"2017-05-23 10:00:00",21.5247083333333,21.38840625,21.2753229166667,21.0953541666667,20.7925208333333,20.5413958333333,20.2535520833333,17.0985625,14.24159375,13.3946458333333,12.97628125,2017-05-23
"2017-05-24 10:00:00",20.5513020833333,20.5568541666667,20.5919479166667,20.5901770833333,20.3621354166667,20.1977291666667,20.02046875,18.7333333333333,16.9822708333333,14.2055625,13.2255833333333,2017-05-24
"2017-05-25 10:00:00",19.6732916666667,19.6498541666667,19.6610520833333,19.6813333333333,19.5243333333333,19.31115625,19.0193645833333,18.0806666666667,17.1167395833333,15.3683333333333,13.5777708333333,2017-05-25
"2017-05-26 10:00:00",20.0752395833333,19.18303125,18.556875,18.0756041666667,17.5410416666667,17.1543645833333,16.9069895833333,16.3879479166667,15.9363645833333,14.7773854166667,13.3662604166667,2017-05-26
"2017-05-27 10:00:00",22.61728125,21.9396666666667,20.73834375,19.4199270833333,18.08190625,17.31003125,16.7353125,15.9993541666667,15.6316979166667,14.8333645833333,13.5440104166667,2017-05-27
"2017-05-28 10:00:00",20.70171875,20.4364375,19.9604270833333,19.5362395833333,18.9478333333333,18.1865208333333,17.3937916666667,16.3029583333333,15.5355625,14.6458229166667,13.6798854166667,2017-05-28
"2017-05-29 10:00:00",22.4743229166667,22.16628125,21.4729166666667,20.50096875,19.2020729166667,17.7549375,17.0498229166667,16.1778020833333,15.5932083333333,14.6530104166667,13.4499375,2017-05-29
"2017-05-30 10:00:00",22.4265625,22.3901666666667,22.2978958333333,22.1348958333333,21.5240520833333,19.9365,18.8031666666667,16.23078125,15.4398541666667,14.7213125,13.7129791666667,2017-05-30
"2017-05-31 10:00:00",22.303625,22.1545729166667,21.9385729166667,21.6447916666667,21.1784166666667,20.6968229166667,20.1460729166667,17.9964583333333,15.8333854166667,14.6989270833333,13.86446875,2017-05-31
"2017-06-01 10:00:00",23.9078854166667,23.6531979166667,23.4695520833333,22.9717395833333,21.3027291666667,20.0028125,19.3144166666667,17.2881145833333,15.86003125,14.85053125,13.94175,2017-06-01
"2017-06-02 10:00:00",25.0699479166667,24.6343125,24.3378645833333,22.9875625,20.8659895833333,19.8521875,19.2264583333333,17.50625,15.7774895833333,14.8555104166667,14.1596875,2017-06-02
"2017-06-03 10:00:00",25.02465625,24.23353125,23.47525,22.4823125,21.1591979166667,20.1101770833333,19.3604583333333,17.5287291666667,15.8304895833333,14.8586979166667,14.09884375,2017-06-03
"2017-06-04 10:00:00",25.46865625,25.3270625,24.70171875,23.5466979166667,21.7639895833333,20.3168020833333,19.3531145833333,17.6961041666667,16.1404583333333,15.0798125,14.19090625,2017-06-04
"2017-06-05 10:00:00",25.2435729166667,25.0254791666667,24.9101770833333,24.5956354166667,23.2635833333333,20.951625,19.3325625,17.5546041666667,16.15484375,15.2049479166667,14.29825,2017-06-05
"2017-06-06 10:00:00",24.1447083333333,24.14634375,24.184375,24.1882916666667,24.0381458333333,23.7645833333333,22.6605104166667,18.8626770833333,16.6442604166667,15.39078125,14.52290625,2017-06-06
"2017-06-07 10:00:00",22.6034479166667,22.5950208333333,22.6323541666667,22.67134375,22.5660416666667,22.42228125,21.8703125,19.2099791666667,16.530625,15.2877916666667,14.5581770833333,2017-06-07
"2017-06-08 10:00:00",23.890125,23.60009375,23.3731458333333,22.2625520833333,21.5618020833333,21.2529479166667,20.863625,19.24278125,16.6829270833333,15.2729583333333,14.5802916666667,2017-06-08
"2017-06-09 10:00:00",23.6843958333333,23.4975416666667,22.91553125,22.18796875,21.5266875,21.04171875,20.6331458333333,19.4948020833333,16.5676041666667,15.1844895833333,14.4292083333333,2017-06-09
"2017-06-10 10:00:00",23.1148125,22.9255833333333,22.63721875,22.3593541666667,21.9354791666667,21.5017916666667,21.0413125,19.6295520833333,16.8458645833333,15.32965625,14.5848541666667,2017-06-10
"2017-06-11 10:00:00",23.6048541666667,23.4746458333333,23.21703125,22.8212916666667,22.39690625,21.9584895833333,21.4420520833333,20.1610833333333,17.08503125,15.3278020833333,14.6255625,2017-06-11
"2017-06-12 10:00:00",25.7188020833333,25.2268229166667,24.7425416666667,24.2013541666667,23.601,22.87190625,21.87440625,20.2177604166667,17.2880729166667,15.30809375,14.60496875,2017-06-12
"2017-06-13 10:00:00",25.9084583333333,25.8424895833333,25.5391979166667,24.8566979166667,23.8320729166667,22.700625,21.7465625,20.6542083333333,17.1703333333333,15.3580833333333,14.6537083333333,2017-06-13
"2017-06-14 10:00:00",24.2219895833333,24.1309270833333,24.0413333333333,23.793125,23.3340104166667,22.93996875,22.5615729166667,21.1385833333333,17.52109375,15.6297395833333,14.71928125,2017-06-14
"2017-06-15 10:00:00",25.87778125,25.7226770833333,25.5097291666667,25.0478645833333,24.1657916666667,23.4956041666667,22.8241354166667,21.6659166666667,18.2246875,15.6670625,14.6631145833333,2017-06-15
"2017-06-16 10:00:00",26.2958541666667,25.29521875,24.88015625,24.3913854166667,23.6998229166667,23.160875,22.7003645833333,21.7713229166667,17.6005,15.6361979166667,14.73978125,2017-06-16
"2017-06-17 10:00:00",25.24440625,25.0891875,24.5869166666667,24.1719166666667,23.6311770833333,23.1887083333333,22.81203125,21.7183645833333,18.3474375,15.62371875,14.7663645833333,2017-06-17
"2017-06-18 10:00:00",26.1535104166667,26.0732604166667,25.9896145833333,25.8373958333333,25.56715625,24.6489375,23.6402604166667,21.8775520833333,18.6583541666667,15.931,14.7352604166667,2017-06-18
"2017-06-19 10:00:00",26.13996875,26.0966041666667,26.0513541666667,25.9221145833333,25.6239270833333,24.9836875,23.9823125,22.2238229166667,18.5528229166667,15.8149583333333,14.7491354166667,2017-06-19
"2017-06-20 10:00:00",25.9677708333333,25.9238645833333,25.9153333333333,25.8023645833333,25.6048333333333,25.2290416666667,24.6938333333333,22.8392395833333,18.8289791666667,15.9026354166667,14.9456666666667,2017-06-20
"2017-06-21 10:00:00",27.026625,26.8974791666667,26.4446041666667,25.6717604166667,24.7896875,24.1112604166667,23.6395729166667,22.946,18.93578125,16.0493125,14.8539479166667,2017-06-21
"2017-06-22 10:00:00",25.13628125,25.08815625,24.89434375,24.61765625,24.227625,24.0069375,23.8502291666667,23.1443541666667,18.9334479166667,15.80175,14.9057708333333,2017-06-22
"2017-06-23 10:00:00",24.6654791666667,24.666375,24.7034375,24.64128125,24.3716041666667,24.2310729166667,23.9845416666667,22.9908333333333,20.8612083333333,17.2083125,15.1593541666667,2017-06-23
"2017-06-24 10:00:00",24.5756875,24.4981458333333,24.3741666666667,24.251875,23.8692083333333,23.1694791666667,22.65821875,20.982,20.2515520833333,16.6792916666667,14.8659166666667,2017-06-24
"2017-06-25 10:00:00",23.3503541666667,23.33678125,23.33715625,23.2291041666667,23.0068854166667,22.7845208333333,22.5427291666667,21.91309375,20.79390625,17.0802916666667,14.8982604166667,2017-06-25
"2017-06-26 10:00:00",22.6446145833333,22.6243229166667,22.64103125,22.643375,22.5255833333333,22.4668854166667,22.4604270833333,21.8596041666667,20.6379583333333,17.4793541666667,14.8735729166667,2017-06-26
"2017-06-27 10:00:00",23.1813541666667,23.0888333333333,23.0758125,22.9425625,22.4808020833333,22.11696875,21.7648229166667,21.2858125,20.2956458333333,18.2786770833333,15.3383854166667,2017-06-27
"2017-06-28 10:00:00",22.2835729166667,22.2464583333333,22.14084375,21.97703125,21.659375,21.4585833333333,21.3099791666667,20.9168958333333,20.152125,17.95446875,15.6268958333333,2017-06-28
"2017-06-29 10:00:00",23.0519166666667,22.9553958333333,22.7567604166667,22.5021770833333,22.0843958333333,21.80865625,21.6242395833333,21.0178229166667,20.0360729166667,17.79646875,15.0623854166667,2017-06-29
"2017-06-30 10:00:00",23.4623645833333,23.4273229166667,23.3066979166667,23.15378125,22.907125,22.75496875,22.5496458333333,21.3519166666667,20.1367916666667,18.0465208333333,15.3685625,2017-06-30
"2017-07-01 10:00:00",25.46375,25.20021875,25.0999270833333,24.5490729166667,23.5171145833333,22.8726770833333,22.376125,21.0323958333333,20.2601354166667,17.9497083333333,15.3090833333333,2017-07-01
"2017-07-02 10:00:00",26.4887291666667,26.28046875,26.0439479166667,25.6526979166667,24.6654791666667,23.61340625,22.6585520833333,21.1480729166667,19.9636666666667,18.0214895833333,15.259375,2017-07-02
"2017-07-03 10:00:00",27.701125,26.6178020833333,25.7856145833333,24.8689895833333,23.7650833333333,22.8780625,22.276375,21.1721666666667,19.9870416666667,17.7069479166667,15.6080625,2017-07-03
"2017-07-04 10:00:00",26.9938854166667,26.3216041666667,25.889375,24.8619791666667,23.7389166666667,22.9346041666667,22.2871979166667,21.1751354166667,20.0535833333333,18.1843125,15.6605520833333,2017-07-04
"2017-07-05 10:00:00",27.2278333333333,26.6178333333333,25.9440104166667,25.0228125,23.8626354166667,22.9806979166667,22.3991041666667,21.4065208333333,20.0840833333333,17.6755,15.6757395833333,2017-07-05
"2017-07-06 10:00:00",26.25546875,26.1314375,26.0708333333333,25.9357708333333,24.90059375,23.6478645833333,22.67996875,21.7206875,20.25646875,17.8911145833333,15.7053125,2017-07-06
"2017-07-07 10:00:00",26.141375,26.0359375,25.9332395833333,25.6996979166667,25.3197291666667,24.7948229166667,24.0789375,22.7668645833333,20.83953125,18.7593854166667,16.9448541666667,2017-07-07
"2017-07-08 10:00:00",25.3833125,25.3086770833333,25.2582395833333,25.134,24.7533958333333,23.4403854166667,22.6959166666667,21.1327604166667,20.4445208333333,18.6109479166667,16.71728125,2017-07-08
"2017-07-09 10:00:00",26.1618125,25.675,24.1589166666667,23.1359791666667,22.4041666666667,21.8856666666667,21.4938333333333,20.7065520833333,20.2005208333333,18.3186354166667,16.7288229166667,2017-07-09
"2017-07-10 10:00:00",24.80334375,24.34028125,23.54328125,23.1031458333333,22.6228020833333,22.1424791666667,21.7656770833333,20.6974895833333,19.97984375,18.5585104166667,16.8665416666667,2017-07-10
"2017-07-11 10:00:00",23.3859375,23.2163829787234,23.0310319148936,22.9308333333333,22.6697291666667,22.3481354166667,22.0095729166667,21.2401354166667,20.3783958333333,19.2079479166667,17.6427916666667,2017-07-11
"2017-07-12 10:00:00",24.7356354166667,24.07803125,23.5545208333333,22.9953020833333,22.6304166666667,22.4365208333333,22.2181770833333,21.4473645833333,20.61609375,18.8698125,17.6029893617021,2017-07-12
"2017-07-13 10:00:00",26.49025,26.3351666666667,26.0528541666667,24.74803125,23.3464479166667,22.6020729166667,22.0864479166667,21.1369166666667,20.4865104166667,19.0871145833333,17.5396979166667,2017-07-13
"2017-07-14 10:00:00",27.299375,27.2138854166667,27.1688020833333,27.0184583333333,26.4195520833333,24.9501354166667,22.95603125,21.2791041666667,20.46140625,18.9144270833333,17.30634375,2017-07-14
"2017-07-15 10:00:00",28.136,27.7273125,26.93696875,25.2957604166667,24.07484375,23.1648645833333,22.4283541666667,21.426875,20.5773333333333,18.51809375,17.2415208333333,2017-07-15
"2017-07-16 10:00:00",27.67428125,27.3415625,26.8589583333333,25.9528125,24.9184479166667,24.1157916666667,23.46315625,21.60465625,20.41821875,18.7730416666667,17.3202083333333,2017-07-16
"2017-07-17 10:00:00",28.52584375,27.5245729166667,26.0144479166667,24.65253125,23.5472083333333,22.84353125,22.4236354166667,21.5483229166667,20.5086354166667,18.9053125,17.3863645833333,2017-07-17
"2017-07-18 10:00:00",26.9963125,26.4608541666667,25.7818125,25.1510833333333,24.34384375,23.47725,22.7374583333333,21.4158125,20.4553854166667,19.2209166666667,17.6868085106383,2017-07-18
"2017-07-19 10:00:00",29.1459895833333,28.9771145833333,28.3824895833333,26.6310208333333,24.7890729166667,23.2541458333333,22.6378854166667,21.5963645833333,20.4293541666667,18.5885104166667,17.3671458333333,2017-07-19
"2017-07-20 10:00:00",27.8376354166667,27.4237708333333,26.79875,26.2586875,25.34915625,24.3215729166667,23.4573020833333,21.9012708333333,20.9224270833333,19.4190104166667,17.6182291666667,2017-07-20
"2017-07-21 10:00:00",27.0118125,26.69778125,26.0946979166667,25.53190625,25.16721875,24.8266354166667,24.41590625,22.98575,20.73609375,19.1088645833333,17.8012708333333,2017-07-21
"2017-07-22 10:00:00",27.3960729166667,27.3062604166667,26.962875,26.4667604166667,25.7563333333333,24.9803854166667,24.3865625,22.7035625,20.8014583333333,19.1205,17.75303125,2017-07-22
"2017-07-23 10:00:00",27.34196875,27.2908333333333,27.23546875,27.1943020833333,26.666625,26.06796875,25.3104791666667,23.1024375,21.0226458333333,19.2361875,17.8576875,2017-07-23
"2017-07-24 10:00:00",27.1879166666667,27.1919583333333,27.2068020833333,27.23878125,27.0256875,26.6929791666667,26.1976041666667,23.5080833333333,20.8669375,19.2536145833333,17.9329166666667,2017-07-24
"2017-07-25 10:00:00",27.0642291666667,26.2584166666667,25.9625,25.7741041666667,25.4887604166667,25.0918229166667,24.8074791666667,23.4975104166667,20.59390625,19.1455104166667,17.83803125,2017-07-25
"2017-07-26 10:00:00",27.6108125,26.7046666666667,26.2932916666667,25.9003854166667,25.50440625,25.19259375,24.7641875,23.14490625,20.72409375,18.9274479166667,17.85975,2017-07-26
"2017-07-27 10:00:00",26.8146979166667,26.77778125,26.7865729166667,26.7766041666667,26.3580104166667,25.7216770833333,25.1065416666667,23.3248020833333,20.9650416666667,19.0823541666667,17.69703125,2017-07-27
"2017-07-28 10:00:00",26.79828125,26.78815625,26.8159375,26.8378229166667,26.7293854166667,26.5723229166667,26.4069375,25.6073645833333,21.57565625,19.1541145833333,17.7788125,2017-07-28
"2017-07-29 10:00:00",26.3485833333333,26.31196875,26.3107916666667,26.2843645833333,26.1152395833333,25.9413645833333,25.6867083333333,24.5176875,21.2709895833333,19.06203125,17.8824583333333,2017-07-29
"2017-07-30 10:00:00",27.1403854166667,26.4164895833333,26.2416770833333,26.0554375,25.5852291666667,24.9385416666667,24.57515625,24.0117083333333,21.4263125,19.0846875,17.7947708333333,2017-07-30
"2017-07-31 10:00:00",28.4535104166667,27.88225,27.05296875,26.0259479166667,25.2029791666667,24.68496875,24.4454166666667,23.9772291666667,21.6814166666667,19.128625,17.81409375,2017-07-31
"2017-08-01 10:00:00",26.751,26.3188958333333,26.00778125,25.74075,25.4080729166667,25.1265833333333,24.8911979166667,24.1048958333333,21.74034375,19.32703125,17.9094270833333,2017-08-01
"2017-08-02 10:00:00",27.30225,27.0658645833333,26.40353125,25.7714166666667,25.2374375,24.861125,24.6513645833333,24.1142916666667,21.9400104166667,19.2167083333333,17.888,2017-08-02
"2017-08-03 10:00:00",26.0878958333333,26.001,25.80021875,25.7230833333333,25.4763125,25.2283229166667,25.0516354166667,24.00103125,21.8856875,19.62571875,18.00625,2017-08-03
"2017-08-04 10:00:00",25.7756770833333,25.7753958333333,25.8073125,25.8376666666667,25.7362916666667,25.69334375,25.6883854166667,25.5509583333333,23.6553020833333,19.5081875,17.9791875,2017-08-04
"2017-08-05 10:00:00",26.12725,26.0689583333333,26.0158958333333,25.8128958333333,25.384,24.9958125,24.8447708333333,24.4387395833333,23.6189791666667,19.3598958333333,17.8831770833333,2017-08-05
"2017-08-06 10:00:00",24.7128333333333,24.7265208333333,24.760375,24.75359375,24.5998645833333,24.5084375,24.4722395833333,24.31065625,23.7179375,19.542875,17.9010833333333,2017-08-06
"2017-08-07 10:00:00",25.1504895833333,24.9767916666667,24.8880104166667,24.9017604166667,24.7304166666667,24.5641875,24.4379479166667,24.2160416666667,23.5830208333333,19.7196979166667,17.8645416666667,2017-08-07
"2017-08-08 10:00:00",26.1101875,25.8954375,25.54875,25.0668854166667,24.5355520833333,24.3559166666667,24.2661041666667,23.9936458333333,23.5411875,20.05934375,18.11940625,2017-08-08
"2017-08-09 10:00:00",25.0515520833333,24.64946875,24.52446875,24.4270416666667,24.2291666666667,24.1300833333333,24.0914791666667,23.93678125,23.5857291666667,20.186,18.0858333333333,2017-08-09
"2017-08-10 10:00:00",27.7557395833333,27.4252916666667,26.33821875,24.9872083333333,24.4771875,24.2444375,24.0765520833333,23.7434166666667,23.1851145833333,20.8464479166667,18.0755833333333,2017-08-10
"2017-08-11 10:00:00",26.66284375,26.15615625,25.4770208333333,25.1583125,24.8717916666667,24.6795520833333,24.474125,23.9771770833333,23.418875,20.6640208333333,18.0598333333333,2017-08-11
"2017-08-12 10:00:00",26.1344791666667,26.1066666666667,26.1245833333333,26.1148854166667,25.97515625,25.8611770833333,25.6625416666667,24.7307708333333,23.4966979166667,20.7070729166667,18.1448020833333,2017-08-12
"2017-08-13 10:00:00",26.4367916666667,25.5069583333333,25.3093645833333,25.1992708333333,24.9632708333333,24.77246875,24.5342708333333,24.19246875,23.6892083333333,20.7928854166667,18.3614375,2017-08-13
"2017-08-14 10:00:00",25.5987708333333,25.35471875,25.2957083333333,25.1956666666667,24.9803854166667,24.8554166666667,24.7538229166667,24.439875,23.5728645833333,21.37459375,18.5533958333333,2017-08-14
"2017-08-15 10:00:00",28.1706979166667,27.907875,27.7761875,27.029125,25.9026875,25.298875,24.9145729166667,24.1988541666667,23.6868958333333,21.4997395833333,18.5562395833333,2017-08-15
"2017-08-16 10:00:00",28.5019583333333,26.9480416666667,26.3434791666667,25.88184375,25.40584375,25.1187395833333,24.8852395833333,24.3822291666667,23.483875,21.40109375,18.6812083333333,2017-08-16
"2017-08-17 10:00:00",26.7820625,26.618125,26.494125,26.3101979166667,25.8758333333333,25.4435729166667,25.1543958333333,24.4730625,23.3690104166667,20.7198333333333,18.2365416666667,2017-08-17
"2017-08-18 10:00:00",27.69940625,27.64490625,27.6147916666667,27.5520416666667,27.3780416666667,27.0862604166667,26.4053229166667,24.8959791666667,23.39290625,20.6901875,18.3722604166667,2017-08-18
"2017-08-19 10:00:00",29.04696875,28.8318541666667,28.5802395833333,27.7518958333333,26.85440625,26.34796875,25.878,24.8534270833333,23.0702604166667,20.79215625,18.4068229166667,2017-08-19
"2017-08-20 10:00:00",29.2204895833333,28.84609375,27.9981145833333,27.1083125,26.5559791666667,26.2993645833333,26.1704270833333,24.9030208333333,23.0553333333333,20.8317083333333,18.4056979166667,2017-08-20
"2017-08-21 10:00:00",28.3610208333333,28.088875,27.6045520833333,27.2024583333333,26.7542916666667,26.5018333333333,26.2055833333333,24.9245416666667,23.1836458333333,20.9793854166667,18.6179270833333,2017-08-21
"2017-08-22 10:00:00",27.2086041666667,27.2095625,27.2407604166667,27.2716041666667,27.1721458333333,27.1247916666667,27.11603125,26.3224375,23.27884375,21.0185520833333,18.7042395833333,2017-08-22
"2017-08-23 10:00:00",26.9717916666667,26.9706041666667,26.9926458333333,27.0067708333333,26.9053958333333,26.8715729166667,26.88325,26.4658020833333,23.3499166666667,20.8939583333333,18.8293958333333,2017-08-23
"2017-08-24 10:00:00",26.7736354166667,26.7631145833333,26.7816458333333,26.7867916666667,26.6873020833333,26.64871875,26.6185833333333,25.7263854166667,23.5321458333333,20.9330833333333,18.89621875,2017-08-24
"2017-08-25 10:00:00",26.5404479166667,26.4103229166667,26.3739166666667,26.1753854166667,25.8469270833333,25.4938854166667,25.3167395833333,24.9439166666667,23.64740625,20.980125,18.944125,2017-08-25
"2017-08-26 10:00:00",25.8120416666667,25.51384375,25.369,25.2445729166667,25.0386979166667,24.9441145833333,24.9159375,24.7067708333333,23.7954583333333,20.9110416666667,18.8485416666667,2017-08-26
"2017-08-27 10:00:00",25.0051041666667,24.7222916666667,24.6690208333333,24.6707604166667,24.5585625,24.5148229166667,24.54325,24.4390104166667,23.9839583333333,20.9011458333333,18.8582291666667,2017-08-27
"2017-08-28 10:00:00",24.73184375,24.6542604166667,24.597125,24.5748645833333,24.459875,24.4000104166667,24.3878229166667,24.2749479166667,23.5136770833333,20.7323229166667,18.6191145833333,2017-08-28
"2017-08-29 10:00:00",24.5061458333333,24.3650729166667,24.32628125,24.3259166666667,24.2169375,24.1770208333333,24.1932604166667,24.15340625,23.9196979166667,20.8388958333333,18.6970208333333,2017-08-29
"2017-08-30 10:00:00",27.0343854166667,26.7365208333333,26.07153125,24.9440625,24.4870729166667,24.3206458333333,24.241125,24.0648854166667,23.7350625,21.1223645833333,18.6510520833333,2017-08-30
"2017-08-31 10:00:00",26.3175,26.1766770833333,26.1110729166667,25.7898333333333,25.13290625,24.5892604166667,24.2528333333333,23.94628125,23.5213541666667,20.9853125,18.7084166666667,2017-08-31
"2017-09-01 10:00:00",23.484625,23.49853125,23.5550104166667,23.6054583333333,23.5159166666667,23.49025,23.5146875,23.4808229166667,23.38371875,21.55178125,18.72571875,2017-09-01
"2017-09-02 10:00:00",22.3692395833333,22.3713958333333,22.4211875,22.4647604166667,22.3493229166667,22.26746875,22.2579270833333,22.06128125,21.70753125,21.12815625,18.7972083333333,2017-09-02
"2017-09-03 10:00:00",23.5138229166667,23.3587916666667,23.2761354166667,22.9935625,22.5955104166667,22.3702916666667,22.0831770833333,21.7472604166667,21.5371979166667,21.0119583333333,18.8965,2017-09-03
"2017-09-04 10:00:00",22.9208125,22.79559375,22.56184375,22.4271979166667,22.2251458333333,22.1447708333333,22.1295208333333,22.0298229166667,21.92728125,21.5206041666667,19.0629583333333,2017-09-04
"2017-09-05 10:00:00",22.8605104166667,22.8704791666667,22.93765625,22.9746145833333,22.8573854166667,22.7976354166667,22.8110208333333,22.71625,22.4514270833333,21.6563020833333,19.4642604166667,2017-09-05
"2017-09-06 10:00:00",22.4408888888889,22.4316195652174,22.4632717391304,22.4833695652174,22.3858152173913,22.3483510638298,22.3722021276596,22.358829787234,22.3350638297872,22.0949787234043,20.3100744680851,2017-09-06
"2017-09-07 10:00:00",22.1077127659574,22.1001041666667,22.13675,22.16421875,22.0506666666667,22.0081458333333,22.006125,21.9317604166667,21.78090625,21.6185729166667,20.5983541666667,2017-09-07
"2017-09-08 10:00:00",22.682414893617,22.4403829787234,22.1391595744681,21.9675531914894,21.6005,21.4370425531915,21.4180106382979,21.3301489361702,21.1681595744681,21.0091170212766,20.3777446808511,2017-09-08
"2017-09-09 10:00:00",22.3134893617021,22.0724361702128,21.8448404255319,21.7542872340426,21.522902173913,21.4314347826087,21.3877173913043,21.1641630434783,20.8525869565217,20.4688404255319,20.0007765957447,2017-09-09
"2017-09-10 10:00:00",21.2788020833333,21.1489895833333,21.1043958333333,21.13321875,21.0276979166667,20.9915625,20.9880208333333,20.90025,20.8010520833333,20.6393020833333,20.2700729166667,2017-09-10
"2017-09-11 10:00:00",21.5658541666667,21.470125,21.39453125,21.3115833333333,21.09796875,21.0091145833333,20.97915625,20.89359375,20.7770416666667,20.6637916666667,20.2298854166667,2017-09-11
"2017-09-12 10:00:00",20.965,20.9116875,20.907125,20.9186041666667,20.8154895833333,20.7896458333333,20.8065,20.76615625,20.6998229166667,20.63865625,20.2067291666667,2017-09-12
"2017-09-13 10:00:00",20.5250208333333,20.5485729166667,20.6045208333333,20.65365625,20.567375,20.55146875,20.5805833333333,20.5743333333333,20.5577291666667,20.5304375,20.2754270833333,2017-09-13
"2017-09-14 10:00:00",21.3178541666667,21.0067291666667,20.7813958333333,20.63521875,20.4751354166667,20.4401458333333,20.4624895833333,20.4466354166667,20.4271041666667,20.40109375,20.32728125,2017-09-14
"2017-09-15 10:00:00",21.44915625,20.7042708333333,20.5325,20.4903229166667,20.37065625,20.3345416666667,20.3516041666667,20.3237083333333,20.2882395833333,20.2540208333333,20.206,2017-09-15
"2017-09-16 10:00:00",22.67940625,21.59009375,21.1704895833333,20.99021875,20.7569791666667,20.6162291666667,20.5081354166667,20.3455520833333,20.28190625,20.2450416666667,20.1483541666667,2017-09-16
"2017-09-17 10:00:00",23.1213936170213,22.0809791666667,21.7720416666667,21.5137708333333,21.09353125,20.7919583333333,20.56515625,20.3626458333333,20.34825,20.4183229166667,20.1260540540541,2017-09-17
"2017-09-18 10:00:00",24.6918510638298,24.0310319148936,22.5299680851064,21.6212340425532,20.8863191489362,20.6050531914894,20.5347659574468,20.5222553191489,20.8588936170213,22.3800531914894,NA,2017-09-18
"2017-09-19 10:00:00",22.7614479166667,22.4527916666667,22.1632083333333,21.9165520833333,21.5585208333333,21.2298020833333,20.9382395833333,20.9276354166667,21.5414791666667,22.0845416666667,NA,2017-09-19
"2017-09-20 10:00:00",23.236085106383,22.8066382978723,22.5292021276596,22.2573829787234,21.7739893617021,21.3380212765957,21.0207553191489,21.010670212766,21.7508085106383,22.4837553191489,NA,2017-09-20
"2017-09-21 10:00:00",25.3370119047619,24.3042857142857,23.6345595238095,23.0896395348837,22.3297790697674,21.6078837209302,21.1832674418605,21.1674418604651,22.3276931818182,23.5726477272727,NA,2017-09-21
"2017-09-22 10:00:00",25.441625,24.6408,24.31,23.7546704545455,22.6472954545455,21.7704659090909,21.3192386363636,21.3402666666667,22.7583444444444,24.325,NA,2017-09-22
"2017-09-23 10:00:00",26.0740476190476,25.1625357142857,24.6423214285714,24.1068452380952,23.0692738095238,22.0611666666667,21.49375,21.5542976190476,23.2335595238095,24.6989418604651,NA,2017-09-23
"2017-09-24 10:00:00",24.8371979166667,24.5428333333333,24.2526770833333,23.944125,23.3201875,22.5635208333333,21.7708645833333,21.824625,23.2180625,24.0533020833333,19.802,2017-09-24
"2017-09-25 10:00:00",25.5088837209302,24.7789431818182,24.4259431818182,24.1473666666667,23.6328777777778,22.7789222222222,21.8402333333333,20.8469222222222,20.3470555555556,20.0438409090909,19.5421477272727,2017-09-25
"2017-09-26 10:00:00",26.3047307692308,25.7727375,24.93025,24.4673536585366,23.8432375,23.0220731707317,22.0435357142857,20.7014047619048,20.3145348837209,20.0202558139535,19.6118372093023,2017-09-26
"2017-09-27 10:00:00",25.3045108695652,25.2788369565217,25.2550760869565,25.2631847826087,25.1516739130435,25.0944468085106,24.819670212766,22.5304680851064,20.2218829787234,19.9235,19.5458829787234,2017-09-27
"2017-09-28 10:00:00",24.0485,24.0512083333333,24.0866979166667,24.0961041666667,23.9753125,23.8876145833333,23.6637708333333,21.3791458333333,20.2623645833333,19.97015625,19.5005520833333,2017-09-28
"2017-09-29 10:00:00",23.2341666666667,23.2112604166667,23.2303125,23.2531979166667,23.1365625,23.0491770833333,22.9333958333333,22.4602083333333,20.9108541666667,19.97896875,19.4551979166667,2017-09-29
"2017-09-30 10:00:00",21.7943125,21.7408125,21.6606979166667,21.6121354166667,21.45465625,21.3508229166667,21.2971875,20.9624166666667,20.6327291666667,20.10578125,19.4374166666667,2017-09-30
"2017-10-01 10:00:00",20.6739375,20.6843333333333,20.6972395833333,20.7285833333333,20.6180520833333,20.5891770833333,20.6091979166667,20.5739583333333,20.46546875,20.0745,19.4889375,2017-10-01
"2017-10-02 10:00:00",20.5258645833333,20.4769583333333,20.4231041666667,20.4222708333333,20.31075,20.2703645833333,20.2805208333333,20.2473958333333,20.222,20.14603125,19.5336041666667,2017-10-02
"2017-10-03 10:00:00",20.7726458333333,20.7401979166667,20.6695,20.6062708333333,20.4472395833333,20.3797291666667,20.3689375,20.2938541666667,20.1839895833333,20.048125,19.68278125,2017-10-03
"2017-10-04 10:00:00",21.6204791666667,21.5708125,21.5651979166667,21.57490625,21.3738541666667,21.1686875,20.9564375,20.40446875,20.1377604166667,19.9858020833333,19.7003854166667,2017-10-04
"2017-10-05 10:00:00",21.25025,21.2467708333333,21.2641875,21.1925104166667,20.9490104166667,20.75103125,20.5930104166667,20.4016666666667,20.2335208333333,20.0346041666667,19.5993020833333,2017-10-05
"2017-10-06 10:00:00",21.22496875,21.00596875,20.9501770833333,20.942,20.81553125,20.7659166666667,20.7542708333333,20.513375,20.2166041666667,19.9480729166667,19.5478854166667,2017-10-06
"2017-10-07 10:00:00",20.9575729166667,20.9507395833333,20.9796145833333,21.0073229166667,20.8885729166667,20.8219375,20.78728125,20.65834375,20.4508854166667,20.1652291666667,19.8023020833333,2017-10-07
"2017-10-08 10:00:00",20.8237083333333,20.83065625,20.87590625,20.9159166666667,20.81728125,20.7763229166667,20.7751770833333,20.6947083333333,20.5389479166667,20.29171875,19.962875,2017-10-08
"2017-10-09 10:00:00",20.87509375,20.8811041666667,20.9158645833333,20.9546354166667,20.85615625,20.8273958333333,20.84915625,20.8158125,20.742,20.4596458333333,19.8795208333333,2017-10-09
"2017-10-10 10:00:00",20.6502291666667,20.6046145833333,20.6224479166667,20.6570208333333,20.557125,20.5204375,20.5234270833333,20.4298645833333,20.3303645833333,20.1661145833333,19.7906041666667,2017-10-10
"2017-10-11 10:00:00",20.3996354166667,20.41675,20.47259375,20.5213125,20.43290625,20.4131875,20.44075,20.4331041666667,20.4225,20.4131354166667,20.02246875,2017-10-11
"2017-10-12 10:00:00",20.2681041666667,20.2131875,20.2365208333333,20.2765104166667,20.18703125,20.1651145833333,20.1928958333333,20.1834583333333,20.1627083333333,20.1192083333333,19.9485729166667,2017-10-12
"2017-10-13 10:00:00",20.1340625,20.0233020833333,20.0104583333333,20.0386041666667,19.93834375,19.9096458333333,19.93165625,19.9083958333333,19.8844791666667,19.8498125,19.8106979166667,2017-10-13
"2017-10-14 10:00:00",20.168625,20.1490729166667,20.1550729166667,20.1365625,19.9981041666667,19.92809375,19.9205208333333,19.8602291666667,19.7962916666667,19.75634375,19.7295520833333,2017-10-14
"2017-10-15 10:00:00",19.7621847826087,19.7692717391304,19.8197934782609,19.8547173913043,19.7589347826087,19.7373586956522,19.761847826087,19.7536195652174,19.7436195652174,19.7314891304348,19.7447608695652,2017-10-15
"2018-04-12 10:00:00",9.32410638297872,9.28765957446809,9.31346808510638,9.23898936170213,9.01839361702128,8.86006382978723,8.81501063829787,9.03612765957447,9.24676595744681,9.06409574468085,8.85193617021277,2018-04-12
"2018-04-13 10:00:00",10.4453229166667,10.3628229166667,10.3951875,10.3766770833333,10.1388645833333,9.98111458333333,9.92065625,10.1551875,10.3412083333333,10.1856354166667,9.94441666666667,2018-04-13
"2018-04-14 10:00:00",11.3011875,11.2529270833333,11.2662291666667,11.1948125,10.8367604166667,10.53446875,10.4356041666667,10.8708541666667,11.2104270833333,10.936625,10.4444375,2018-04-14
"2018-04-15 10:00:00",11.4883229166667,11.4869895833333,11.52940625,11.5620729166667,11.4476145833333,11.3916979166667,11.40040625,11.4647083333333,11.49115625,11.4696875,11.4385520833333,2018-04-15
"2018-04-16 10:00:00",10.5309166666667,10.5607291666667,10.6319479166667,10.6876875,10.5939375,10.5695104166667,10.5997708333333,10.6070208333333,10.5923229166667,10.60178125,10.6425208333333,2018-04-16
"2018-04-17 10:00:00",9.92136458333333,9.94153125,10.00490625,10.05140625,9.95425,9.92423958333333,9.95123958333333,9.96872916666667,9.96563541666667,9.96552083333333,9.9916875,2018-04-17
"2018-04-18 10:00:00",9.75221875,9.71575,9.76652083333333,9.78932291666667,9.63823958333333,9.580875,9.59891666666667,9.66454166666667,9.72302083333333,9.67826041666667,9.64283333333333,2018-04-18
"2018-04-19 10:00:00",9.81864583333333,9.81785416666667,9.87733333333333,9.92627083333333,9.827125,9.80259375,9.83422916666667,9.84234375,9.83805208333333,9.83644791666667,9.87553125,2018-04-19
"2018-04-20 10:00:00",12.6784583333333,12.2040833333333,12.0187083333333,11.3936666666667,10.5213020833333,9.8346875,9.70426041666667,10.7361875,12.0130625,10.9032083333333,9.71719791666667,2018-04-20
"2018-04-21 10:00:00",10.8605729166667,10.49396875,10.4509791666667,10.42084375,10.24746875,10.1238020833333,10.0913958333333,10.2864895833333,10.41721875,10.2972604166667,10.1239375,2018-04-21
"2018-04-22 10:00:00",10.8737395833333,10.72559375,10.6745208333333,10.5708541666667,10.3179791666667,10.1328229166667,10.1023125,10.3822395833333,10.6254791666667,10.4134583333333,10.13703125,2018-04-22
"2018-04-23 10:00:00",10.2025104166667,10.19278125,10.2228333333333,10.165125,9.98084375,9.90197916666667,9.91008333333333,10.0088541666667,10.1850520833333,10.0273854166667,9.9499375,2018-04-23
"2018-04-24 10:00:00",11.0709166666667,10.9796041666667,11.0128541666667,11.0263229166667,10.9018854166667,10.8366979166667,10.8430416666667,10.9229583333333,10.9736666666667,10.9257395833333,10.8819895833333,2018-04-24
"2018-04-25 10:00:00",11.82596875,11.8028125,11.8588020833333,11.89025,11.7965833333333,11.7594479166667,11.7861979166667,11.747,11.7010833333333,11.6547708333333,11.6383854166667,2018-04-25
"2018-04-26 10:00:00",15.7760416666667,15.1473125,14.2221354166667,12.7062604166667,11.8496666666667,11.3350729166667,11.2977708333333,11.2283125,11.114,11.0055104166667,10.837625,2018-04-26
"2018-04-27 10:00:00",14.3734895833333,14.2991770833333,14.0988958333333,13.7785104166667,13.3657083333333,13.122625,12.9692708333333,12.66453125,12.21803125,11.7537604166667,11.3194166666667,2018-04-27
"2018-04-28 10:00:00",12.4065104166667,12.4098541666667,12.4723541666667,12.52440625,12.4315625,12.4095,12.4404166666667,12.4394166666667,12.4256770833333,12.4260520833333,12.46265625,2018-04-28
"2018-04-29 10:00:00",14.1194583333333,13.9481354166667,13.8600416666667,13.7856354166667,13.5131145833333,12.9131458333333,12.4579166666667,12.0408333333333,11.9580416666667,11.8387291666667,11.7952604166667,2018-04-29
"2018-04-30 10:00:00",13.5315416666667,13.2068229166667,12.7899375,12.6068229166667,12.3179166666667,12.1945520833333,12.1189791666667,11.9239791666667,11.7966458333333,11.69459375,11.65084375,2018-04-30
"2018-05-01 10:00:00",14.336875,14.1407291666667,13.8831979166667,13.5448333333333,13.0215208333333,12.7062604166667,12.4618958333333,12.022125,11.7330729166667,11.6310520833333,11.59140625,2018-05-01
"2018-05-02 10:00:00",15.56146875,15.3398229166667,15.0843645833333,14.5241770833333,13.9390520833333,13.4690520833333,13.1358333333333,12.3230104166667,11.81934375,11.62571875,11.5481145833333,2018-05-02
"2018-05-03 10:00:00",17.4804166666667,17.4093333333333,17.2482395833333,16.8106354166667,15.6913229166667,14.5723229166667,13.6326458333333,12.3671875,11.7486041666667,11.5715625,11.5165,2018-05-03
"2018-05-04 10:00:00",18.777,18.7356875,18.733,18.698125,18.3503229166667,17.9462916666667,16.3135,12.915375,11.67921875,11.5062916666667,11.451125,2018-05-04
"2018-05-05 10:00:00",18.2569583333333,18.2258125,18.079875,17.6951354166667,17.15515625,16.4761770833333,15.6179375,12.6090520833333,11.809125,11.5683020833333,11.4707916666667,2018-05-05
"2018-05-06 10:00:00",19.4028125,19.10046875,18.8856875,18.7129791666667,18.474,18.2194895833333,17.0773333333333,13.0050416666667,11.7335520833333,11.50784375,11.4367395833333,2018-05-06
"2018-05-07 10:00:00",19.5298020833333,19.5013645833333,19.5299479166667,19.53853125,19.40596875,19.3224895833333,18.8129270833333,13.3578854166667,11.7863125,11.5243958333333,11.4325729166667,2018-05-07
"2018-05-08 10:00:00",20.0846770833333,19.3179375,18.9771979166667,18.7558020833333,18.35125,17.95940625,17.20921875,13.6157916666667,11.7675729166667,11.4896354166667,11.3820833333333,2018-05-08
"2018-05-09 10:00:00",18.80235,18.815225,18.7523,18.489125,18.12755,17.437575,16.291825,14.326425,12.4248625,11.7087375,11.579975,2018-05-09
"2018-05-16 10:00:00",23.907625,23.759,23.76225,23.78325,23.672875,23.6015,23.281625,17.397375,12.593375,11.577125,11.41975,2018-05-16
"2018-05-17 10:00:00",24.38178125,24.1132916666667,23.9707291666667,23.89290625,23.6249895833333,23.0635729166667,21.6361458333333,17.4311354166667,12.9948958333333,11.6935833333333,11.4855520833333,2018-05-17
"2018-05-18 10:00:00",23.2035416666667,23.185875,23.15175,22.89190625,22.341625,21.6431770833333,20.8676770833333,17.8244166666667,13.37640625,11.9470833333333,11.5233020833333,2018-05-18
"2018-05-19 10:00:00",23.230125,23.1914270833333,23.1795833333333,23.0946875,22.75803125,22.4296770833333,21.9555729166667,18.5637916666667,13.3739583333333,11.87871875,11.5124375,2018-05-19
"2018-05-20 10:00:00",25.481375,25.12671875,24.4264375,23.5178645833333,22.99475,22.5970833333333,21.9291666666667,18.7842291666667,13.2183645833333,11.8188020833333,11.5190625,2018-05-20
"2018-05-21 10:00:00",24.0969583333333,23.6073541666667,23.40553125,23.1523229166667,22.7351979166667,22.450875,22.0777395833333,20.06515625,14.9978333333333,12.361375,11.6222395833333,2018-05-21
"2018-05-22 10:00:00",25.7799270833333,25.5658854166667,25.4246666666667,25.205125,24.6756770833333,23.7370520833333,22.4324583333333,19.98625,14.3279375,12.1781458333333,11.5882916666667,2018-05-22
"2018-05-23 10:00:00",26.1210208333333,25.9056458333333,25.72490625,24.8336145833333,23.5476979166667,22.6750729166667,21.965875,20.3168854166667,14.1828020833333,12.16740625,11.6741875,2018-05-23
"2018-05-24 10:00:00",24.76728125,24.35278125,24.1101875,23.7963541666667,23.3829166666667,23.0095833333333,22.5805208333333,20.4466666666667,14.3993333333333,12.3597395833333,11.7482291666667,2018-05-24
"2018-05-25 10:00:00",25.8657083333333,25.0415104166667,24.6307708333333,24.1259166666667,23.48059375,22.8562395833333,22.3003125,20.69459375,14.377875,12.3105416666667,11.7116979166667,2018-05-25
"2018-05-26 10:00:00",25.5113333333333,25.21678125,24.7591354166667,24.2447708333333,23.5643645833333,22.9893020833333,22.4414166666667,20.6664479166667,14.9464791666667,12.4137604166667,11.7721979166667,2018-05-26
"2018-05-27 10:00:00",27.4266979166667,26.2240520833333,25.6162708333333,25.0621666666667,24.0825520833333,23.1083333333333,22.5553958333333,21.1721770833333,14.59540625,12.3540416666667,11.7363020833333,2018-05-27
"2018-05-28 10:00:00",27.4556458333333,26.5420208333333,26.0831875,25.25340625,24.0829791666667,23.2158020833333,22.6756458333333,20.8586458333333,15.0929166666667,12.49771875,11.8124479166667,2018-05-28
"2018-05-29 10:00:00",25.8551354166667,25.4966979166667,25.0967083333333,24.5228020833333,23.8868958333333,23.3913125,22.98390625,20.7085625,15.4268541666667,12.6742708333333,11.8858541666667,2018-05-29
"2018-05-30 10:00:00",24.8260416666667,24.76015625,24.7042291666667,24.5456458333333,24.1933854166667,23.7847395833333,23.4413125,21.5174895833333,15.8739375,13.2287604166667,12.2413229166667,2018-05-30
"2018-05-31 10:00:00",26.1418125,26.0279583333333,25.7974583333333,25.6362708333333,25.3962604166667,25.1655625,24.4923229166667,21.051125,15.66353125,12.7282291666667,11.9582708333333,2018-05-31
"2018-06-01 10:00:00",27.2300625,27.0821875,27.05815625,26.9349583333333,26.5888333333333,25.546875,24.5925416666667,20.9475520833333,15.4455520833333,12.7057291666667,11.9001458333333,2018-06-01
"2018-06-02 10:00:00",28.0923125,27.6307291666667,27.0253958333333,26.2643958333333,25.6431041666667,25.1199791666667,24.447375,21.2327083333333,15.6609791666667,12.8427708333333,11.9251875,2018-06-02
"2018-06-03 10:00:00",26.394,26.391375,26.4369583333333,26.4751354166667,26.3749791666667,26.32096875,26.30096875,24.6486979166667,16.3716458333333,13.0452291666667,11.97784375,2018-06-03
"2018-06-04 10:00:00",25.5941875,25.59715625,25.6485,25.69021875,25.5997395833333,25.5660104166667,25.5848020833333,25.35521875,18.04171875,13.4686875,12.2909166666667,2018-06-04
"2018-06-05 10:00:00",25.1293958333333,25.1245520833333,25.1549895833333,25.1768020833333,25.0748958333333,25.0247291666667,25.01625,24.6772083333333,17.238875,13.3310208333333,12.24378125,2018-06-05
"2018-06-06 10:00:00",25.0853645833333,24.8158125,24.5803854166667,24.4651666666667,24.2968541666667,24.14178125,24.03559375,23.3822083333333,17.57825,13.4776354166667,12.3066145833333,2018-06-06
"2018-06-07 10:00:00",24.6114583333333,24.5085104166667,24.3742083333333,24.23940625,24.0691666666667,23.9385104166667,23.8911354166667,23.5318854166667,19.7799895833333,13.78053125,12.42303125,2018-06-07
"2018-06-08 10:00:00",26.3234583333333,26.1045416666667,25.8469479166667,25.5451145833333,25.0645208333333,24.5620625,24.18275,23.04003125,20.1850625,13.83971875,12.4088958333333,2018-06-08
"2018-06-09 10:00:00",25.70325,25.421375,25.39096875,25.3733020833333,25.1736458333333,24.978,24.7165,23.5071354166667,19.4441770833333,14.52340625,12.85290625,2018-06-09
"2018-06-10 10:00:00",25.3117916666667,25.2873125,25.31834375,25.3422604166667,25.2406458333333,25.1336145833333,24.68621875,23.2371458333333,19.67778125,14.6895729166667,12.9901666666667,2018-06-10
"2018-06-11 10:00:00",25.0435,25.00159375,24.9754270833333,24.92459375,24.6472604166667,24.3799270833333,24.155875,22.8426354166667,18.4368229166667,14.4994583333333,12.775,2018-06-11
"2018-06-12 10:00:00",24.8368854166667,24.80490625,24.77940625,24.7269270833333,24.5072708333333,24.3741979166667,24.323,23.5395729166667,18.677,14.3491041666667,12.7188333333333,2018-06-12
"2018-06-13 10:00:00",26.378375,26.3056041666667,26.2143333333333,25.927,25.43359375,24.9118645833333,24.65946875,23.1073125,18.7116875,14.3007604166667,12.8259270833333,2018-06-13
"2018-06-14 10:00:00",27.3578541666667,26.4176458333333,25.973125,25.66084375,25.1711875,24.8383541666667,24.4701666666667,23.1347083333333,18.4724791666667,14.5792708333333,12.8753229166667,2018-06-14
"2018-06-15 10:00:00",27.3217083333333,26.5307916666667,26.1408958333333,25.7000729166667,25.2537708333333,24.88134375,24.5386041666667,22.9721354166667,18.7038229166667,14.6751041666667,12.9225208333333,2018-06-15
"2018-06-16 10:00:00",28.8222395833333,27.8293541666667,26.9492395833333,26.34425,25.58971875,25.0230104166667,24.5888645833333,22.94115625,18.7203541666667,14.7509479166667,13.1452395833333,2018-06-16
"2018-06-17 10:00:00",30.6653645833333,29.88403125,28.8826979166667,27.4342083333333,26.0954270833333,25.1132604166667,24.7581458333333,23.0975208333333,19.1085520833333,15.11171875,13.5035416666667,2018-06-17
"2018-06-18 10:00:00",31.0482604166667,30.9777083333333,30.8859166666667,29.60459375,26.8131145833333,25.4424375,24.665,22.6846458333333,18.9335625,14.7469166666667,13.1341354166667,2018-06-18
"2018-06-19 10:00:00",30.9210833333333,30.8931666666667,30.8481875,30.0381354166667,28.24834375,26.06234375,24.8734375,22.7068958333333,19.0093645833333,14.93803125,13.1883958333333,2018-06-19
"2018-06-20 10:00:00",30.5197395833333,30.4913854166667,30.4704791666667,30.1303958333333,28.9671979166667,27.1529791666667,25.282,22.5893958333333,19.10271875,15.2750104166667,13.42634375,2018-06-20
"2018-06-21 10:00:00",28.3871770833333,28.3911979166667,28.3586666666667,28.1135104166667,27.51578125,26.8462083333333,25.71009375,22.6766145833333,19.1986770833333,15.33128125,13.3882604166667,2018-06-21
"2018-06-22 10:00:00",27.2708958333333,27.2591145833333,27.2352916666667,27.0611458333333,26.7149479166667,26.4043229166667,25.8186666666667,22.7288854166667,19.0994583333333,15.53134375,13.3706979166667,2018-06-22
"2018-06-23 10:00:00",26.913375,26.892125,26.9068229166667,26.9152291666667,26.78028125,26.64325,25.9386458333333,22.72665625,19.22165625,15.32540625,13.29684375,2018-06-23
"2018-06-24 10:00:00",27.5214166666667,27.4899479166667,27.4624479166667,27.38384375,27.15028125,26.7387291666667,26.0734270833333,22.85659375,19.0716354166667,15.4901875,13.5175625,2018-06-24
"2018-06-25 10:00:00",26.2146145833333,26.1961145833333,26.1938541666667,26.0725729166667,25.7725416666667,25.5133854166667,25.2309479166667,22.9889166666667,19.0407604166667,15.605125,13.6869791666667,2018-06-25
"2018-06-26 10:00:00",25.2053958333333,25.205875,25.2418020833333,25.274125,25.1631041666667,25.0576770833333,24.840125,23.0826041666667,19.3625833333333,15.58215625,13.7344479166667,2018-06-26
"2018-06-27 10:00:00",25.98775,25.93515625,25.8475104166667,25.6505104166667,25.1459479166667,24.8333854166667,24.6641770833333,23.6211354166667,19.39334375,15.7394375,13.6801458333333,2018-06-27
"2018-06-28 10:00:00",28.46240625,27.7069895833333,26.63425,25.821,25.1555416666667,24.7309895833333,24.3902708333333,23.31021875,19.25996875,15.6202083333333,13.7838854166667,2018-06-28
"2018-06-29 10:00:00",27.4552291666667,26.84671875,26.5248229166667,26.11915625,25.5538854166667,25.08440625,24.60090625,23.1252916666667,19.3016145833333,15.9674375,13.89815625,2018-06-29
"2018-06-30 10:00:00",29.68253125,28.9055104166667,27.8942291666667,26.8959270833333,25.8832708333333,25.0773229166667,24.5676354166667,23.15096875,19.4374583333333,15.7447395833333,13.90509375,2018-06-30
"2018-07-01 10:00:00",28.442125,28.1408020833333,27.4703958333333,26.9177604166667,26.20325,25.4960520833333,24.8781041666667,22.98553125,19.4090625,16.02203125,13.99375,2018-07-01
"2018-07-02 10:00:00",30.0897395833333,29.5959375,28.9142291666667,28.1521041666667,27.1154375,26.1537708333333,25.1087291666667,22.890375,19.6162291666667,16.0657708333333,14.3698125,2018-07-02
"2018-07-03 10:00:00",28.7376979166667,28.7546354166667,28.5103020833333,28.19546875,27.7853958333333,27.1476875,25.8623333333333,23.5143854166667,20.5944166666667,16.8117291666667,14.67896875,2018-07-03
"2018-07-04 10:00:00",31.185,30.4364583333333,29.4195729166667,28.82153125,28.15159375,27.25025,26.1061770833333,23.4686145833333,20.1528020833333,16.80546875,14.4957083333333,2018-07-04
"2018-07-05 10:00:00",31.0797395833333,31.0414479166667,30.9930833333333,30.9486979166667,30.46021875,29.4655208333333,27.7450104166667,23.4867708333333,20.4958958333333,16.6278333333333,14.71634375,2018-07-05
"2018-07-06 10:00:00",29.36025,29.44778125,29.48653125,29.50790625,29.40296875,29.2888020833333,28.42103125,23.5401770833333,20.3250104166667,16.8643854166667,14.6713958333333,2018-07-06
"2018-07-07 10:00:00",28.1955520833333,28.2342916666667,27.85525,27.6452916666667,27.4125729166667,27.1907916666667,26.8688229166667,24.0423333333333,19.9894166666667,16.9633541666667,14.7259895833333,2018-07-07
"2018-07-08 10:00:00",29.3893541666667,29.14659375,28.25803125,27.5533229166667,27.1175104166667,26.9057083333333,26.7030208333333,23.8322291666667,20.2694375,16.9936041666667,14.6712604166667,2018-07-08
"2018-07-09 10:00:00",30.1826770833333,29.9939270833333,29.89915625,29.31359375,28.3649270833333,27.292,26.470125,23.5676875,19.5320833333333,16.1968229166667,14.56796875,2018-07-09
"2018-07-10 10:00:00",30.4708854166667,30.3740208333333,30.3225729166667,30.0339375,29.2154166666667,28.1422604166667,26.8026979166667,23.2479270833333,19.6766354166667,16.4506875,14.5933229166667,2018-07-10
"2018-07-11 10:00:00",29.8845104166667,29.783875,29.74946875,29.5954791666667,28.9279895833333,28.0527395833333,26.8548125,23.3910729166667,19.87384375,16.4634479166667,14.58440625,2018-07-11
"2018-07-12 10:00:00",29.46621875,29.2203229166667,29.0715208333333,28.83365625,28.0695,27.5168854166667,26.9900104166667,23.4909895833333,19.7244895833333,16.5527916666667,14.59715625,2018-07-12
"2018-07-13 10:00:00",30.5975,30.3722916666667,29.7002291666667,28.4293645833333,27.8545520833333,27.4535104166667,26.87275,23.6621979166667,19.5385208333333,16.6750104166667,14.5677604166667,2018-07-13
"2018-07-14 10:00:00",31.1297708333333,30.6189479166667,29.63815625,28.5365104166667,27.9145729166667,27.53990625,27.14028125,23.4905520833333,19.6503125,16.5489166666667,14.5990625,2018-07-14
"2018-07-15 10:00:00",29.5244479166667,29.2152395833333,28.9861979166667,28.7050520833333,28.33940625,27.8951145833333,27.1422604166667,23.5638229166667,19.7851041666667,16.7189791666667,14.717,2018-07-15
"2018-07-16 10:00:00",29.7613020833333,29.6408541666667,29.55153125,29.42178125,29.1199791666667,28.8715520833333,28.3817604166667,24.0876041666667,23.5603333333333,27.95121875,NA,2018-07-16
"2018-07-17 10:00:00",29.2033229166667,29.1894166666667,29.224125,29.2519583333333,29.15246875,29.1099375,29.1015104166667,25.0806041666667,24.8798229166667,29.0977916666667,NA,2018-07-17
"2018-07-18 10:00:00",28.67559375,28.3643125,28.24059375,28.1091979166667,27.9393541666667,27.76878125,27.43990625,24.4750625,24.2132083333333,27.3682083333333,NA,2018-07-18
"2018-07-19 10:00:00",27.4963333333333,27.4535,27.4091875,27.38121875,27.2270104166667,27.0515104166667,26.7783645833333,25.364125,25.0904479166667,26.7426458333333,NA,2018-07-19
"2018-07-20 10:00:00",26.096875,26.106375,26.1619895833333,26.2058125,26.1197395833333,26.0839270833333,26.0285208333333,24.52765625,24.43684375,26.0115104166667,NA,2018-07-20
"2018-07-21 10:00:00",25.8256979166667,25.8161145833333,25.8547291666667,25.8920833333333,25.7782083333333,25.70875,25.6816458333333,25.30125,25.2530208333333,25.6786354166667,NA,2018-07-21
"2018-07-22 10:00:00",25.91990625,25.8988229166667,25.9195416666667,25.9227708333333,25.80725,25.7326666666667,25.7224895833333,25.63253125,25.4689583333333,25.4338958333333,17.55,2018-07-22
"2018-07-23 10:00:00",26.7569375,26.6734479166667,26.6139166666667,26.5954375,26.3836354166667,26.0661145833333,25.63546875,24.9948020833333,21.3954791666667,17.3091875,15.3513125,2018-07-23
"2018-07-24 10:00:00",26.6970729166667,26.60546875,26.56728125,26.5695104166667,26.3663229166667,26.0774375,25.7492083333333,24.7779375,21.66175,17.4638333333333,15.5265833333333,2018-07-24
"2018-07-25 10:00:00",27.35021875,27.27153125,27.2574895833333,27.24475,27.0112604166667,26.7030208333333,26.3142916666667,25.0987708333333,21.6166875,17.5761770833333,15.41753125,2018-07-25
"2018-07-26 10:00:00",27.9045104166667,27.7908229166667,27.5137916666667,27.2237395833333,26.7374375,25.9253541666667,25.5268645833333,24.90265625,21.5255520833333,17.7333854166667,15.6602916666667,2018-07-26
"2018-07-27 10:00:00",27.2469791666667,27.2190416666667,27.21934375,27.17528125,27.0149791666667,26.8249895833333,26.5376458333333,25.5322395833333,21.8246145833333,17.5476145833333,15.5832291666667,2018-07-27
"2018-07-28 10:00:00",28.3302916666667,28.1367083333333,27.9665520833333,26.77959375,26.3021145833333,26.0734791666667,25.8896875,25.0670833333333,21.6812291666667,17.7179166666667,15.6112916666667,2018-07-28
"2018-07-29 10:00:00",27.76159375,27.5309895833333,27.2362604166667,26.96971875,26.508875,26.0247395833333,25.7635416666667,25.1435208333333,21.4259479166667,17.779625,15.5162291666667,2018-07-29
"2018-07-30 10:00:00",26.5676979166667,26.515375,26.5065833333333,26.4452083333333,26.2678645833333,26.0324479166667,25.8115416666667,24.840625,20.9496875,16.9956770833333,15.0064895833333,2018-07-30
"2018-07-31 10:00:00",25.8831145833333,25.8534583333333,25.8722083333333,25.8708854166667,25.7276770833333,25.5830729166667,25.52025,25.01859375,21.0922395833333,17.00815625,15.17328125,2018-07-31
"2018-08-01 10:00:00",26.1201458333333,26.0235,25.95784375,25.8036770833333,25.42628125,25.2801770833333,25.2337916666667,24.7436875,21.3103333333333,16.9579270833333,15.2349895833333,2018-08-01
"2018-08-02 10:00:00",26.0085416666667,25.5560833333333,25.44490625,25.3886979166667,25.2083854166667,25.0951666666667,25.04615625,24.801875,20.8789166666667,17.1457395833333,15.2538333333333,2018-08-02
"2018-08-03 10:00:00",28.0144270833333,27.6706875,26.7016354166667,25.94678125,25.3888020833333,25.1905729166667,25.05909375,24.55725,21.35596875,17.1549895833333,15.2462083333333,2018-08-03
"2018-08-04 10:00:00",29.5891145833333,29.3002916666667,28.4266979166667,26.8214895833333,25.7562291666667,25.2667083333333,25.0938854166667,24.5498854166667,21.25290625,17.1303541666667,15.22703125,2018-08-04
"2018-08-05 10:00:00",29.2836666666667,29.08675,28.168375,27.0086145833333,26.1423541666667,25.5965833333333,25.30978125,24.4793125,21.18784375,17.25134375,15.3314895833333,2018-08-05
"2018-08-06 10:00:00",29.3949375,29.14171875,28.5664479166667,27.7949270833333,27.0319895833333,26.4920625,26.1454895833333,24.7274166666667,21.1854791666667,17.5913125,15.4290729166667,2018-08-06
"2018-08-07 10:00:00",28.8436979166667,28.7528229166667,28.7004270833333,28.30603125,27.6668125,26.7148854166667,25.90725,24.5428958333333,21.7484479166667,17.5238854166667,15.702625,2018-08-07
"2018-08-08 10:00:00",28.9881354166667,28.8822708333333,28.8486770833333,28.7005208333333,28.1401979166667,27.489125,26.5951770833333,24.3108645833333,21.6904375,17.6488229166667,15.7145208333333,2018-08-08
"2018-08-09 10:00:00",29.58475,29.4548645833333,29.287,28.53678125,27.6411041666667,27.06221875,26.5447604166667,24.6459375,21.2250104166667,17.7949166666667,15.785,2018-08-09
"2018-08-10 10:00:00",29.3371979166667,29.2451666666667,29.0575520833333,28.6244375,27.9892395833333,27.2419895833333,26.6370520833333,24.4154895833333,21.6680833333333,17.80253125,15.6962083333333,2018-08-10
"2018-08-11 10:00:00",28.84075,28.7714479166667,28.7706875,28.7606041666667,28.56671875,27.8913645833333,27.1438125,24.39378125,21.4668020833333,17.9101145833333,15.7733020833333,2018-08-11
"2018-08-12 10:00:00",28.2406979166667,28.1657291666667,28.1176770833333,28.012625,27.7338125,27.3625625,26.8590833333333,24.6789791666667,21.2588645833333,18.21446875,15.9140520833333,2018-08-12
"2018-08-13 10:00:00",27.644,27.287,27.288,27.301,27.201,27.114,26.959,23.565,20.957,18.448,15.397,2018-08-13
"2018-08-26 10:00:00",26.222,25.405,25.2855,25.3455,25.2455,24.978,26.522,24.964,25.1145,26.4265,NA,2018-08-26
"2018-08-27 10:00:00",26.5422395833333,26.3066770833333,25.96971875,25.5470520833333,25.1993958333333,25.0195208333333,24.9073541666667,24.6162395833333,24.0012604166667,19.6116979166667,16.90459375,2018-08-27
"2018-08-28 10:00:00",27.35271875,26.9607604166667,26.62015625,26.0782395833333,25.5470416666667,25.17740625,24.9358854166667,24.5551666666667,23.7004479166667,19.6355104166667,16.8131875,2018-08-28
"2018-08-29 10:00:00",27.1455729166667,27.0995833333333,27.0879479166667,26.96759375,26.7236666666667,26.505,26.0891458333333,24.80128125,23.4359375,19.9813125,16.8478854166667,2018-08-29
"2018-08-30 10:00:00",27.7368541666667,27.5556458333333,27.46609375,27.3217916666667,27.0160625,26.7432916666667,26.4150416666667,24.74771875,23.2657708333333,19.4479583333333,17.0455625,2018-08-30
"2018-08-31 10:00:00",27.1919166666667,26.6447916666667,26.5620208333333,26.4415625,26.2116770833333,25.9802604166667,25.79278125,24.91321875,23.17471875,19.5442708333333,16.8741145833333,2018-08-31
"2018-09-01 10:00:00",26.2270625,26.1697916666667,26.1501145833333,26.1146041666667,25.9753854166667,25.9125416666667,25.8848541666667,25.1964583333333,22.96975,19.65203125,16.8938645833333,2018-09-01
"2018-09-02 10:00:00",26.9345416666667,26.63959375,26.51175,26.3934166666667,26.2068958333333,26.0987083333333,26.0028854166667,25.3229270833333,22.9875729166667,19.665,17.00015625,2018-09-02
"2018-09-03 10:00:00",27.8515104166667,27.2439791666667,27.1191354166667,26.97234375,26.7308541666667,26.4839895833333,26.1861041666667,25.2035729166667,23.0818125,19.7224479166667,17.0073125,2018-09-03
"2018-09-04 10:00:00",28.04325,27.5580729166667,27.4419479166667,27.2351145833333,26.8988645833333,26.6166770833333,26.3544166666667,25.20103125,23.2061666666667,19.9168333333333,17.4826458333333,2018-09-04
"2018-09-05 10:00:00",27.4482291666667,27.196,27.05721875,26.9120416666667,26.62703125,26.3687916666667,26.1838541666667,25.50078125,23.378,19.8935729166667,17.5431354166667,2018-09-05
"2018-09-06 10:00:00",28.3408541666667,28.24225,28.20415625,28.1161354166667,27.6962708333333,27.2516354166667,26.7154479166667,25.48565625,23.6506458333333,20.5867395833333,18.03178125,2018-09-06
"2018-09-07 10:00:00",27.1863958333333,27.1315520833333,27.1324375,27.0651354166667,26.9072604166667,26.8367291666667,26.8069479166667,26.3164375,23.406,20.9266666666667,18.2173229166667,2018-09-07
"2018-09-08 10:00:00",25.43678125,25.4585104166667,25.5179166666667,25.5633333333333,25.48409375,25.4618645833333,25.4896979166667,25.2396770833333,23.5738229166667,20.76884375,18.1440833333333,2018-09-08
"2018-09-09 10:00:00",23.70690625,23.7189583333333,23.7807604166667,23.8252395833333,23.7404375,23.6601145833333,23.3752083333333,21.1652291666667,20.2438541666667,19.6402395833333,18.9883333333333,2018-09-09
"2018-09-10 10:00:00",22.4004791666667,22.40590625,22.4642083333333,22.5047708333333,22.4018020833333,22.1497916666667,21.303875,19.7508645833333,19.0553958333333,18.8552708333333,18.574875,2018-09-10
"2018-09-11 10:00:00",21.9812604166667,21.7500520833333,21.7009479166667,21.3903333333333,20.9465625,20.5058020833333,20.0776979166667,19.3720520833333,18.9750833333333,18.6998854166667,18.3661041666667,2018-09-11
"2018-09-12 10:00:00",22.1142083333333,21.9828229166667,21.9508333333333,21.8157395833333,21.47334375,20.9514791666667,19.99821875,19.0841145833333,18.8740416666667,18.7060520833333,18.31896875,2018-09-12
"2018-09-13 10:00:00",23.4396875,22.3215,22.092125,21.8302708333333,21.3818125,20.6593020833333,20.2778125,19.5200104166667,18.9669479166667,18.6548229166667,18.2393541666667,2018-09-13
"2018-09-14 10:00:00",25.16471875,24.7563229166667,24.50871875,24.08603125,22.28771875,20.55159375,20.00003125,19.3180104166667,18.9563958333333,18.7876354166667,18.3036979166667,2018-09-14
"2018-09-15 10:00:00",25.5508020833333,25.03578125,24.3390208333333,23.08959375,21.61790625,20.7570208333333,20.40059375,19.5641770833333,18.9193958333333,18.6772916666667,18.2159166666667,2018-09-15
"2018-09-16 10:00:00",24.2975729166667,23.7212916666667,23.4537291666667,22.9800625,22.25478125,21.3263854166667,20.5349583333333,19.5517604166667,19.0002604166667,18.69615625,18.1470416666667,2018-09-16
"2018-09-17 10:00:00",24.53553125,24.472125,24.4710416666667,24.44409375,24.2764375,23.4914895833333,21.5251354166667,19.7086666666667,19.1096770833333,18.67871875,18.0196770833333,2018-09-17
"2018-09-18 10:00:00",25.4460104166667,24.4851145833333,24.23346875,23.9048333333333,23.18215625,22.29809375,21.4236145833333,19.697875,19.0408645833333,18.5595416666667,18.0128229166667,2018-09-18
"2018-09-19 10:00:00",25.8729270833333,24.6714270833333,24.3547916666667,23.90425,23.2342291666667,22.3307291666667,21.4353229166667,19.6743333333333,19.0662291666667,18.6206770833333,18.0207083333333,2018-09-19
"2018-09-20 10:00:00",24.92084375,24.3575625,24.161,23.8113854166667,23.2192916666667,22.5594791666667,21.5516354166667,19.6264479166667,19.0235833333333,18.61584375,18.1103541666667,2018-09-20
"2018-09-21 10:00:00",24.6220729166667,24.5950416666667,24.5637083333333,24.3708229166667,24.1950729166667,24.0580104166667,23.8214895833333,20.9031354166667,19.0641979166667,18.52609375,17.69921875,2018-09-21
"2018-09-22 10:00:00",23.3514270833333,23.3593854166667,23.4193645833333,23.4592291666667,23.3563854166667,23.1479479166667,22.4859375,19.9781041666667,19.0551145833333,18.4898645833333,17.73275,2018-09-22
"2018-09-23 10:00:00",22.478625,22.3165729166667,22.3330833333333,22.3332395833333,22.21840625,22.1158854166667,21.9621041666667,20.2906770833333,19.06925,18.4865625,17.7278020833333,2018-09-23
"2018-09-24 10:00:00",21.5870833333333,21.5928333333333,21.6519791666667,21.6885104166667,21.5365833333333,21.2933854166667,20.9724375,20.0729479166667,19.1860104166667,18.5664375,17.8286354166667,2018-09-24
"2018-09-25 10:00:00",21.64975,21.64509375,21.6984895833333,21.71984375,21.5837083333333,21.4960833333333,21.46565625,21.1851875,19.7870416666667,18.56015625,17.9117083333333,2018-09-25
"2018-09-26 10:00:00",21.6075416666667,21.61453125,21.6734791666667,21.7169791666667,21.6300416666667,21.605875,21.635625,21.6301666666667,21.1808020833333,19.3196979166667,17.8297395833333,2018-09-26
"2018-09-27 10:00:00",20.8165625,20.8238958333333,20.8834791666667,20.92775,20.8407916666667,20.82103125,20.8487395833333,20.5471666666667,19.832875,18.73925,17.6836770833333,2018-09-27
"2018-09-28 10:00:00",20.772125,20.46775,20.3495208333333,20.3256354166667,20.21003125,20.1168020833333,20.0823645833333,19.8959166666667,19.5484479166667,18.7014583333333,17.7330729166667,2018-09-28
"2018-09-29 10:00:00",20.3457395833333,20.0233958333333,20.0216666666667,20.0006666666667,19.8867291666667,19.8258645833333,19.8130833333333,19.5481875,19.012375,18.4293229166667,17.8112083333333,2018-09-29
"2018-09-30 10:00:00",20.31971875,20.14134375,20.0366979166667,19.9735416666667,19.836,19.7719583333333,19.7315,19.5177083333333,18.9961979166667,18.4116458333333,17.8836041666667,2018-09-30
"2018-10-01 10:00:00",21.06346875,20.4916770833333,20.2941354166667,20.1696666666667,19.9704166666667,19.8273229166667,19.7140520833333,19.2736979166667,18.9387083333333,18.478625,17.8670416666667,2018-10-01
"2018-10-02 10:00:00",22.29303125,22.1387604166667,21.90928125,21.4416458333333,20.7830208333333,20.2510833333333,19.8730208333333,19.3707291666667,18.8458645833333,18.3683645833333,17.8687395833333,2018-10-02
"2018-10-03 10:00:00",21.7145520833333,21.4462395833333,21.0696875,20.8649375,20.48303125,20.2810729166667,20.023,19.48865625,18.9458854166667,18.3493125,17.86390625,2018-10-03
"2018-10-04 10:00:00",22.4381666666667,22.39946875,22.4027708333333,22.3478645833333,21.9675416666667,21.4832291666667,21.0031875,19.88146875,18.9624270833333,18.4636458333333,17.9588125,2018-10-04
"2018-10-05 10:00:00",21.9255416666667,21.826,21.7373229166667,21.5140520833333,21.13871875,20.877125,20.66015625,19.7591875,19.0928645833333,18.4469791666667,17.8303125,2018-10-05
"2018-10-06 10:00:00",22.1535625,21.9699479166667,21.7968333333333,21.6456145833333,21.4374375,21.29303125,21.1457604166667,19.8070625,18.9039479166667,18.3786770833333,17.7399583333333,2018-10-06
"2018-10-07 10:00:00",23.0819468085106,22.7650425531915,22.4783617021277,22.3373617021277,22.0768404255319,21.5680319148936,20.9895638297872,19.7294255319149,19.0083829787234,18.4950638297872,17.9174042553191,2018-10-07
