"RDateTime","rbrMeanT_1.6","rbrMeanT_1.25","rbrMeanT_1","rbrMeanT_0.75","rbrMeanT_0.5","rbrMeanT_0.25","rbrMeanT_0.1","year","monthday"
2017-05-10,14.1037308978517,14.8284971653144,15.6270169631225,16.4320356360218,17.2846506927089,17.7106374012481,NA,2017,2019-05-10
2017-05-11,13.10493774589,13.1971864963738,13.648231958353,14.3006307402535,14.5464503691366,14.5971231569444,NA,2017,2019-05-11
2017-05-12,13.8545440911482,13.9135089289132,14.0681895495938,14.2184081945116,14.3501023900127,14.4231729860775,NA,2017,2019-05-12
2017-05-13,14.3630037913021,14.1671968949653,14.5271298593542,15.0524301232211,15.4549972731331,15.6215183533704,NA,2017,2019-05-13
2017-05-14,14.5302038138657,14.7377221967593,15.3393995332488,15.941176538316,16.3010019146539,16.3776987184699,NA,2017,2019-05-14
2017-05-15,19.1829849396863,18.9102666600532,19.3627252794005,19.579100239706,19.7613043594803,19.9329209462454,NA,2017,2019-05-15
2017-05-16,21.3276388538773,21.4207284528819,21.5617146739792,21.6699406204167,21.812826174412,21.8988241114016,NA,2017,2019-05-16
2017-05-17,22.1509025832812,22.2167459111991,22.2368446886852,22.2471073678426,22.2543701030139,22.2596570178322,NA,2017,2019-05-17
2017-05-18,22.8669995824259,22.8607537073229,23.0759408317766,23.2489621845336,23.3845621426609,23.4560664588079,NA,2017,2019-05-18
2017-05-19,22.376011075985,22.8489874631551,23.350889150713,23.5608815545914,23.6549118972222,23.7545728778437,NA,2017,2019-05-19
2017-05-20,22.1053456527685,22.2473838786505,22.6140923860752,22.8067290442199,22.935788191412,23.0225003449757,NA,2017,2019-05-20
2017-05-21,21.4604133737268,21.9148815359514,22.1970569707199,22.3311805475417,22.3854863837604,22.4097277463449,NA,2017,2019-05-21
2017-05-22,20.4059480273657,20.6133645845359,21.0320762572118,21.3359967170961,21.6155470786574,21.8451539012199,NA,2017,2019-05-22
2017-05-23,21.3889661412326,21.5384579866562,22.0270558493889,22.2335101859572,22.3325594289641,22.3627343291366,NA,2017,2019-05-23
2017-05-24,17.1032034093484,18.0503686633669,18.552980465316,18.94451190014,19.288824959684,19.7806732907141,NA,2017,2019-05-24
2017-05-25,16.3286901705693,15.7687958905405,15.8889960630127,16.0529641164734,16.3240074264363,16.654495887941,NA,2017,2019-05-25
2017-05-26,17.3229404806424,17.3496119554072,18.4296163293526,19.2706825438156,19.7333557504266,19.9975648925889,20.3436151253015,2017,2019-05-26
2017-05-27,18.0646898751076,18.2750330305046,18.8734331149433,19.7453220718461,20.396569074287,21.2086853550185,21.4270429556018,2017,2019-05-27
2017-05-28,18.7853329632454,19.2944449243079,20.8128019133657,21.374748614787,21.475473506103,21.5169000433229,21.5294800103507,2017,2019-05-28
2017-05-29,19.1081271624317,19.6656804790567,21.5395329092477,21.9390355368796,22.1240633546215,22.3020268631759,22.3385782549699,2017,2019-05-29
2017-05-30,18.3225855959016,18.6474131901146,18.9529709785336,19.8422088717153,20.4531602300868,20.6072960953623,20.6289038903958,2017,2019-05-30
2017-05-31,18.4532545761748,18.2366792094236,19.3343853461597,20.0822062230093,20.5347261264722,20.6688324195602,20.7014459677963,2017,2019-05-31
2017-06-01,19.1718156960602,18.6173616860243,20.1011428827917,20.4690583011458,20.880122063838,21.3481381252106,21.549958133647,2017,2019-06-01
2017-06-02,20.2388530998982,19.5259232395069,21.4037280130093,21.965812419309,22.3416644187639,22.7889400625775,22.9545080966516,2017,2019-06-02
2017-06-03,22.0594828432662,21.2147084819537,23.6247021135775,24.0022705850579,24.1980036195856,24.5451714788252,24.7980370565949,2017,2019-06-03
2017-06-04,22.7865338938634,22.6023964751111,24.2195044116794,24.8021893334062,25.1097744198275,25.2402808563194,25.2646697764965,2017,2019-06-04
2017-06-05,22.8918013714109,22.5809015477326,23.8590921556968,24.2265777662569,24.5037491117963,24.6931299503356,24.7451625697222,2017,2019-06-05
2017-06-06,21.0348109290613,21.1243636595741,21.8432561927292,22.5663070047755,22.8111952824329,22.8763651218611,22.8864992118715,2017,2019-06-06
2017-06-07,20.4923875476725,20.7623983945185,20.87622384575,21.1540329025197,21.2550388519016,21.2784608188993,21.2744068735289,2017,2019-06-07
2017-06-08,20.8978354578762,20.465077590375,21.5760214668808,22.037806712787,22.4015772344583,22.6905822708264,22.8299324345822,2017,2019-06-08
2017-06-09,22.7708229976184,22.3641771878712,22.6218555959777,22.7346492866115,22.8013557105906,22.8501523923408,22.8806539098193,2017,2019-06-09
2017-06-10,24.0472885689664,23.86053119275,23.9092754475567,23.9486565693843,23.9750361568877,23.9982328439039,23.993436701478,2017,2019-06-10
2017-06-11,24.7282513902014,24.6109133371493,24.65010596289,24.6905317177118,24.7279169359641,24.7627761089132,24.7675218826863,2017,2019-06-11
2017-06-12,25.9049122186308,25.8429074172222,25.9549422439352,26.0930243559294,26.2222910713056,26.3191114318009,26.3456975129097,2017,2019-06-12
2017-06-13,25.5665364220382,25.6409075052465,25.7858430802986,25.9731752996644,26.085843665441,26.1595029712535,26.1775326932581,2017,2019-06-13
2017-06-14,23.3749319522917,23.7851173331111,24.1125151178484,24.7225444566748,24.9737467854919,25.038655307169,25.0318287209873,2017,2019-06-14
2017-06-15,21.5172123217164,21.5113330122002,22.5304480934097,23.9055303038345,24.3676160581146,24.7578727924931,24.9737093918125,2017,2019-06-15
2017-06-16,21.6163291153368,24.417946698169,25.7673352076435,26.6720263072454,26.8950754627303,27.1374500619537,27.3862624054456,2017,2019-06-16
2017-06-17,22.5619413092315,26.6500652695475,27.2083128593542,27.2813242845787,27.302968156941,27.3119213685058,27.3021468738507,2017,2019-06-17
2017-06-18,22.9384140786181,24.582155288507,24.9213490681262,25.4277665006354,25.5958540779329,25.6421901939271,25.6441336439896,2017,2019-06-18
2017-06-19,22.2098039277315,23.2471028171204,24.5559024187442,24.8441996547639,24.9271580377049,24.9681391991551,24.9675869116192,2017,2019-06-19
2017-06-20,21.9163576724792,23.0284125660787,23.6465193490787,24.0508923224259,24.3609587601215,24.4834084955984,24.4999490362755,2017,2019-06-20
2017-06-21,22.1110739392222,24.6088964280093,25.4238967733218,25.8298315746644,26.0298628983958,26.1533239308576,26.1641338703472,2017,2019-06-21
2017-06-22,22.8856702051898,25.9994932097998,26.2257090490891,26.2619376332986,26.2709622004988,26.2734490638241,26.263505229765,2017,2019-06-22
2017-06-23,21.3615102195081,21.5240026381632,21.6055869518194,21.7856992272674,21.952070773213,22.1382482871644,22.3373381674664,2017,2019-06-23
2017-06-24,20.3288463386285,19.8241585177014,19.9222046044572,20.181375713081,20.6927508185984,21.6411301270984,21.8453257355833,2017,2019-06-24
2017-06-25,19.9346578032725,19.7525772403785,20.1802504065613,20.6476995064167,21.1916106208391,21.4467021142882,21.4643363841736,2017,2019-06-25
2017-06-26,19.6176589348437,19.78038627559,20.1370261108221,20.4812011995381,20.6244278384553,20.715399277897,20.7599683026779,2017,2019-06-26
2017-06-27,19.4893021857187,19.7508779390451,20.5627848176817,21.0184312893715,21.2007615385475,21.3152129620336,21.3473042143009,2017,2019-06-27
2017-06-28,22.3385634055081,21.9573407611192,22.6060345449144,22.702856266184,22.7235041406574,22.7333100765984,22.7285824533229,2017,2019-06-28
2017-06-29,24.30933546464,24.0620102811945,24.1823078633275,24.2440207649178,24.2936887579942,24.3369745185856,24.3475892008692,2017,2019-06-29
2017-06-30,23.2117785687153,23.7757957284294,23.9232444500046,24.347283948588,24.559354731515,24.6614624926562,24.6734454749155,2017,2019-06-30
2017-07-01,21.5856324060521,21.5299282698241,22.4822429383576,23.5631832719769,24.027377026265,24.3261252985532,24.3980720202431,2017,2019-07-01
2017-07-02,22.3346688311111,22.3022448336516,23.2505382099583,23.8321770474144,24.2375006598148,24.5610243627581,24.6349822126887,2017,2019-07-02
2017-07-03,24.5282918111065,24.2638398855845,25.2628225222442,25.9624824431042,26.5064228139502,27.0649775021123,27.4378573523102,2017,2019-07-03
2017-07-04,25.1755157567338,25.3060835212419,26.5818079609711,27.3076429747315,27.5524615578993,27.61268703436,27.6262017780278,2017,2019-07-04
2017-07-05,25.9994126564687,25.7665688797523,27.272589014147,27.8894863986146,28.0050188032789,28.1724497928669,28.2446804228657,2017,2019-07-05
2017-07-06,24.5204714875799,24.7767938716458,25.5285165968437,26.0245212911065,26.2798399930451,26.4990522231157,26.551672818162,2017,2019-07-06
2017-07-07,21.5854245137326,22.101172464765,22.6185078765995,23.1235481630752,23.6439027212257,24.4236958301169,24.6505673864722,2017,2019-07-07
2017-07-08,20.7052631994248,20.371191324456,20.9152769544988,21.8969221714421,22.6120577933125,23.2306233989201,23.3589675578657,2017,2019-07-08
2017-07-09,21.0474715201748,21.5342812649884,23.0513047425613,23.8124176783287,24.2113481319363,24.9595650540949,25.2397510757859,2017,2019-07-09
2017-07-10,21.5192547061308,21.9292673452905,23.5491451337616,24.6506562103044,24.9034259178669,25.0115165264884,25.0284117609317,2017,2019-07-10
2017-07-11,21.3731374135694,21.7479461081412,22.6282707987396,23.199106142588,23.3828492553322,23.4809342315822,23.514939785603,2017,2019-07-11
2017-07-12,22.2248264885914,23.7192958342882,25.2281115110208,25.4817590733831,25.5994910930567,25.6717699015961,25.6926955101771,2017,2019-07-12
2017-07-13,22.6559970269989,23.6602131325926,24.9007683014514,25.7941334897905,26.1251853238819,26.3219314874826,26.376049518456,2017,2019-07-13
2017-07-14,22.6882076491887,22.9692863898442,23.3951571374004,23.8618605261965,24.3791894798581,24.6583160151781,24.7767136961611,2017,2019-07-14
2017-07-15,24.0079845471771,23.8622784386262,24.6676423448437,25.1729744090359,25.4502118339792,25.8692011423079,26.1719142850822,2017,2019-07-15
2017-07-16,23.095279669515,23.7659553707847,24.7328828116319,25.56771915575,26.0182195037268,26.3426966179931,26.4421265553368,2017,2019-07-16
2017-07-17,22.454384724544,21.9836650544306,24.2858545160058,25.39354278611,25.9715242204757,26.6665297122859,27.2860920170891,2017,2019-07-17
2017-07-18,24.8677755922847,24.7575485277732,26.544774237816,27.5113302959977,27.6777497565498,27.7571317184039,27.7865275714028,2017,2019-07-18
2017-07-19,24.8730208969352,24.7825795969676,25.641303795294,26.2344424204456,26.5928183480463,27.2848788592651,27.4887187339005,2017,2019-07-19
2017-07-20,25.5914839754282,25.7532553235787,27.0585758905764,27.6506747505116,27.854350602228,28.0023718495579,28.0656507885752,2017,2019-07-20
2017-07-21,24.8978728328079,24.9234216402407,25.9015823270625,26.3526097598634,26.5592005065775,26.9601685407373,27.1159542210961,2017,2019-07-21
2017-07-22,25.5968935343171,25.6390173150509,26.5261131917512,26.8404962439653,27.0442574895417,27.231359273588,27.269795889934,2017,2019-07-22
2017-07-23,23.8210693818808,24.2296063044838,25.1227647897685,25.7389043132361,25.9572632825208,26.1129407469595,26.1415610080185,2017,2019-07-23
2017-07-24,23.9008787542095,24.0982052293553,24.8060976839699,25.4339289574271,25.7762441757558,25.8869165930984,25.9009122894387,2017,2019-07-24
2017-07-25,25.9625336940023,25.8980889632118,26.8404052723646,27.1403477395903,27.3207966931377,27.4181812398576,27.4271673153657,2017,2019-07-25
2017-07-26,26.1591376663657,26.0049810849144,27.1305617957141,28.1764483473032,28.5325478584861,28.8075439562905,28.9149836802708,2017,2019-07-26
2017-07-27,25.0078232316458,25.2796342098611,25.6925348820937,26.0145975773785,26.3000589776146,26.5080934351794,26.5223621020069,2017,2019-07-27
2017-07-28,24.3925976824618,24.5438714488183,24.9898446871505,25.2824720653889,25.4364439690775,25.4847312965602,25.4838320696412,2017,2019-07-28
2017-07-29,24.1312648906597,24.2529925931493,24.3906834838947,24.6126592347315,24.7763189247477,24.8454101370729,24.842416853397,2017,2019-07-29
2017-07-30,25.2580807691458,25.0544298776007,25.647237197581,26.2805794052141,26.6597628334792,26.8297335845347,26.8554399859398,2017,2019-07-30
2017-07-31,25.6715443148785,25.6051481640949,25.9422630425162,26.5700561633565,27.2309521805926,27.8073940226493,27.9813278504039,2017,2019-07-31
2017-08-01,26.1053757209815,26.0713066197153,26.6031590449757,26.9839177983218,27.0759035012812,27.125640463669,27.1300803711458,2017,2019-08-01
2017-08-02,26.4207599749919,26.3706095161898,26.7334460720035,27.0039028371169,27.1667569268843,27.3202271571018,27.3582553783831,2017,2019-08-02
2017-08-03,27.4198039284086,27.2981095675972,27.5005752655752,27.5836457584456,27.6212875373137,27.6463730135208,27.6396497549213,2017,2019-08-03
2017-08-04,24.8216804195683,25.3409221087512,25.4124133095232,25.4289373825451,25.4369347205914,25.4380979763738,25.4260554202106,2017,2019-08-04
2017-08-05,24.146305274581,24.1669781679942,24.5009693012025,24.7714514176725,24.8783451690451,24.940397025235,24.9443498973044,2017,2019-08-05
2017-08-06,23.5669457090208,23.690708262434,23.9267427936759,24.0769215372049,24.126456570037,24.1323713528773,24.1179013755312,2017,2019-08-06
2017-08-07,23.8933118792245,23.7626312371331,24.1750680190671,24.4532092284097,24.6177499240417,24.7344164458727,24.7390997336343,2017,2019-08-07
2017-08-08,23.8728202985854,24.0568755218368,24.2996577561643,24.5399637482859,24.7896010423634,24.9763569999317,24.99599436764,2017,2019-08-08
2017-08-09,25.429549343294,25.1791037500735,25.6404624844904,25.8834076947618,25.9908605543074,26.1119570311038,26.1751169503515,2017,2019-08-09
2017-08-10,24.3969492764884,24.4463357423194,24.6079301933935,24.8705752282373,25.3235016682431,25.7816698149792,26.1289768380694,2017,2019-08-10
2017-08-11,25.1180258616563,25.1429286635613,25.5495155886412,25.8097002817917,25.9328644249502,25.9929698501759,26.0129303822037,2017,2019-08-11
2017-08-12,23.9883830533657,24.083142561794,24.2223880101296,24.6142622210613,25.0033261438947,25.105608436544,25.12185532139,2017,2019-08-12
2017-08-13,25.412784685985,25.1675650773461,25.7332823618935,26.4504403695937,26.8014329667847,27.0755671456516,27.2964035512477,2017,2019-08-13
2017-08-14,26.1400657669676,26.2369492548206,26.4810820292326,26.6134581204097,26.6755447220799,26.7042765609803,26.7025082546597,2017,2019-08-14
2017-08-15,25.0541993000926,25.0334772379919,25.1650831665845,25.4368559639676,25.837076509603,26.369766387897,26.5292132922986,2017,2019-08-15
2017-08-16,27.8475977827373,27.3262881411933,28.002160140147,28.4920929372407,28.8985582730023,29.1579026616528,29.3001660797384,2017,2019-08-16
2017-08-17,27.7182158242847,27.9974021138681,28.1462230233206,28.2988584119502,28.4045334884063,28.4473047011736,28.4505357662268,2017,2019-08-17
2017-08-18,25.6598488915232,25.8759135996875,26.0589549179849,26.4144113387384,26.6180823312627,26.6565896696192,26.6574095637431,2017,2019-08-18
2017-08-19,26.2385851619583,26.1986412779259,26.3884152899769,26.6017050628137,26.8085267512697,27.0127107050833,27.0885488138704,2017,2019-08-19
2017-08-20,27.4069206347153,27.1870585583785,27.6536104218368,28.0310370553692,28.3103713222315,28.4410777908947,28.4746988848021,2017,2019-08-20
2017-08-21,28.2910933069167,28.2247045051968,28.3973880193935,28.5162606490845,28.5883564724699,28.6657710624745,28.6975355982905,2017,2019-08-21
2017-08-22,26.3929718585359,26.7910019883657,26.8740014508576,27.0246840548958,27.091841609463,27.1013578264884,27.0929975249375,2017,2019-08-22
2017-08-23,25.4945329387211,25.6295947103183,25.6950318015116,25.8771831783877,25.9599457222662,25.9935443800544,25.9881340601759,2017,2019-08-23
2017-08-24,24.7088172706655,24.8955282983056,24.9813814900174,25.1149018709745,25.209292016537,25.2649931631458,25.2697357476736,2017,2019-08-24
2017-08-25,24.8707286914063,24.8102195964294,25.0801730802859,25.3948541512812,25.6911574369201,25.8399174025776,25.896529597,2017,2019-08-25
2017-08-26,25.2182015974051,25.1767551820741,25.4257307212164,25.6391650766551,25.73795632861,25.8112163001852,25.8199646763252,2017,2019-08-26
2017-08-27,25.8905323001979,25.8093824058993,26.0448537517257,26.2753300309294,26.3878466245544,26.5025194743588,26.5548724903032,2017,2019-08-27
2017-08-28,25.2757489801412,25.3356714700868,25.3937878624606,25.4607065922511,25.4921238004387,25.543332771809,25.5514366024919,2017,2019-08-28
2017-08-29,23.3562904125139,23.7691082820833,24.4745215336944,24.7217789207454,24.8127687585903,24.8687172707789,24.9267849366921,2017,2019-08-29
2017-08-30,23.783982633838,23.5449045717674,23.9683465404792,24.328717151515,24.6618162540613,25.1837495789074,25.6415840619167,2017,2019-08-30
2017-08-31,23.2953748681516,23.5305466126493,23.7704956791424,23.9912013051863,24.1470935748611,24.2897834383299,24.3574551429583,2017,2019-08-31
2017-09-01,20.9815882161042,21.3352156363032,21.4353859401285,21.6809231113715,21.8290596414815,21.8500118783461,21.8398460223565,2017,2019-09-01
2017-09-02,20.3397353518299,20.2362451351759,20.6576624307546,21.1380747952303,21.310390555059,21.338910950581,21.3382442910475,2017,2019-09-02
2017-09-03,21.530984324919,21.3079570712662,21.6131975714074,21.8728584754583,22.1014822645972,22.2718437308542,22.3350632413704,2017,2019-09-03
2017-09-04,22.4919212292928,22.6860693145567,22.8528222961701,23.0872614749097,23.1510955598229,23.1755421773125,23.1885848554618,2017,2019-09-04
2017-09-05,20.9158390732627,20.8282142072951,21.3086883984167,21.60653677886,21.7309627053681,21.7667570740984,21.7691528858877,2017,2019-09-05
2017-09-06,20.3014461378275,20.1002461834757,20.5736056165776,20.7356005182789,20.8098734249896,20.8371372590451,20.8401874430451,2017,2019-09-06
2017-09-07,19.8694239584051,19.7611636480185,19.9567684432755,20.1152350095903,20.1738464967257,20.2090657710822,20.2095308160451,2017,2019-09-07
2017-09-08,20.1340147847083,20.0043020273727,20.5833723195451,21.0126505644954,21.4155436355694,21.755140549647,21.9492728270741,2017,2019-09-08
2017-09-09,21.1994560141829,21.3764012636863,21.6762947169664,21.8614583418599,21.9367604833032,21.9689641985544,21.969398538691,2017,2019-09-09
2017-09-10,21.1762499507176,21.2671637108287,21.4351366652824,21.5529990577535,21.5993124535741,21.6256634829039,21.6279499839954,2017,2019-09-10
2017-09-11,21.0974241824757,21.1130269298912,21.2693628173391,21.3655001941991,21.4224235119977,21.4993653536609,21.5147753885116,2017,2019-09-11
2017-09-12,20.7092491569479,20.6589190420058,20.7025477684051,20.7769400941343,20.8129477743692,20.8274627772407,20.8295210669005,2017,2019-09-12
2017-09-13,20.1918853374421,20.1320584655637,20.1503586852153,20.1684454704653,20.1596273519919,20.1588370897268,20.1559106360046,2017,2019-09-13
2017-09-14,20.2032031776366,20.1920335088426,20.2988868042685,20.4330266441562,20.5614501382407,20.7774320626481,21.0077520953183,2017,2019-09-14
2017-09-15,21.3563197305822,21.516100562044,22.0291675083125,22.7541585175949,22.9826944391956,23.1567703666319,23.2699030773681,2017,2019-09-15
2017-09-16,21.4517083615891,21.594694639794,22.0719418873194,23.189289212912,23.6846442497951,23.9674164638484,24.2306742329595,2017,2019-09-16
2017-09-17,22.2353898236597,22.4724918891632,22.8317962791424,23.6405076730382,24.2461153886377,24.4435958624687,24.5365984576285,2017,2019-09-17
2017-09-18,22.4213170772072,22.6142915422859,23.0706650709722,23.6509176860486,24.2090761201192,24.5831628622685,24.8005140951331,2017,2019-09-18
2017-09-19,23.2024337403426,23.6086839580787,23.7396278427569,23.8252538495532,23.8534277553102,23.8906285292442,23.9126912029097,2017,2019-09-19
2017-09-20,23.4147694073455,23.6153013132141,24.1099830128947,24.5027795604259,24.6366979249977,24.7357180842569,24.7764990669421,2017,2019-09-20
2017-09-21,23.321518742274,23.5179982165647,23.9078508337974,24.6774323524934,24.6841067671851,26.1362266676124,26.4979308270023,2017,2019-09-21
2017-09-22,23.8939424821782,24.0657197550023,24.5693617120949,25.6416894053206,25.6416894053206,26.805448570875,27.3475075135857,2017,2019-09-22
2017-09-23,24.0965161568021,24.3088158973113,24.8708259885336,25.7468509315394,25.7468509315394,26.6541657796782,27.1563227895521,2017,2019-09-23
2017-09-24,25.2596847906736,25.1414150540278,25.5508196576157,25.875545169713,25.875545169713,26.1163923305023,26.1549126095903,2017,2019-09-24
2017-09-25,25.2741388308113,25.1846546019363,25.5624405424838,26.1331851364225,26.1331851364225,26.653737880081,26.8409098827685,2017,2019-09-25
2017-09-26,24.5392623125984,24.5303451907002,24.7711977869525,25.4299825909444,25.4299825909444,26.6833490246458,26.952411516419,2017,2019-09-26
2017-09-27,22.0400163780313,22.4707636791771,22.5546825963762,22.9562421861204,22.9562421861204,23.4208332243854,23.4375625916134,2017,2019-09-27
2017-09-28,21.5932653401192,21.6565897714884,21.7771118975463,21.8880892453137,21.8880892453137,22.1088402502338,22.0960130264861,2017,2019-09-28
2017-09-29,21.1233792087928,21.2245138688808,21.3557443343935,21.4748609824792,21.4748609824792,21.5746418382315,21.560634991184,2017,2019-09-29
2017-09-30,20.3633008929768,20.4804506275046,20.5733390872188,20.6968236371262,20.6968236371262,20.8513014889768,20.8329722077535,2017,2019-09-30
2017-10-01,19.6428980015938,19.7465403353877,19.8546888623299,19.9875390861528,19.9875390861528,20.1043179780729,20.0886866612894,2017,2019-10-01
2017-10-02,20.6370258381852,20.4479082213715,20.7056848988958,20.8817797447488,20.8817797447488,21.0453832290451,21.0470425567396,2017,2019-10-02
2017-10-03,21.5861123647095,21.3666897868472,21.5617146132743,21.6190132661227,21.6190132661227,21.6684500119537,21.6657089354965,2017,2019-10-03
2017-10-04,20.9617463497419,21.0539050495602,21.09808948536,21.29642766014,21.29642766014,21.4877043865914,21.4924920414225,2017,2019-10-04
2017-10-05,20.8096717804086,20.8267429846215,20.8139357737523,20.8193768900428,20.8193768900428,20.8390117455602,20.832749004735,2017,2019-10-05
2017-10-06,21.4690606933299,21.2681476718796,21.3936927638241,21.4690940933611,21.4690940933611,21.5774669090926,21.5991159105637,2017,2019-10-06
2017-10-07,21.7451785320567,21.7910050603889,21.7887601226493,21.7911420401562,21.7911420401562,21.7939069910521,21.7822851565266,2017,2019-10-07
2017-10-08,20.2591660493056,20.6455041488507,20.9249781713576,21.1513912309213,21.1513912309213,21.1932208172095,21.1865394544028,2017,2019-10-08
2017-10-09,19.2164755071481,19.2727550250683,19.8331639820926,20.255482957603,20.255482957603,20.5042691456551,20.5253621535556,2017,2019-10-09
2017-10-10,20.2479277870463,19.9637920692465,20.4085064092118,20.585839519956,20.585839519956,20.7296518893287,20.7386069677025,2017,2019-10-10
2017-10-11,20.0975122079074,20.2631868582338,20.2485241094294,20.2487131153773,20.2487131153773,20.2426735224942,20.227397267706,2017,2019-10-11
2017-10-12,19.6139733980359,19.6121202585937,19.851614462316,19.9864575088426,19.9864575088426,20.0683709661065,20.1011143036933,2017,2019-10-12
2017-10-13,20.0809006752373,19.9860745184942,20.1995337907847,20.3118484665648,20.3118484665648,20.4386074910313,20.471242008022,2017,2019-10-13
2017-10-14,20.8958813191389,20.739192848603,20.8418546834444,20.8719295630058,20.8719295630058,20.8956383088843,20.8946736447894,2017,2019-10-14
2017-10-15,19.4628348035289,19.846386471125,19.8383996316308,19.8438895601146,19.8438895601146,19.8351251198518,19.8152019483449,2017,2019-10-15
2017-10-16,17.8926233473657,18.1212781418576,18.1459744495787,18.1982640302002,18.1982640302002,18.2314717232743,18.2128312135648,2017,2019-10-16
2017-10-17,17.6298914269583,17.6905843585324,17.7623333477685,17.8205474808137,17.8205474808137,17.8458324546875,17.8329662906551,2017,2019-10-17
2017-10-18,17.7672200701597,17.6808004660625,17.8670062543681,17.9629071985602,17.9629071985602,17.9968990146319,17.9911189449363,2017,2019-10-18
2017-10-19,17.8526413038796,17.8514356430405,17.9162096706516,17.9936563455625,17.9936563455625,18.0382452923657,18.0432006394583,2017,2019-10-19
2017-10-20,18.4376772557349,18.2978655082542,18.5380241340526,18.7058423528299,18.7278392325113,18.8539011478151,18.9089967061929,2017,2019-10-20
2017-10-21,18.586685641184,18.5274701202338,18.6031833831447,18.65365040064,18.6817034347384,18.6968152606944,18.6925391910266,2017,2019-10-21
2017-10-22,18.4863364742338,18.5206852461227,18.518849885875,18.5183741629329,18.518879568434,18.5185417419711,18.5150486643356,2017,2019-10-22
2017-10-23,17.6728881289977,17.803251926956,17.798256177588,17.7973092966655,17.7958979121134,17.7910460851771,17.7788063814687,2017,2019-10-23
2017-10-24,16.5900860531574,16.4277850889907,16.4133668377188,16.4095002722535,16.4063417767732,16.3990982501898,16.3817274346181,2017,2019-10-24
2017-10-25,15.288475709412,15.2294165938877,15.2095855348599,15.2185211503785,15.2211686252685,15.2206177704687,15.2020073468553,2017,2019-10-25
2017-10-26,15.1376687263947,14.606772701088,14.8464277902141,14.9681685746794,14.9912310590532,14.9979175293218,14.9922869407315,2017,2019-10-26
2017-10-27,15.1110566277188,14.3839494341273,14.3701921742801,14.3676684748056,14.3664141659641,14.361642661978,14.3455070302303,2017,2019-10-27
2017-10-28,12.3553311000359,10.4962737637141,11.4390811260347,12.5499111557627,12.5813320644873,12.5823090080509,12.5689300043137,2017,2019-10-28
2017-10-29,11.2866996206782,9.84767348308333,10.333767477059,10.802116372125,10.8646387724155,10.8702059449838,10.8583242939109,2017,2019-10-29
2017-10-30,11.2553139945775,10.295404062081,10.3606225079514,10.3774320915833,10.3817539599363,10.3802064332373,10.3627534883634,2017,2019-10-30
2017-10-31,10.2859875544711,9.16202766266898,9.60473927937153,9.72058425211921,9.77120148092477,9.80678483138542,9.80082801298148,2017,2019-10-31
2017-11-01,9.50939518848495,8.69792851504977,9.05398868367593,9.28532768772569,9.37525295361111,9.41566818229861,9.42348689541667,2017,2019-11-01
2017-11-02,11.4264210090845,11.304633892963,11.3817937566644,11.4566607731354,11.5087638980405,11.5447348685012,11.5668021746852,2017,2019-11-02
2017-11-03,12.364413630684,12.2429511880787,12.3839624917049,12.3991877572234,12.3919611943368,12.3899092984965,12.3779423253982,2017,2019-11-03
2017-11-04,12.3478731924919,11.8589707612126,11.9517851951341,12.0274709685664,12.0522001758792,12.0590247263744,12.0617218208418,2017,2019-11-04
2017-11-05,14.008220906338,13.5622868387859,13.5790077613079,13.5861451688796,13.591251596419,13.5986392164757,13.604375691831,2017,2019-11-05
2017-11-06,13.3224450858727,13.7745686568009,13.7939822114861,13.8165590118345,13.8259171689606,13.8263328003345,13.8177103158484,2017,2019-11-06
2017-11-07,11.8603768068623,12.0209494635347,12.0209409946551,12.0209814399016,12.0210681807905,12.018875820941,12.0092830631204,2017,2019-11-07
2017-11-08,11.9452161335313,11.980182810213,12.1240855718634,12.1887592507616,12.2029000507026,12.2065985993669,12.2026031692755,2017,2019-11-08
2017-11-09,10.6910820326701,11.0637375524931,11.124661645022,11.1679792739016,11.1840091388542,11.1972517538576,11.1959023442014,2017,2019-11-09
2017-11-10,9.58309485211343,9.59709581858102,9.64589948623611,9.67546987332523,9.68662605436111,9.68823572303125,9.67327636563426,2017,2019-11-10
2017-11-11,9.06220841740856,9.14966740317245,9.19383073015278,9.24247047517361,9.27014384005555,9.29443952718866,9.2980996340787,2017,2019-11-11
2017-11-12,8.86021694015046,8.89928550872801,8.88965510707639,8.89638066573495,8.9046168989919,8.91303906222685,8.91242823824421,2017,2019-11-12
2017-11-13,8.38595541591435,8.81298434015046,8.68484212761458,8.69071768910764,8.692333624375,8.69170933348148,8.68341368410533,2017,2019-11-13
2017-11-14,7.64496232614815,7.59828578209028,7.84653207965741,7.95565942277778,7.97609855826968,7.9831320285625,7.97582978182407,2017,2019-11-14
2017-11-15,7.51013923422569,7.40405779862384,7.45358421773495,7.47498419619792,7.48566780842361,7.48812995677662,7.48212974381018,2017,2019-11-15
2017-11-16,7.18213513359607,7.19258560038658,7.20886703578588,7.25790692096991,7.27258179522222,7.27102087319792,7.25963321566435,2017,2019-11-16
2017-11-17,7.39470228535532,7.20327756049074,7.22087014720833,7.2283128876169,7.23251212633912,7.2348340867581,7.2343143293831,2017,2019-11-17
2017-11-18,8.87201148774074,8.64265465691667,8.64991953741551,8.65417347839699,8.65799423167014,8.66062233577315,8.65985307473611,2017,2019-11-18
2017-11-19,8.43478607503588,8.23030909937269,8.31576525130093,8.35408044295718,8.35802638134375,8.35276367184375,8.32715371893403,2017,2019-11-19
2017-11-20,7.71814220811921,6.53307929372454,6.5720855824456,6.59141035847338,6.60192060257639,6.60702155970023,6.59951866668866,2017,2019-11-20
2017-11-21,7.15542458484954,6.53185481595949,6.53466779141435,6.53690956809375,6.53916825164005,6.53966241934607,6.53433266310648,2017,2019-11-21
2017-11-22,6.82940196784722,6.04386151999421,6.00216617875695,5.93095356889352,5.9121194130544,5.90179168697685,5.87747235513657,2017,2019-11-22
2017-11-23,6.41079033593056,5.50621888994907,5.51004026099421,5.63450131195949,5.66911309584259,5.67251269884954,5.64999494618981,2017,2019-11-23
2017-11-24,6.48388839039931,5.56964371353935,5.61525490451389,5.65935691045718,5.68113286815046,5.68975705033333,5.68420900184028,2017,2019-11-24
2017-11-25,6.94438889115625,6.33699271638889,6.32931802213773,6.32763736222685,6.32734346378472,6.3229941480787,6.29927862016319,2017,2019-11-25
2017-11-26,7.12531153598727,6.47209725477778,6.31846157036574,6.21002404241551,6.19756915669213,6.20151722598495,6.17597228764699,2017,2019-11-26
2017-11-27,6.97787096234722,6.18150596344329,6.22935464666667,6.3371361413044,6.33888336247338,6.33957199894329,6.32369201788426,2017,2019-11-27
2017-11-28,6.81430688050395,6.28250612403241,6.27345088290278,6.29304909476852,6.3033007484213,6.31446308784722,6.31763674368981,2017,2019-11-28
2017-11-29,7.00550124260355,6.92963819401779,6.94038103831717,6.93982524911844,6.90548167359167,6.92706751878681,6.94772193214722,2017,2019-11-29
2017-11-30,7.3185525,7.27139638749769,7.14848424819676,7.03642010556597,6.98506851351736,6.95959989293519,6.93961972374537,2017,2019-11-30
2017-12-01,6.68984916666667,6.60994901562963,6.74060685591088,6.81488204355556,6.83029217723727,6.83923568547917,6.8388882564838,2017,2019-12-01
2017-12-02,6.28854125,6.17685718914005,6.31474754845255,6.47192456891319,6.54002547923032,6.56630740634606,6.55589246701042,2017,2019-12-02
2017-12-03,6.30500229166667,6.24525543203704,6.50049841664815,6.6775981668669,6.83148678295255,6.98808087777894,7.06350890939468,2017,2019-12-03
2017-12-04,7.19672104166667,6.96231040740857,6.96510116201389,6.96705188290278,6.96985387589236,6.97484491902199,6.97848482255208,2017,2019-12-04
2017-12-05,6.52673083333333,6.79805846579745,6.78802278633102,6.78050009650926,6.77501952558102,6.76333511666204,6.74500552942014,2017,2019-12-05
2017-12-06,5.89299729166667,5.91004349667361,5.90310595293634,5.89805502048495,5.89469819404282,5.88749321499653,5.87392227943403,2017,2019-12-06
2017-12-07,4.93909208333333,5.12836072066898,5.0650891411875,5.05289834273727,5.04393036396412,5.02519831419907,4.99339497434722,2017,2019-12-07
2017-12-08,4.13416375,4.0504989364838,4.01022036378704,3.98744033082639,3.95358931598958,3.88889908774653,3.8027727159919,2017,2019-12-08
2017-12-09,3.35591875,3.45996287936111,3.44596114840046,3.43236925653472,3.42185467701389,3.40346328533449,3.38437176183912,2017,2019-12-09
2017-12-10,3.00831333333333,2.99780483222685,3.03544093323958,2.95752345528935,2.86247546795023,2.78181341005556,2.71500640929745,2017,2019-12-10
2017-12-11,2.70803512195122,2.50604805926587,2.57107658511111,2.48756244908333,2.41775103649206,2.38106846119444,2.35676542573413,2017,2019-12-11
2017-12-12,2.39264583333333,NA,NA,NA,NA,NA,NA,2017,2019-12-12
2017-12-13,1.76326354166667,NA,NA,NA,NA,NA,NA,2017,2019-12-13
2017-12-14,2.5989,NA,NA,NA,NA,NA,NA,2017,2019-12-14
2017-12-15,2.03919895833333,NA,NA,NA,NA,NA,NA,2017,2019-12-15
2017-12-16,2.76297729166667,NA,NA,NA,NA,NA,NA,2017,2019-12-16
2017-12-17,2.96176708333333,NA,NA,NA,NA,NA,NA,2017,2019-12-17
2017-12-18,3.05189729166667,NA,NA,NA,NA,NA,NA,2017,2019-12-18
2017-12-19,3.57589479166667,NA,NA,NA,NA,NA,NA,2017,2019-12-19
2017-12-20,3.81968354166667,NA,NA,NA,NA,NA,NA,2017,2019-12-20
2017-12-21,4.1317725,NA,NA,NA,NA,NA,NA,2017,2019-12-21
2017-12-22,4.33634125,NA,NA,NA,NA,NA,NA,2017,2019-12-22
2017-12-23,4.23856833333333,NA,NA,NA,NA,NA,NA,2017,2019-12-23
2017-12-24,3.04575041666667,NA,NA,NA,NA,NA,NA,2017,2019-12-24
2017-12-25,1.94331395833333,NA,NA,NA,NA,NA,NA,2017,2019-12-25
2017-12-26,1.92522229166667,NA,NA,NA,NA,NA,NA,2017,2019-12-26
2017-12-27,2.50942145833333,NA,NA,NA,NA,NA,NA,2017,2019-12-27
2017-12-28,2.62603520833333,NA,NA,NA,NA,NA,NA,2017,2019-12-28
2017-12-29,2.56071375,NA,NA,NA,NA,NA,NA,2017,2019-12-29
2017-12-30,2.33709625,NA,NA,NA,NA,NA,NA,2017,2019-12-30
2017-12-31,2.266374375,NA,NA,NA,NA,NA,NA,2017,2019-12-31
2018-01-01,2.165341875,NA,NA,NA,NA,NA,NA,2018,2019-01-01
2018-01-02,2.12326791666667,NA,NA,NA,NA,NA,NA,2018,2019-01-02
2018-01-03,2.10346729166667,NA,NA,NA,NA,NA,NA,2018,2019-01-03
2018-01-04,2.10949875,NA,NA,NA,NA,NA,NA,2018,2019-01-04
2018-01-05,2.13894166666667,NA,NA,NA,NA,NA,NA,2018,2019-01-05
2018-01-06,2.13085833333333,NA,NA,NA,NA,NA,NA,2018,2019-01-06
2018-01-07,2.10563895833333,NA,NA,NA,NA,NA,NA,2018,2019-01-07
2018-01-08,2.215945,NA,NA,NA,NA,NA,NA,2018,2019-01-08
2018-01-09,2.67499770833333,NA,NA,NA,NA,NA,NA,2018,2019-01-09
2018-01-10,2.84756604166667,NA,NA,NA,NA,NA,NA,2018,2019-01-10
2018-01-11,2.832544375,NA,NA,NA,NA,NA,NA,2018,2019-01-11
2018-01-12,2.6654725,NA,NA,NA,NA,NA,NA,2018,2019-01-12
2018-01-13,2.35172645833333,NA,NA,NA,NA,NA,NA,2018,2019-01-13
2018-01-14,2.27875770833333,NA,NA,NA,NA,NA,NA,2018,2019-01-14
2018-01-15,2.30787020833333,NA,NA,NA,NA,NA,NA,2018,2019-01-15
2018-01-16,2.39129854166667,NA,NA,NA,NA,NA,NA,2018,2019-01-16
2018-01-17,2.53183354166667,NA,NA,NA,NA,NA,NA,2018,2019-01-17
2018-01-18,2.54104166666667,NA,NA,NA,NA,NA,NA,2018,2019-01-18
2018-01-19,2.70282666666667,NA,NA,NA,NA,NA,NA,2018,2019-01-19
2018-01-20,2.93813791666667,NA,NA,NA,NA,NA,NA,2018,2019-01-20
2018-01-21,3.11787729166667,NA,NA,NA,NA,NA,NA,2018,2019-01-21
2018-01-22,3.04433354166667,NA,NA,NA,NA,NA,NA,2018,2019-01-22
2018-01-23,3.72242625,NA,NA,NA,NA,NA,NA,2018,2019-01-23
2018-01-24,3.18126229166667,NA,NA,NA,NA,NA,NA,2018,2019-01-24
2018-01-25,2.73286958333333,NA,NA,NA,NA,NA,NA,2018,2019-01-25
2018-01-26,2.95634333333333,NA,NA,NA,NA,NA,NA,2018,2019-01-26
2018-01-27,3.51410395833333,NA,NA,NA,NA,NA,NA,2018,2019-01-27
2018-01-28,3.993884375,NA,NA,NA,NA,NA,NA,2018,2019-01-28
2018-01-29,3.51935583333333,NA,NA,NA,NA,NA,NA,2018,2019-01-29
2018-01-30,3.32980958333333,NA,NA,NA,NA,NA,NA,2018,2019-01-30
2018-01-31,3.195946875,NA,NA,NA,NA,NA,NA,2018,2019-01-31
2018-02-01,1.82022945833333,NA,NA,NA,NA,NA,NA,2018,2019-02-01
2018-02-02,1.60568208333333,NA,NA,NA,NA,NA,NA,2018,2019-02-02
2018-02-03,2.99482708333333,NA,NA,NA,NA,NA,NA,2018,2019-02-03
2018-02-04,1.61176160416667,NA,NA,NA,NA,NA,NA,2018,2019-02-04
2018-02-05,2.01745520833333,NA,NA,NA,NA,NA,NA,2018,2019-02-05
2018-02-06,2.57642666666667,NA,NA,NA,NA,NA,NA,2018,2019-02-06
2018-02-07,2.03447333333333,NA,NA,NA,NA,NA,NA,2018,2019-02-07
2018-02-08,2.42368729166667,NA,NA,NA,NA,NA,NA,2018,2019-02-08
2018-02-09,2.48153375,NA,NA,NA,NA,NA,NA,2018,2019-02-09
2018-02-10,2.62535104166667,NA,NA,NA,NA,NA,NA,2018,2019-02-10
2018-02-11,2.02681729166667,NA,NA,NA,NA,NA,NA,2018,2019-02-11
2018-02-12,2.98211583333333,NA,NA,NA,NA,NA,NA,2018,2019-02-12
2018-02-13,2.87939145833333,NA,NA,NA,NA,NA,NA,2018,2019-02-13
2018-02-14,3.20523541666667,NA,NA,NA,NA,NA,NA,2018,2019-02-14
2018-02-15,5.97195854166667,NA,NA,NA,NA,NA,NA,2018,2019-02-15
2018-02-16,6.40804020833333,NA,NA,NA,NA,NA,NA,2018,2019-02-16
2018-02-17,4.30064416666667,NA,NA,NA,NA,NA,NA,2018,2019-02-17
2018-02-18,5.111411875,NA,NA,NA,NA,NA,NA,2018,2019-02-18
2018-02-19,7.25222083333333,NA,NA,NA,NA,NA,NA,2018,2019-02-19
2018-02-20,10.011234375,NA,NA,NA,NA,NA,NA,2018,2019-02-20
2018-02-21,7.74805083333333,NA,NA,NA,NA,NA,NA,2018,2019-02-21
2018-02-22,6.55444291666667,NA,NA,NA,NA,NA,NA,2018,2019-02-22
2018-02-23,8.06840395833333,NA,NA,NA,NA,NA,NA,2018,2019-02-23
2018-02-24,8.53844083333333,NA,NA,NA,NA,NA,NA,2018,2019-02-24
2018-02-25,8.440729375,NA,NA,NA,NA,NA,NA,2018,2019-02-25
2018-02-26,NA,NA,NA,NA,NA,NA,NA,2018,2019-02-26
2018-02-27,NA,NA,NA,NA,NA,NA,NA,2018,2019-02-27
2018-02-28,NA,NA,NA,NA,NA,NA,NA,2018,2019-02-28
2018-03-01,NA,NA,NA,NA,NA,NA,NA,2018,2019-03-01
2018-03-02,NA,NA,NA,NA,NA,NA,NA,2018,2019-03-02
2018-03-03,NA,NA,NA,NA,NA,NA,NA,2018,2019-03-03
2018-03-04,NA,NA,NA,NA,NA,NA,NA,2018,2019-03-04
2018-03-05,NA,NA,NA,NA,NA,NA,NA,2018,2019-03-05
2018-03-06,NA,NA,NA,NA,NA,NA,NA,2018,2019-03-06
2018-03-07,NA,NA,NA,NA,NA,NA,NA,2018,2019-03-07
2018-03-08,NA,NA,NA,NA,NA,NA,NA,2018,2019-03-08
2018-03-09,NA,NA,NA,NA,NA,NA,NA,2018,2019-03-09
2018-03-10,NA,NA,NA,NA,NA,NA,NA,2018,2019-03-10
2018-03-11,NA,NA,NA,NA,NA,NA,NA,2018,2019-03-11
2018-03-12,NA,NA,NA,NA,NA,NA,NA,2018,2019-03-12
2018-03-13,NA,NA,NA,NA,NA,NA,NA,2018,2019-03-13
2018-03-14,NA,NA,NA,NA,NA,NA,NA,2018,2019-03-14
2018-05-07,NA,NA,NA,NA,NA,NA,NA,2018,2019-05-07
2018-05-08,20.2518944444444,20.85,20.886,20.9172722222222,20.9423944444444,20.9498611111111,20.9374166666667,2018,2019-05-08
2018-05-09,20.6677708333333,21.0650854166667,21.095425,21.1119791666667,21.1219270833333,21.1277625,21.1235416666667,2018,2019-05-09
2018-05-10,18.0102666666667,18.4416604166667,18.9813375,19.7246333333333,20.0349125,20.0868041666667,20.0898958333333,2018,2019-05-10
2018-05-11,21.50708125,21.2933458333333,21.4613604166667,21.5640145833333,21.6315104166667,21.67594375,21.6808895833333,2018,2019-05-11
2018-05-12,20.9228208333333,21.1287520833333,21.3646875,21.77066875,21.95933125,22.03140625,22.0476583333333,2018,2019-05-12
2018-05-13,21.3753166666667,21.6765104166667,21.8919833333333,22.2020416666667,22.4032020833333,22.46973125,22.4860875,2018,2019-05-13
2018-05-14,23.3492479166667,23.57389375,23.87494375,24.056875,24.18569375,24.28941875,24.32066875,2018,2019-05-14
2018-05-15,23.0569666666667,23.4268145833333,23.7426416666667,24.2446979166667,24.6274854166667,24.8015729166667,24.8321354166667,2018,2019-05-15
2018-05-16,23.4238,23.84319375,24.09768125,24.2456791666667,24.3399270833333,24.4484270833333,24.4879520833333,2018,2019-05-16
2018-05-17,23.5718416666667,24.10755625,24.3888354166667,24.50481875,24.5784020833333,24.6158458333333,24.6125916666667,2018,2019-05-17
2018-05-18,22.5939520833333,22.932075,23.1417979166667,23.2253520833333,23.2519166666667,23.25835,23.2503541666667,2018,2019-05-18
2018-05-19,22.7055520833333,22.9178583333333,23.1483604166667,23.21901875,23.2498916666667,23.2697645833333,23.2662520833333,2018,2019-05-19
2018-05-20,22.4671166666667,22.8308875,23.2611895833333,23.79121875,24.4142,25.0763458333333,25.5187666666667,2018,2019-05-20
2018-05-21,22.5498354166667,23.1935166666667,24.31313125,24.77106875,24.9962625,25.1222791666667,25.1473375,2018,2019-05-21
2018-05-22,22.06190625,22.1743354166667,23.2791625,23.7547,24.1198,24.4990770833333,24.5646854166667,2018,2019-05-22
2018-05-23,22.3971416666667,22.7393041666667,23.608175,24.0230020833333,24.2838791666667,24.3959083333333,24.3983395833333,2018,2019-05-23
2018-05-24,23.8723479166667,24.1841708333333,24.90414375,25.2398916666667,25.36821875,25.4615333333333,25.4682916666667,2018,2019-05-24
2018-05-25,24.8883145833333,25.4147645833333,26.2136541666667,26.5857875,26.7149333333333,26.8463583333333,26.8754291666667,2018,2019-05-25
2018-05-26,25.13424375,25.9722270833333,26.5614791666667,26.7061020833333,26.7712666666667,26.8179208333333,26.8258125,2018,2019-05-26
2018-05-27,25.4496958333333,26.191375,27.6325979166667,28.2781791666667,28.5614166666667,28.99585,29.30408125,2018,2019-05-27
2018-05-28,26.88094375,27.6546166666667,28.6219854166667,29.0357604166667,29.28841875,29.5148208333333,29.5996479166667,2018,2019-05-28
2018-05-29,27.0481604166667,27.79745,28.138,28.2195125,28.2557083333333,28.2765541666667,28.26650625,2018,2019-05-29
2018-05-30,26.1294291666667,26.6664854166667,26.6709583333333,26.6748395833333,26.6771479166667,26.6762020833333,26.6682708333333,2018,2019-05-30
2018-05-31,26.162525,26.6379333333333,26.74661875,26.7999541666667,26.8392354166667,26.869725,26.8668,2018,2019-05-31
2018-06-01,25.256,25.634025,25.828125,26.07788125,26.3394833333333,26.47934375,26.49420625,2018,2019-06-01
2018-06-02,25.4576770833333,25.8109583333333,26.2077979166667,26.4957791666667,26.705475,27.0901333333333,27.28835,2018,2019-06-02
2018-06-03,23.93536875,24.2389833333333,24.9038375,25.3166833333333,25.41906875,25.4450291666667,25.4358020833333,2018,2019-06-03
2018-06-04,23.8812708333333,24.0960645833333,24.2518520833333,24.31300625,24.34084375,24.3533208333333,24.3402208333333,2018,2019-06-04
2018-06-05,23.129675,23.2822520833333,23.4893833333333,23.5854833333333,23.6322145833333,23.6500645833333,23.6397333333333,2018,2019-06-05
2018-06-06,24.0203375,24.3078895833333,24.7143416666667,24.9769333333333,25.15225,25.2585229166667,25.25834375,2018,2019-06-06
2018-06-07,24.6839166666667,25.4899916666667,25.8732583333333,25.9647166666667,26.0187395833333,26.0393375,26.026775,2018,2019-06-07
2018-06-08,24.6796354166667,24.92790625,25.0618875,25.2538375,25.4254895833333,25.72650625,25.75586875,2018,2019-06-08
2018-06-09,26.3710604166667,26.17384375,26.4741729166667,26.6108854166667,26.7026520833333,26.7509020833333,26.7438,2018,2019-06-09
2018-06-10,25.2728375,25.5765979166667,25.6121645833333,25.6404979166667,25.6555479166667,25.6591458333333,25.641675,2018,2019-06-10
2018-06-11,24.88346875,24.90233125,25.22130625,25.3122875,25.3620104166667,25.3839479166667,25.3776395833333,2018,2019-06-11
2018-06-12,25.29145625,25.2513520833333,25.2987395833333,25.3138729166667,25.3231770833333,25.32983125,25.3184854166667,2018,2019-06-12
2018-06-13,24.9783625,25.1358208333333,25.41455,25.6263854166667,25.7404479166667,25.83450625,25.8321125,2018,2019-06-13
2018-06-14,25.7676104166667,25.6556604166667,26.07530625,26.3965020833333,26.5390958333333,26.7378375,26.8472125,2018,2019-06-14
2018-06-15,26.77629375,26.6007541666667,27.2418208333333,27.6163729166667,27.7698208333333,28.0839104166667,28.1833083333333,2018,2019-06-15
2018-06-16,27.74851875,27.7821875,28.2297583333333,28.4851166666667,28.7069458333333,29.0797145833333,29.13928125,2018,2019-06-16
2018-06-17,27.77436875,27.69104375,28.2553208333333,28.9142416666667,29.3779125,29.9634395833333,30.0732895833333,2018,2019-06-17
2018-06-18,28.15831875,28.1281333333333,28.5231875,28.9733375,29.4442270833333,29.7112625,29.71984375,2018,2019-06-18
2018-06-19,27.9876375,28.0035645833333,28.3204166666667,28.68499375,28.9875208333333,29.1580208333333,29.1892666666667,2018,2019-06-19
2018-06-20,27.695925,28.00493125,28.3349979166667,28.68189375,28.95705,29.0665770833333,29.0628416666667,2018,2019-06-20
2018-06-21,25.29505,26.1357041666667,27.13381875,27.4272520833333,27.4953166666667,27.50843125,27.4883875,2018,2019-06-21
2018-06-22,25.4637958333333,25.9560416666667,27.06,27.27963125,27.3276375,27.3500916666667,27.3360875,2018,2019-06-22
2018-06-23,25.2700979166667,25.8667833333333,26.2981854166667,26.4096770833333,26.46868125,26.5066375,26.5078145833333,2018,2019-06-23
2018-06-24,25.39920625,25.57155,25.8128979166667,26.0741708333333,26.2899041666667,26.4357145833333,26.44915,2018,2019-06-24
2018-06-25,24.6059916666667,24.7574208333333,25.2008083333333,25.3648458333333,25.4310229166667,25.4438666666667,25.4345104166667,2018,2019-06-25
2018-06-26,23.4093166666667,23.7139833333333,24.4877104166667,24.65555625,24.7171666666667,24.7295104166667,24.7249916666667,2018,2019-06-26
2018-06-27,23.1312666666667,23.8285333333333,24.6812520833333,24.8457020833333,24.9114291666667,24.9545958333333,24.97284375,2018,2019-06-27
2018-06-28,24.6039416666667,24.7561166666667,25.1901854166667,25.5073333333333,25.94905,26.67006875,27.3018958333333,2018,2019-06-28
2018-06-29,27.02044375,27.3348,28.205575,28.5817854166667,28.7444625,28.8424416666667,28.8627354166667,2018,2019-06-29
2018-06-30,28.1493916666667,28.6440645833333,29.4192104166667,29.86600625,30.0844,30.339025,30.4940895833333,2018,2019-06-30
2018-07-01,29.8612145833333,30.2803333333333,30.45300625,30.5187604166667,30.5707270833333,30.6225666666667,30.6204041666667,2018,2019-07-01
2018-07-02,29.3091625,29.7743645833333,29.85963125,29.9391125,30.0533604166667,30.4396854166667,30.58908125,2018,2019-07-02
2018-07-03,29.2942333333333,29.72026875,29.87284375,29.943025,30.000825,30.0377770833333,30.0283520833333,2018,2019-07-03
2018-07-04,28.7504645833333,29.06565625,29.6488270833333,30.44755,31.2327895833333,31.74700625,31.9479208333333,2018,2019-07-04
2018-07-05,27.55165,27.82069375,28.0176604166667,28.3566979166667,28.55920625,28.87763125,28.9519645833333,2018,2019-07-05
2018-07-06,26.92173125,27.19139375,27.3277041666667,27.4349916666667,27.48405625,27.5104229166667,27.4963145833333,2018,2019-07-06
2018-07-07,26.8110520833333,26.9771270833333,27.2115666666667,27.3487708333333,27.4517895833333,27.50455,27.4888666666667,2018,2019-07-07
2018-07-08,27.31744375,27.4544208333333,27.8935041666667,28.4728166666667,28.9193354166667,29.3987895833333,29.6357333333333,2018,2019-07-08
2018-07-09,26.95909375,27.1747604166667,27.29830625,27.5625520833333,27.9368479166667,28.37464375,28.46374375,2018,2019-07-09
2018-07-10,27.2513229166667,27.6176604166667,27.7743229166667,28.0150104166667,28.3195791666667,28.6326541666667,28.66295,2018,2019-07-10
2018-07-11,27.3305,27.7743083333333,28.00744375,28.2476729166667,28.3924875,28.4843020833333,28.46875625,2018,2019-07-11
2018-07-12,27.58618125,28.2457979166667,28.5570270833333,28.7843333333333,28.9325979166667,29.0090895833333,28.99763125,2018,2019-07-12
2018-07-13,27.6156520833333,28.07830625,28.3474625,28.6829541666667,29.0618979166667,29.5854979166667,29.75384375,2018,2019-07-13
2018-07-14,28.195325,28.87455625,29.1763083333333,29.5297083333333,29.88013125,30.3001958333333,30.5389833333333,2018,2019-07-14
2018-07-15,29.2984166666667,30.0956458333333,30.2021625,30.2792666666667,30.3225375,30.38505625,30.4005083333333,2018,2019-07-15
2018-07-16,28.65761875,29.1801166666667,29.3890104166667,29.6518083333333,29.85443125,29.9843604166667,30.0431979166667,2018,2019-07-16
2018-07-17,27.260425,27.4892416666667,27.7222520833333,28.08328125,28.18663125,28.23306875,28.2190458333333,2018,2019-07-17
2018-07-18,27.5736604166667,28.0272,28.2695895833333,28.4175333333333,28.5280416666667,28.6188458333333,28.6144625,2018,2019-07-18
2018-07-19,27.69179375,28.05205625,28.23515,28.3289208333333,28.39339375,28.4392520833333,28.4246958333333,2018,2019-07-19
2018-07-20,26.1686020833333,26.2384895833333,26.2717354166667,26.2969854166667,26.2969479166667,26.3014395833333,26.2842,2018,2019-07-20
2018-07-21,25.2733229166667,25.24939375,25.3129125,25.3435520833333,25.34855625,25.366775,25.3529416666667,2018,2019-07-21
2018-07-22,24.5567729166667,24.5525875,24.8217625,24.9929104166667,25.0539291666667,25.0933791666667,25.0819020833333,2018,2019-07-22
2018-07-23,24.517975,24.53945625,24.69341875,24.9476354166667,25.15475625,25.2862854166667,25.2819916666667,2018,2019-07-23
2018-07-24,24.6552395833333,24.7950895833333,24.8501395833333,24.95825625,25.1015666666667,25.2156666666667,25.2302145833333,2018,2019-07-24
2018-07-25,24.6484458333333,24.8304395833333,24.9750520833333,25.2718166666667,25.64776875,25.8937270833333,25.9142541666667,2018,2019-07-25
2018-07-26,25.8629729166667,26.2863604166667,26.7359979166667,26.8779145833333,26.9572375,27.0392604166667,27.0361604166667,2018,2019-07-26
2018-07-27,25.4910145833333,25.73865,25.8470854166667,26.1003625,26.1966104166667,26.2492270833333,26.2337041666667,2018,2019-07-27
2018-07-28,25.35825625,25.5158833333333,25.7744375,26.0410916666667,26.3073208333333,26.6917708333333,26.8277895833333,2018,2019-07-28
2018-07-29,25.7950291666667,26.0118333333333,26.27150625,26.51186875,26.6990479166667,26.8861145833333,26.974175,2018,2019-07-29
2018-07-30,25.3931458333333,25.5884895833333,25.6252458333333,25.66245,25.6879583333333,25.7007666666667,25.6856458333333,2018,2019-07-30
2018-07-31,25.0161729166667,25.1686104166667,25.2801375,25.3895333333333,25.450625,25.4851416666667,25.47746875,2018,2019-07-31
2018-08-01,24.7451020833333,24.9175875,25.0261291666667,25.1346375,25.23976875,25.43175625,25.52925,2018,2019-08-01
2018-08-02,25.9682583333333,26.4380875,26.70814375,26.8724416666667,27.0051104166667,27.1874041666667,27.2529708333333,2018,2019-08-02
2018-08-03,26.0002708333333,26.35856875,26.7395104166667,27.3943125,27.7571958333333,27.9387791666667,27.956025,2018,2019-08-03
2018-08-04,26.1935020833333,26.5895291666667,26.7459625,27.09120625,27.5287125,28.1477520833333,28.3159520833333,2018,2019-08-04
2018-08-05,27.2100666666667,27.9009645833333,28.4252958333333,28.7507416666667,28.945075,29.08155625,29.0913354166667,2018,2019-08-05
2018-08-06,27.69563125,28.5305354166667,28.9157291666667,29.2930208333333,29.4264104166667,29.5579270833333,29.57299375,2018,2019-08-06
2018-08-07,26.9882,27.3773770833333,27.6829020833333,28.0687520833333,28.3048645833333,28.5054020833333,28.5365416666667,2018,2019-08-07
2018-08-08,27.01311875,27.4917895833333,27.60614375,27.8293791666667,28.043025,28.1449979166667,28.1503208333333,2018,2019-08-08
2018-08-09,26.94509375,27.34495625,27.4664104166667,27.646125,27.9421895833333,28.3242479166667,28.4903,2018,2019-08-09
2018-08-10,27.1964395833333,27.6345583333333,27.7854770833333,27.9590625,28.2034645833333,28.4945541666667,28.5180708333333,2018,2019-08-10
2018-08-11,26.8663020833333,27.2663666666667,27.4402854166667,27.6028166666667,27.69741875,27.7750958333333,27.8138479166667,2018,2019-08-11
2018-08-12,26.7000645833333,27.0341229166667,27.28310625,27.4397604166667,27.5593958333333,27.6712708333333,27.6765645833333,2018,2019-08-12
2018-08-13,26.5781943227441,26.89374,27.040465,27.3329175,27.7847,28.12325,28.20389,2018,2019-08-13
2018-08-26,26.461308804544,26.4833641929,26.4996468243333,26.5092656237778,26.5114902820889,26.5165378910111,26.5001876720556,2018,2019-08-26
2018-08-27,29.1843438413123,26.7565800152753,26.8147089694405,26.8569374569169,26.9275350011434,26.9082308237591,26.753643777347,2018,2019-08-27
2018-08-28,28.2971777047407,28.2174529860139,28.3403945847593,28.4774490089028,28.5749018048958,28.6422140195463,28.5704633001759,2018,2019-08-28
2018-08-29,27.5085747438542,27.7366690831597,27.9229803145625,28.2027473557847,28.2951622599144,28.3145219380139,28.3174175482708,2018,2019-08-29
2018-08-30,26.4510063963565,26.5707715789583,26.6578849246782,26.8603744645718,27.1350093310417,27.3649814180116,27.5778921496782,2018,2019-08-30
2018-08-31,27.5477063895301,27.3979801982616,27.5820750451875,27.7770627601042,27.9460082262708,28.0717165531366,28.1954656071088,2018,2019-08-31
2018-09-01,27.1639304821435,27.2778449226389,27.3170798662616,27.3626446066505,27.3956391338218,27.4093802139468,27.4088770384236,2018,2019-09-01
2018-09-02,27.9921900034167,27.9613379089745,28.1414049646366,28.2890595513356,28.3657037019352,28.4654389939282,28.5053633896852,2018,2019-09-02
2018-09-03,28.1715460244954,28.3266156003704,28.5101596519792,29.01246931975,29.1768484989699,29.2812591895393,29.324978866037,2018,2019-09-03
2018-09-04,28.9570355268426,28.9601061455741,29.2083911687986,29.6939909234444,29.865753007331,30.0008596007546,30.0370174069954,2018,2019-09-04
2018-09-05,28.6052723163542,28.6137446192616,28.7860898183079,28.9989817077917,29.1245738846389,29.225599219044,29.3100252450926,2018,2019-09-05
2018-09-06,26.9374550088657,27.109664221537,27.2209082338611,27.5590162872801,27.7890614807593,27.8892789941157,28.0022175332222,2018,2019-09-06
2018-09-07,26.0715247033426,26.3035030435023,26.3157405041806,26.3457351643056,26.3705128932546,26.3824281460486,26.3784929163472,2018,2019-09-07
2018-09-08,21.3178051392847,21.9390688879884,22.1703390630255,22.7824395216551,23.1993837243449,23.3972486741829,23.4657231199468,2018,2019-09-08
2018-09-09,18.3490137833889,18.0352339544028,19.2045928162454,20.7831942154653,21.9492243555394,22.4073623732893,22.5064545769468,2018,2019-09-09
2018-09-10,18.2162825054375,18.0464370672014,18.7898234712222,20.4233302254352,21.1431914248889,21.2101405266852,21.2147479519769,2018,2019-09-10
2018-09-11,20.1505577442153,20.1264430644306,21.5818518560116,22.1330391392014,22.290397384081,22.371387551287,22.3903873646157,2018,2019-09-11
2018-09-12,20.5669868295857,20.623315473162,21.3185370209167,21.6418507008495,21.8333213682083,21.963130464044,22.0109903912801,2018,2019-09-12
2018-09-13,21.6013854626944,21.4825335342708,22.2482662074352,22.9355637748634,23.7082472896551,24.2429438824653,24.4837400145139,2018,2019-09-13
2018-09-14,21.7285806052384,21.6819323555093,22.0060419434768,22.5518284127315,23.2785652348125,23.7988803387083,23.9572596780602,2018,2019-09-14
2018-09-15,23.2803835943704,23.0880370245,23.5250831735787,23.9527923191343,24.3420639775069,24.5481915490741,24.6110733681829,2018,2019-09-15
2018-09-16,24.5469121360393,24.6158568911065,24.9553479814699,25.0471968529352,25.1016062349699,25.1277324129167,25.1485162714074,2018,2019-09-16
2018-09-17,22.029404644419,22.3189496687014,22.6392325513287,23.0678389685417,23.7429033599144,23.9947498313727,24.0423952643079,2018,2019-09-17
2018-09-18,23.8149239397384,23.674505201588,24.1494515323056,24.7945494015,25.1605474414861,25.4214028348704,25.5387400306134,2018,2019-09-18
2018-09-19,24.5232881297431,24.4227625986875,25.436613670625,26.079769546037,26.2363689889306,26.4860061516713,26.6708863635,2018,2019-09-19
2018-09-20,26.5514247704421,26.4066580162454,26.6812158738357,26.7782338357037,26.8387218857176,26.9092176180023,26.9203536686644,2018,2019-09-20
2018-09-21,23.9509382670185,24.6508136359421,24.9195425649028,25.3903446735857,25.5386912663403,25.5718472890093,25.5660531327222,2018,2019-09-21
2018-09-22,21.9835720958032,22.2359457318032,22.3082015544954,22.4498251286898,22.5106789541019,22.5260904451366,22.5136886595926,2018,2019-09-22
2018-09-23,22.0452912155463,21.9808866484861,22.2399232373866,22.3701728088125,22.4573722855625,22.5079352334861,22.5019487534792,2018,2019-09-23
2018-09-24,21.8482788684329,21.8975453773241,21.8985392518704,21.898725237169,21.8938590463681,21.8988688391736,21.8959286866759,2018,2019-09-24
2018-09-25,21.3907045270116,21.6972508014167,21.8225027824051,21.8538398736134,21.8589485165486,21.8657280650347,21.8628747743796,2018,2019-09-25
2018-09-26,19.4543758306528,19.9133645481227,20.2033803300463,20.5869479299491,20.7543246576343,20.8006644067176,20.7952477023819,2018,2019-09-26
2018-09-27,17.4381619961898,17.8710830786273,18.7682313756644,19.3411529568194,19.5244376317199,19.5633529203542,19.5587006893843,2018,2019-09-27
2018-09-28,18.2062861571458,18.694427265375,19.82805728825,20.0906808103657,20.2180883040926,20.3039363514745,20.3153606300764,2018,2019-09-28
2018-09-29,19.6733436590718,19.819637365625,20.6207122682616,20.7670066542407,20.8583140192199,20.9568237949005,20.9941794353056,2018,2019-09-29
2018-09-30,20.5876014969977,20.7659002965694,21.1666418800532,21.2795769362199,21.345275009669,21.3858782259051,21.3755950661921,2018,2019-09-30
2018-10-01,21.9459804512917,21.7343663255486,21.9044806000741,21.9784350856458,22.0466877627546,22.1797445492153,22.2175700416458,2018,2019-10-01
2018-10-02,21.2721977924491,21.4289501463588,21.5768960178009,21.9549544394514,22.3897491872245,22.5207989356898,22.5151795267176,2018,2019-10-02
2018-10-03,22.9184603784884,22.7888374913796,22.8827466749769,22.9253194603102,22.950836303875,22.9911041062685,22.9868290217569,2018,2019-10-03
2018-10-04,20.8425429981667,21.1858029036343,21.3095487436551,21.7964125638264,22.0574005625116,22.1039584062569,22.0917677681366,2018,2019-10-04
2018-10-05,21.4597956007778,21.3763027958588,21.5922778281088,21.7116766582824,21.7616035716782,21.7912884131759,21.7881056086667,2018,2019-10-05
2018-10-06,23.0138766696389,22.9014014454676,22.9980564590694,23.0637908905486,23.1082045090069,23.1559336914653,23.1575755097361,2018,2019-10-06
2018-10-07,23.8639508126713,23.8327676775903,24.0876910438032,24.2337256113704,24.2951104664028,24.3502914062847,24.3659971838264,2018,2019-10-07
2018-10-08,24.6658711516782,24.642596626537,24.7706437493912,24.8148841233287,24.8474140977431,24.8680829801991,24.8734524618657,2018,2019-10-08
2018-10-09,24.3546344742153,24.4535981003796,24.4788816506829,24.4917871451273,24.4938680248287,24.4933750589699,24.4958470116481,2018,2019-10-09
2018-10-10,23.1270110915718,23.480427552169,23.4822481860046,23.4841339609722,23.4818119821574,23.4738567960162,23.4730080206574,2018,2019-10-10
2018-10-11,20.1658666857986,20.4275247821991,20.425401644544,20.4264159767292,20.4266777027778,20.4163323578982,20.408376914375,2018,2019-10-11
2018-10-12,18.1957789640162,18.3645335118634,18.3987793419838,18.4232470062037,18.4410047231319,18.434850250331,18.4285122896736,2018,2019-10-12
2018-10-13,16.7612929144329,17.1070647652361,17.5393333693819,17.6868343310926,17.7328721877037,17.7344460155046,17.7330611194329,2018,2019-10-13
2018-10-14,16.1741969142268,16.0412602554143,16.6304111611782,16.8321147718935,16.8710850674167,16.8720734567315,16.8710760274144,2018,2019-10-14
2018-10-15,16.0766989986204,16.2881204718981,16.2819602461782,16.2805073551088,16.2802254097153,16.2703934764583,16.2612370199954,2018,2019-10-15
2018-10-16,15.1199345385718,14.9589193573472,15.0693335667338,15.131293353544,15.1643020302245,15.1722004289028,15.1665919384861,2018,2019-10-16
2018-10-17,14.9607811657639,14.9840614387662,14.9843865988704,14.9880071897407,14.9928984511111,14.988352415088,14.9819847501111,2018,2019-10-17
2018-10-18,14.5440918482153,14.4292352998287,14.7440723209259,15.0127700860671,15.1276100518542,15.3004400950556,15.3710020012523,2018,2019-10-18
2018-10-19,14.7038936728495,14.5342776801366,14.5964912386181,14.6261505611319,14.6416015505625,14.6419333811019,14.6377156973449,2018,2019-10-19
2018-10-20,14.0712710027431,13.9303766396273,13.9325368191875,13.9318682252454,13.9298518592338,13.9237195032546,13.9177494690995,2018,2019-10-20
2018-10-21,12.9876095343773,12.5026422704491,12.6542504310231,12.7928455585602,12.8883038341343,12.9450989897894,12.9575357381736,2018,2019-10-21
2018-10-22,13.2828338443472,12.9263967466759,12.9536826803866,12.9687415681667,12.9787719333171,12.9816437693843,12.9790986183843,2018,2019-10-22
2018-10-23,13.0931396818657,12.7785374375579,12.7834492324676,12.7920639027315,12.8012822053148,12.8005190645324,12.7917588210602,2018,2019-10-23
2018-10-24,12.5364632524491,12.1270410456296,12.2293568685139,12.3537354302106,12.4243701287361,12.4489068288542,12.4472769934769,2018,2019-10-24
2018-10-25,12.1357531665579,11.6793115553241,11.9387646411065,12.0342820085301,12.0642724628727,12.0690046457893,12.0642752163611,2018,2019-10-25
2018-10-26,11.9324751993102,11.6077219530787,11.6770170113518,11.7133451669005,11.7248939885532,11.723127196463,11.7201124955509,2018,2019-10-26
2018-10-27,11.8067841629213,11.3807518962361,11.3903041458565,11.400092107581,11.4102512531551,11.4175641629838,11.4118306541551,2018,2019-10-27
2018-10-28,11.8237721182778,11.4230562405532,11.4262574208102,11.4260122066782,11.4227967684398,11.4180835513912,11.4138766493495,2018,2019-10-28
2018-10-29,11.6253430693032,11.4020437122986,11.4099053798727,11.4188023296528,11.426544422875,11.4267072282245,11.419596164544,2018,2019-10-29
2018-10-30,11.6464546220648,11.3317383685995,11.3348115629074,11.3369950529352,11.3368856699653,11.3383384166829,11.3385528627847,2018,2019-10-30
2018-10-31,12.0750216719051,12.015516348625,12.0601663373148,12.102582276912,12.1256691293657,12.1501059285208,12.1600305586736,2018,2019-10-31
2018-11-01,10.0561204087847,10.2259620795787,10.2323590484676,10.2350472940347,10.2335464893981,10.2319471980208,10.2265816155023,2018,2019-11-01
2018-11-02,9.89160455668055,9.57258915638194,9.55819516499768,9.548678917875,9.5438191283588,9.53374212445139,10.1374962652732,2018,2019-11-02
2018-11-03,10.1647870168472,9.79826286489372,9.8464545621715,9.91451522722705,9.95016769115942,9.97776507911111,NA,2018,2019-11-03
2018-11-04,10.7019326635208,10.4344266781296,10.4253145060278,10.4173910188634,10.4099238045486,10.4054321056829,NA,2018,2019-11-04
2018-11-05,11.4549529303403,11.1627267515393,11.1832999916204,11.2037830826134,11.2165195129861,11.2242295676319,NA,2018,2019-11-05
2018-11-06,11.2076205546158,11.298865985125,11.2953831754931,11.2922030277801,11.2883574092685,11.2813665068426,NA,2018,2019-11-06
2018-11-07,10.3662894596898,10.2326291640255,10.1894663081111,10.1792691960509,10.1797721837801,10.1761969183449,NA,2018,2019-11-07
2018-11-08,9.17409784019445,8.81496055922917,8.90673974253704,9.24168801005556,9.41592522057407,9.44230425672685,NA,2018,2019-11-08
2018-11-09,8.62750619165046,8.61128829774074,8.6395675778588,8.74064122398611,8.77174214005787,8.76541155863426,NA,2018,2019-11-09
2018-11-10,6.97682569936343,7.59195984629861,7.62737139476157,7.7629603459537,7.8046136561713,7.79930537198843,NA,2018,2019-11-10
2018-11-11,5.51723494096759,5.46732986260417,5.65816075854861,6.02459401210185,6.16029152496991,6.18793045727083,NA,2018,2019-11-11
2018-11-12,5.770062021375,5.72701438987731,6.2257369996412,6.70691774543056,7.01587509128009,7.06589001183102,NA,2018,2019-11-12
2018-11-13,5.7884455885,5.97846984589352,5.98784031218056,5.99575252600463,5.99797778627083,5.9940955575787,NA,2018,2019-11-13
2018-11-14,4.79461874040741,4.98189108952315,5.11295351627546,5.37159927663194,5.53471899426157,5.56110640356713,NA,2018,2019-11-14
2018-11-15,4.29382508210648,4.33647767256944,4.52330293249769,4.60765401503704,4.6451301264375,4.65136713142824,NA,2018,2019-11-15
2018-11-16,4.98959326704398,4.87182333446991,4.81898799759954,4.70949872996528,4.68080372809722,4.64975945697685,NA,2018,2019-11-16
2018-11-17,6.12787612055556,5.88827553296065,5.86768402356713,5.81011444590278,5.74495642190741,5.68454779678704,NA,2018,2019-11-17
2018-11-18,6.86919392953472,6.70141649180556,6.66836635447222,6.58416862740972,6.49190188550463,6.47194518332176,NA,2018,2019-11-18
2018-11-19,6.56411987801852,6.65062488066898,6.61174272216435,6.54446700565278,6.44815189350926,6.32230374608565,NA,2018,2019-11-19
2018-11-20,5.90918229796991,6.08069522509954,6.07634180983565,6.07005977178472,6.06112447239815,6.04867972482639,NA,2018,2019-11-20
2018-11-21,5.88519730907176,5.91788652593982,5.88680215723611,5.84984364683565,5.83970874046296,5.82820153144907,NA,2018,2019-11-21
2018-11-22,5.37870590503472,5.458234387125,5.45015357991204,5.44560393962037,5.43074367844676,5.42205539931713,NA,2018,2019-11-22
2018-11-23,5.38696829882407,5.24377104265972,5.2461520042338,5.24546456653241,5.24287983965278,5.24292948688426,NA,2018,2019-11-23
2018-11-24,6.9635728881088,6.67351101518981,6.64694138219907,6.63346762624768,6.63469648269907,6.63863201159028,NA,2018,2019-11-24
2018-11-25,7.65954967019213,7.58215682146759,7.59949820610185,7.60915150110185,7.61268011616204,7.61739803503935,NA,2018,2019-11-25
2018-11-26,5.93312042529398,6.26352831723148,6.25977402780556,6.25243641866667,6.24241771731019,6.23326266332639,NA,2018,2019-11-26
2018-11-27,4.77096518535185,4.70946911581713,4.7061898731713,4.69873320641898,4.6886561317037,4.67770065603935,NA,2018,2019-11-27
2018-11-28,4.16257601963889,4.06974986219444,4.09318803092824,4.08997553912963,4.08258809243056,4.07121540014815,NA,2018,2019-11-28
2018-11-29,3.19510841351389,3.18984794519444,3.23824981830324,3.41934442605556,3.48010257040741,3.4893191464537,NA,2018,2019-11-29
2018-11-30,4.57633737058565,4.23205358902315,4.19901134267593,4.2407853711875,4.28353102770602,4.37549776328009,NA,2018,2019-11-30
2018-12-01,6.82731688768519,6.29208097518056,6.34232234646296,6.40337800788194,6.44806435466898,6.48665485936574,NA,2018,2019-12-01
2018-12-02,8.14058566962037,8.31667945753472,8.32503334654861,8.32956198212037,8.3284964566713,8.32844374366667,NA,2018,2019-12-02
2018-12-03,6.25304243807407,6.52332332112963,6.52153555994907,6.51786447237732,6.51072055507639,6.50507452978472,NA,2018,2019-12-03
2018-12-04,5.59198274006019,5.66011955546528,5.65175321724768,5.64054925275,5.62775763310417,5.61508643079398,NA,2018,2019-12-04
2018-12-05,4.79821272015741,4.99671175840046,4.99751341681944,4.9914043605463,4.98253131627315,4.97364436184722,NA,2018,2019-12-05
2018-12-06,3.80470407940509,4.06863465321759,4.04552265960648,4.01728934203241,3.99175136037269,3.95932482780556,NA,2018,2019-12-06
2018-12-07,2.68800777002083,2.82543674753009,2.78066035098148,2.79741141489815,2.82692166895602,2.82231584794907,NA,2018,2019-12-07
2018-12-08,2.40150820579398,2.48554072764815,2.52674212678935,2.5961703173287,2.66689387751852,2.69331474415972,NA,2018,2019-12-08
2018-12-09,2.42754491702778,2.46843920531481,2.40903080372222,2.38348222553704,2.32884312520602,2.28021518228472,NA,2018,2019-12-09
2018-12-10,1.93767377724074,1.91558397101389,2.04212416575926,2.34764490374768,2.5755202516713,2.56322404248611,NA,2018,2019-12-10
2018-12-11,2.3685401281875,2.41076295844907,2.59960982743055,2.6725959168912,2.69724472339352,2.64701950958102,NA,2018,2019-12-11
2018-12-12,2.78090017783565,2.54272991775694,2.56558496871528,2.61101192803009,2.58481034765278,2.5250527360463,NA,2018,2019-12-12
